scenario,N,seed,method,coverage,K,throughput_Mbps,mean_user_rate_Mbps,p5_rate_Mbps,qos_violation,jain_fairness,time_s
four_cluster,100,10000,kmeans_grid,0.95000000,5,10676.73107366,106.76731074,0.00000000,0.05000000,0.59576375,0.00100000
four_cluster,100,10000,gno,1.00000000,10,2703.75833203,27.03758332,9.80703058,0.00000000,0.55463338,0.00100000
four_cluster,100,10000,alns_no_refine,1.00000000,6,4581.66624284,45.81666243,13.18734791,0.00000000,0.52766862,0.00600000
four_cluster,100,10000,fixed_gno_refine,1.00000000,10,9213.49130989,92.13491310,17.95628682,0.00000000,0.76596772,0.01500000
four_cluster,100,10000,alns_sca_lite,1.00000000,6,6925.06602297,69.25066023,10.25501173,0.00000000,0.67495681,0.02300000
four_cluster,100,10000,pso_low_3x4,1.00000000,6,6170.70829695,61.70708297,4.84288998,0.00000000,0.42152137,0.00600000
four_cluster,100,10000,pso_mid_6x8,1.00000000,6,4033.19553510,40.33195535,2.66294804,0.00000000,0.62086059,0.02100000
four_cluster,100,10000,pso_high_12x16,1.00000000,6,11299.77291631,112.99772916,10.47430801,0.00000000,0.55916960,0.06100000
four_cluster,100,10001,kmeans_grid,0.90000000,5,9865.99135949,98.65991359,0.00000000,0.10000000,0.57535223,0.00400000
four_cluster,100,10001,gno,1.00000000,10,3017.03899751,30.17038998,5.24597477,0.00000000,0.74051967,0.00200000
four_cluster,100,10001,alns_no_refine,1.00000000,7,3444.29238866,34.44292389,2.30701346,0.00000000,0.62065297,0.00900000
four_cluster,100,10001,fixed_gno_refine,1.00000000,10,8056.71116246,80.56711162,22.75697314,0.00000000,0.76012727,0.02200000
four_cluster,100,10001,alns_sca_lite,1.00000000,8,6184.26687271,61.84266873,15.75924459,0.00000000,0.69423695,0.03100000
four_cluster,100,10001,pso_low_3x4,1.00000000,8,6286.25963704,62.86259637,3.81134134,0.00000000,0.41326511,0.02200000
four_cluster,100,10001,pso_mid_6x8,1.00000000,8,7480.79793571,74.80797936,12.45580424,0.00000000,0.45205509,0.03600000
four_cluster,100,10001,pso_high_12x16,1.00000000,8,8086.85349534,80.86853495,14.93869950,0.00000000,0.49596996,0.12200000
four_cluster,100,10002,kmeans_grid,0.89000000,5,9479.82850694,94.79828507,0.00000000,0.11000000,0.53555727,0.00300000
four_cluster,100,10002,gno,1.00000000,10,3264.85305117,32.64853051,3.05644689,0.00000000,0.70700563,0.00200000
four_cluster,100,10002,alns_no_refine,1.00000000,7,3917.27340929,39.17273409,2.75485804,0.00000000,0.66630937,0.01200000
four_cluster,100,10002,fixed_gno_refine,1.00000000,10,8484.21112400,84.84211124,14.91843914,0.00000000,0.73342916,0.01800000
four_cluster,100,10002,alns_sca_lite,1.00000000,6,10528.91444283,105.28914443,22.14596513,0.00000000,0.74891087,0.02300000
four_cluster,100,10002,pso_low_3x4,1.00000000,6,8969.66917577,89.69669176,18.11803455,0.00000000,0.57991409,0.00700000
four_cluster,100,10002,pso_mid_6x8,1.00000000,6,8321.27643979,83.21276440,7.60668374,0.00000000,0.44915969,0.02600000
four_cluster,100,10002,pso_high_12x16,1.00000000,6,10850.50436983,108.50504370,7.09896068,0.00000000,0.62493723,0.09600000
four_cluster,100,10003,kmeans_grid,0.89000000,5,9207.27905205,92.07279052,0.00000000,0.11000000,0.61297791,0.00200000
four_cluster,100,10003,gno,1.00000000,10,2244.68647038,22.44686470,6.51939619,0.00000000,0.72754509,0.00200000
four_cluster,100,10003,alns_no_refine,1.00000000,7,2427.03363310,24.27033633,4.09193714,0.00000000,0.60731013,0.01200000
four_cluster,100,10003,fixed_gno_refine,1.00000000,10,6797.37892719,67.97378927,15.21843697,0.00000000,0.65865312,0.02200000
four_cluster,100,10003,alns_sca_lite,1.00000000,7,6415.50738140,64.15507381,8.86175109,0.00000000,0.73517381,0.02800000
four_cluster,100,10003,pso_low_3x4,1.00000000,7,4966.64946703,49.66649467,3.19263522,0.00000000,0.50473102,0.00700000
four_cluster,100,10003,pso_mid_6x8,1.00000000,7,7331.06009790,73.31060098,18.80634158,0.00000000,0.55022809,0.02300000
four_cluster,100,10003,pso_high_12x16,1.00000000,7,10600.90585466,106.00905855,3.41269989,0.00000000,0.58368424,0.08800000
four_cluster,100,10004,kmeans_grid,0.92000000,5,11042.05611733,110.42056117,0.00000000,0.08000000,0.65429186,0.00200000
four_cluster,100,10004,gno,1.00000000,10,2859.07668224,28.59076682,6.42998243,0.00000000,0.50121211,0.00100000
four_cluster,100,10004,alns_no_refine,1.00000000,5,4034.14583737,40.34145837,2.16014920,0.00000000,0.38242807,0.00900000
four_cluster,100,10004,fixed_gno_refine,1.00000000,10,6248.66482731,62.48664827,17.48048772,0.00000000,0.75126609,0.01700000
four_cluster,100,10004,alns_sca_lite,1.00000000,6,8045.17480707,80.45174807,20.10612348,0.00000000,0.72477568,0.01900000
four_cluster,100,10004,pso_low_3x4,1.00000000,6,5323.75399499,53.23753995,2.64449665,0.00000000,0.37656543,0.00500000
four_cluster,100,10004,pso_mid_6x8,1.00000000,6,6846.70366149,68.46703661,16.00998434,0.00000000,0.53494138,0.02100000
four_cluster,100,10004,pso_high_12x16,1.00000000,6,7995.00268254,79.95002683,9.21727847,0.00000000,0.43949371,0.06500000
four_cluster,100,10005,kmeans_grid,0.90000000,5,11015.22556257,110.15225563,0.00000000,0.10000000,0.64271821,0.00100000
four_cluster,100,10005,gno,1.00000000,10,4000.42000325,40.00420003,11.80513080,0.00000000,0.66163670,0.00200000
four_cluster,100,10005,alns_no_refine,1.00000000,7,5569.86495296,55.69864953,13.55704242,0.00000000,0.60115942,0.00800000
four_cluster,100,10005,fixed_gno_refine,1.00000000,10,9062.95110811,90.62951108,20.25934421,0.00000000,0.79556394,0.01300000
four_cluster,100,10005,alns_sca_lite,1.00000000,6,10491.08849959,104.91088500,7.06376791,0.00000000,0.53056814,0.01800000
four_cluster,100,10005,pso_low_3x4,0.99000000,6,5879.94264826,58.79942648,1.26960590,0.01000000,0.56589198,0.00500000
four_cluster,100,10005,pso_mid_6x8,1.00000000,6,9318.17495073,93.18174951,16.08323180,0.00000000,0.52577228,0.02100000
four_cluster,100,10005,pso_high_12x16,1.00000000,6,9570.78324126,95.70783241,20.28147040,0.00000000,0.55272340,0.06700000
four_cluster,100,10006,kmeans_grid,0.85000000,5,10249.18552512,102.49185525,0.00000000,0.15000000,0.60231114,0.00200000
four_cluster,100,10006,gno,1.00000000,10,2945.09635657,29.45096357,5.70839777,0.00000000,0.65347465,0.00100000
four_cluster,100,10006,alns_no_refine,1.00000000,6,3700.37810259,37.00378103,1.49480363,0.00000000,0.58927876,0.00800000
four_cluster,100,10006,fixed_gno_refine,1.00000000,10,7959.90541897,79.59905419,17.53447631,0.00000000,0.74804560,0.01400000
four_cluster,100,10006,alns_sca_lite,1.00000000,7,3441.76406755,34.41764068,3.44616670,0.00000000,0.62556632,0.02100000
four_cluster,100,10006,pso_low_3x4,1.00000000,7,7065.94778379,70.65947784,13.83682746,0.00000000,0.52178585,0.00600000
four_cluster,100,10006,pso_mid_6x8,1.00000000,7,6906.90590186,69.06905902,17.12694232,0.00000000,0.69079363,0.04800000
four_cluster,100,10006,pso_high_12x16,1.00000000,7,11294.33094787,112.94330948,11.87479048,0.00000000,0.53014905,0.10900000
four_cluster,100,10007,kmeans_grid,0.90000000,5,8875.73393000,88.75733930,0.00000000,0.10000000,0.60904992,0.00100000
four_cluster,100,10007,gno,1.00000000,10,3481.54294280,34.81542943,7.37984711,0.00000000,0.64042400,0.00400000
four_cluster,100,10007,alns_no_refine,1.00000000,7,4357.84257883,43.57842579,1.78924717,0.00000000,0.60894276,0.01200000
four_cluster,100,10007,fixed_gno_refine,1.00000000,10,8150.84167261,81.50841673,18.12984216,0.00000000,0.78730130,0.02700000
four_cluster,100,10007,alns_sca_lite,1.00000000,6,7725.60350655,77.25603507,17.52751717,0.00000000,0.70717862,0.02400000
four_cluster,100,10007,pso_low_3x4,0.98000000,6,5147.95490271,51.47954903,1.08905392,0.02000000,0.46053504,0.00800000
four_cluster,100,10007,pso_mid_6x8,1.00000000,6,8175.53539723,81.75535397,16.75469415,0.00000000,0.46446480,0.01900000
four_cluster,100,10007,pso_high_12x16,1.00000000,6,8710.21647489,87.10216475,15.28817797,0.00000000,0.60508774,0.07400000
four_cluster,100,10008,kmeans_grid,0.92000000,5,10626.17226772,106.26172268,0.00000000,0.08000000,0.64263768,0.00200000
four_cluster,100,10008,gno,1.00000000,10,2809.96057987,28.09960580,11.07296241,0.00000000,0.62574658,0.00200000
four_cluster,100,10008,alns_no_refine,1.00000000,6,4063.51572697,40.63515727,1.97758723,0.00000000,0.55779937,0.00700000
four_cluster,100,10008,fixed_gno_refine,1.00000000,10,8529.87571046,85.29875710,22.52713156,0.00000000,0.75954123,0.01700000
four_cluster,100,10008,alns_sca_lite,1.00000000,7,6315.01068076,63.15010681,14.71497192,0.00000000,0.65777646,0.02300000
four_cluster,100,10008,pso_low_3x4,1.00000000,7,4755.42069307,47.55420693,6.24172746,0.00000000,0.58255785,0.00600000
four_cluster,100,10008,pso_mid_6x8,1.00000000,7,7699.09567528,76.99095675,16.43798675,0.00000000,0.55724770,0.02100000
four_cluster,100,10008,pso_high_12x16,1.00000000,7,9140.09558279,91.40095583,21.22986196,0.00000000,0.66300695,0.06700000
four_cluster,100,10009,kmeans_grid,0.91000000,5,11199.63745330,111.99637453,0.00000000,0.09000000,0.63654770,0.00500000
four_cluster,100,10009,gno,1.00000000,10,4186.20021946,41.86200219,13.05867181,0.00000000,0.64025588,0.00200000
four_cluster,100,10009,alns_no_refine,1.00000000,6,5432.70383345,54.32703833,0.99126412,0.00000000,0.57848748,0.00800000
four_cluster,100,10009,fixed_gno_refine,1.00000000,10,7638.84956250,76.38849563,13.00583791,0.00000000,0.70678834,0.01400000
four_cluster,100,10009,alns_sca_lite,1.00000000,7,9450.44499816,94.50444998,16.45277924,0.00000000,0.73480899,0.01900000
four_cluster,100,10009,pso_low_3x4,1.00000000,7,3495.05817560,34.95058176,9.19055460,0.00000000,0.62890739,0.00700000
four_cluster,100,10009,pso_mid_6x8,1.00000000,7,8358.99317321,83.58993173,18.70764340,0.00000000,0.56665536,0.01900000
four_cluster,100,10009,pso_high_12x16,1.00000000,7,8528.45497894,85.28454979,16.55752279,0.00000000,0.58941315,0.06600000
four_cluster,100,10010,kmeans_grid,0.96000000,5,9700.49677619,97.00496776,0.73232576,0.04000000,0.64718648,0.00100000
four_cluster,100,10010,gno,1.00000000,10,2512.18581738,25.12185817,5.08856337,0.00000000,0.70667838,0.00200000
four_cluster,100,10010,alns_no_refine,1.00000000,7,3661.20256555,36.61202566,1.77415276,0.00000000,0.52858615,0.00900000
four_cluster,100,10010,fixed_gno_refine,1.00000000,10,8068.64479605,80.68644796,22.04852088,0.00000000,0.75950697,0.01300000
four_cluster,100,10010,alns_sca_lite,1.00000000,7,6198.46668571,61.98466686,14.05215649,0.00000000,0.57269606,0.01900000
four_cluster,100,10010,pso_low_3x4,0.99000000,7,6317.40625005,63.17406250,4.23278180,0.01000000,0.48911018,0.00700000
four_cluster,100,10010,pso_mid_6x8,1.00000000,7,5956.99493386,59.56994934,4.36766417,0.00000000,0.62652177,0.02300000
four_cluster,100,10010,pso_high_12x16,1.00000000,7,8922.10507432,89.22105074,13.38881343,0.00000000,0.64432718,0.07400000
four_cluster,100,10011,kmeans_grid,0.83000000,5,8510.21996735,85.10219967,0.00000000,0.17000000,0.55769603,0.00100000
four_cluster,100,10011,gno,1.00000000,10,3929.67012302,39.29670123,7.32929822,0.00000000,0.64452668,0.00200000
four_cluster,100,10011,alns_no_refine,1.00000000,6,4913.66067367,49.13660674,4.28427233,0.00000000,0.58703659,0.00600000
four_cluster,100,10011,fixed_gno_refine,1.00000000,10,6768.68103273,67.68681033,11.91257354,0.00000000,0.69362799,0.01500000
four_cluster,100,10011,alns_sca_lite,1.00000000,6,7956.52184163,79.56521842,15.83021123,0.00000000,0.66648347,0.01900000
four_cluster,100,10011,pso_low_3x4,0.99000000,6,7873.70007687,78.73700077,1.62304249,0.01000000,0.43921561,0.00500000
four_cluster,100,10011,pso_mid_6x8,1.00000000,6,7450.17564122,74.50175641,15.24011233,0.00000000,0.54484454,0.01500000
four_cluster,100,10011,pso_high_12x16,1.00000000,6,10546.50467692,105.46504677,17.46570970,0.00000000,0.58833421,0.06700000
four_cluster,100,10012,kmeans_grid,0.75000000,5,6911.58027937,69.11580279,0.00000000,0.25000000,0.41907853,0.00400000
four_cluster,100,10012,gno,1.00000000,10,2622.31802119,26.22318021,8.70066119,0.00000000,0.68684369,0.00200000
four_cluster,100,10012,alns_no_refine,1.00000000,6,4398.43325053,43.98433251,2.32290617,0.00000000,0.60381855,0.01000000
four_cluster,100,10012,fixed_gno_refine,1.00000000,10,8198.53585569,81.98535856,21.22849715,0.00000000,0.74838382,0.01800000
four_cluster,100,10012,alns_sca_lite,1.00000000,7,6652.76650521,66.52766505,17.43376081,0.00000000,0.68516757,0.02400000
four_cluster,100,10012,pso_low_3x4,1.00000000,7,7202.18577635,72.02185776,5.91088705,0.00000000,0.59452383,0.00600000
four_cluster,100,10012,pso_mid_6x8,1.00000000,7,6690.36469808,66.90364698,16.92975479,0.00000000,0.54873346,0.02800000
four_cluster,100,10012,pso_high_12x16,1.00000000,7,11366.34429895,113.66344299,12.74575126,0.00000000,0.54285000,0.09800000
four_cluster,100,10013,kmeans_grid,0.89000000,5,11223.30472286,112.23304723,0.00000000,0.11000000,0.63056533,0.00200000
four_cluster,100,10013,gno,1.00000000,10,3066.72498255,30.66724983,8.58095870,0.00000000,0.56691553,0.00100000
four_cluster,100,10013,alns_no_refine,1.00000000,6,3552.31017860,35.52310179,1.86368162,0.00000000,0.54409641,0.01000000
four_cluster,100,10013,fixed_gno_refine,1.00000000,10,3066.72498255,30.66724983,8.58095870,0.00000000,0.56691553,0.01700000
four_cluster,100,10013,alns_sca_lite,1.00000000,7,3577.06435651,35.77064357,4.16100567,0.00000000,0.54520166,0.02400000
four_cluster,100,10013,pso_low_3x4,1.00000000,7,7214.58287346,72.14582873,14.85976787,0.00000000,0.66730093,0.00700000
four_cluster,100,10013,pso_mid_6x8,1.00000000,7,8331.06003800,83.31060038,8.29690504,0.00000000,0.58108546,0.02000000
four_cluster,100,10013,pso_high_12x16,1.00000000,7,10518.16127968,105.18161280,14.10882899,0.00000000,0.48990817,0.06700000
four_cluster,100,10014,kmeans_grid,0.90000000,5,10391.11349949,103.91113499,0.00000000,0.10000000,0.60069253,0.00200000
four_cluster,100,10014,gno,1.00000000,10,3278.70036492,32.78700365,1.82322026,0.00000000,0.70013671,0.00100000
four_cluster,100,10014,alns_no_refine,1.00000000,7,3720.80023964,37.20800240,1.17998269,0.00000000,0.60515562,0.01400000
four_cluster,100,10014,fixed_gno_refine,1.00000000,10,8649.11921371,86.49119214,19.89572503,0.00000000,0.77803514,0.01800000
four_cluster,100,10014,alns_sca_lite,1.00000000,6,6341.98646668,63.41986467,20.69819980,0.00000000,0.67042539,0.02500000
four_cluster,100,10014,pso_low_3x4,1.00000000,6,6449.21108052,64.49211081,5.22865664,0.00000000,0.43885428,0.00500000
four_cluster,100,10014,pso_mid_6x8,1.00000000,6,6668.77768702,66.68777687,21.07182472,0.00000000,0.75396915,0.01800000
four_cluster,100,10014,pso_high_12x16,1.00000000,6,7139.97973149,71.39979731,13.62511021,0.00000000,0.52011654,0.08500000
four_cluster,100,10015,kmeans_grid,0.93000000,5,9587.99955572,95.87999556,0.00000000,0.07000000,0.69803650,0.00200000
four_cluster,100,10015,gno,1.00000000,10,2942.96777916,29.42967779,9.57909802,0.00000000,0.55918010,0.00100000
four_cluster,100,10015,alns_no_refine,1.00000000,8,3397.45777209,33.97457772,2.56926582,0.00000000,0.54163753,0.01000000
four_cluster,100,10015,fixed_gno_refine,1.00000000,10,7811.45585848,78.11455858,20.58855011,0.00000000,0.75571665,0.01600000
four_cluster,100,10015,alns_sca_lite,1.00000000,8,8032.15749583,80.32157496,21.61414597,0.00000000,0.71701099,0.01900000
four_cluster,100,10015,pso_low_3x4,1.00000000,8,6303.45327905,63.03453279,10.99748057,0.00000000,0.52590437,0.00700000
four_cluster,100,10015,pso_mid_6x8,1.00000000,8,5828.67796236,58.28677962,13.37624265,0.00000000,0.48859299,0.02800000
four_cluster,100,10015,pso_high_12x16,1.00000000,8,7001.70573149,70.01705731,19.64827878,0.00000000,0.64508382,0.10300000
four_cluster,100,10016,kmeans_grid,0.86000000,5,10361.45788811,103.61457888,0.00000000,0.14000000,0.53412973,0.00200000
four_cluster,100,10016,gno,1.00000000,10,3311.65521298,33.11655213,2.52689339,0.00000000,0.61388235,0.00100000
four_cluster,100,10016,alns_no_refine,1.00000000,6,4339.41360382,43.39413604,1.43403693,0.00000000,0.55547423,0.01000000
four_cluster,100,10016,fixed_gno_refine,1.00000000,10,9496.49970407,94.96499704,20.64175125,0.00000000,0.78052542,0.01400000
four_cluster,100,10016,alns_sca_lite,1.00000000,7,8549.90216940,85.49902169,13.34466698,0.00000000,0.67079331,0.02100000
four_cluster,100,10016,pso_low_3x4,1.00000000,7,3685.74543346,36.85745433,15.25250507,0.00000000,0.65739370,0.00600000
four_cluster,100,10016,pso_mid_6x8,1.00000000,7,7920.27111339,79.20271113,8.60484936,0.00000000,0.50869176,0.02100000
four_cluster,100,10016,pso_high_12x16,1.00000000,7,9702.88090314,97.02880903,11.84935904,0.00000000,0.58099266,0.09400000
four_cluster,100,10017,kmeans_grid,0.94000000,5,9832.36152338,98.32361523,0.00000000,0.06000000,0.63394391,0.00400000
four_cluster,100,10017,gno,1.00000000,10,2799.70499409,27.99704994,2.49405475,0.00000000,0.60705438,0.00500000
four_cluster,100,10017,alns_no_refine,1.00000000,7,3107.68812619,31.07688126,1.51449174,0.00000000,0.60561766,0.01300000
four_cluster,100,10017,fixed_gno_refine,1.00000000,10,8646.07359005,86.46073590,19.81029597,0.00000000,0.76961591,0.02200000
four_cluster,100,10017,alns_sca_lite,1.00000000,6,5345.46319460,53.45463195,5.46538583,0.00000000,0.65839463,0.02400000
four_cluster,100,10017,pso_low_3x4,0.99000000,6,6507.99273693,65.07992737,1.92185775,0.01000000,0.53484210,0.00700000
four_cluster,100,10017,pso_mid_6x8,1.00000000,6,9437.73514435,94.37735144,14.23675320,0.00000000,0.48489570,0.02300000
four_cluster,100,10017,pso_high_12x16,1.00000000,6,8745.58973729,87.45589737,17.51556644,0.00000000,0.47429550,0.13500000
four_cluster,100,10018,kmeans_grid,0.95000000,5,9866.26420765,98.66264208,0.00000000,0.05000000,0.64109586,0.00200000
four_cluster,100,10018,gno,1.00000000,10,2974.80243404,29.74802434,7.72364459,0.00000000,0.55822082,0.00200000
four_cluster,100,10018,alns_no_refine,1.00000000,7,3840.58136750,38.40581368,9.68210974,0.00000000,0.59071378,0.01500000
four_cluster,100,10018,fixed_gno_refine,1.00000000,10,8439.22605753,84.39226058,17.53759914,0.00000000,0.75445359,0.02700000
four_cluster,100,10018,alns_sca_lite,1.00000000,7,7727.62621830,77.27626218,20.88242290,0.00000000,0.73259534,0.03300000
four_cluster,100,10018,pso_low_3x4,1.00000000,7,4911.18300457,49.11183005,8.45172841,0.00000000,0.58728972,0.01000000
four_cluster,100,10018,pso_mid_6x8,1.00000000,7,6720.69439129,67.20694391,11.22761945,0.00000000,0.61277938,0.03600000
four_cluster,100,10018,pso_high_12x16,1.00000000,7,9501.15858303,95.01158583,9.61164249,0.00000000,0.65295093,0.12800000
four_cluster,100,10019,kmeans_grid,0.89000000,5,10066.15264100,100.66152641,0.00000000,0.11000000,0.61436617,0.00200000
four_cluster,100,10019,gno,1.00000000,10,2493.58638984,24.93586390,12.93645905,0.00000000,0.66359394,0.00200000
four_cluster,100,10019,alns_no_refine,1.00000000,6,3581.35018033,35.81350180,3.56718304,0.00000000,0.58360439,0.01000000
four_cluster,100,10019,fixed_gno_refine,1.00000000,10,7741.16615130,77.41166151,16.54715656,0.00000000,0.75526484,0.01900000
four_cluster,100,10019,alns_sca_lite,1.00000000,6,9070.84644712,90.70846447,19.72711541,0.00000000,0.71111500,0.02400000
four_cluster,100,10019,pso_low_3x4,0.95000000,6,4907.08055012,49.07080550,0.00000000,0.05000000,0.53844804,0.00500000
four_cluster,100,10019,pso_mid_6x8,1.00000000,6,5449.24250664,54.49242507,2.79142091,0.00000000,0.54145362,0.02200000
four_cluster,100,10019,pso_high_12x16,1.00000000,6,8063.19110184,80.63191102,19.13987533,0.00000000,0.49452625,0.08000000
four_cluster,100,10020,kmeans_grid,0.91000000,5,12108.97928934,121.08979289,0.00000000,0.09000000,0.66424849,0.00100000
four_cluster,100,10020,gno,1.00000000,10,2748.75740717,27.48757407,8.55434081,0.00000000,0.73290688,0.00400000
four_cluster,100,10020,alns_no_refine,1.00000000,6,4808.89576043,48.08895760,5.02855144,0.00000000,0.62260075,0.00900000
four_cluster,100,10020,fixed_gno_refine,1.00000000,10,8802.56896731,88.02568967,16.27370793,0.00000000,0.72432932,0.01500000
four_cluster,100,10020,alns_sca_lite,1.00000000,6,9600.86139650,96.00861397,17.78683805,0.00000000,0.59537495,0.02100000
four_cluster,100,10020,pso_low_3x4,0.99000000,6,3955.74777219,39.55747772,5.33725387,0.01000000,0.39137789,0.00700000
four_cluster,100,10020,pso_mid_6x8,1.00000000,6,6411.17566487,64.11175665,10.85064882,0.00000000,0.66956798,0.02100000
four_cluster,100,10020,pso_high_12x16,1.00000000,6,9447.96387170,94.47963872,15.66022109,0.00000000,0.49672965,0.07700000
four_cluster,100,10021,kmeans_grid,0.94000000,5,10230.89105674,102.30891057,0.00000000,0.06000000,0.64394437,0.00200000
four_cluster,100,10021,gno,0.98000000,10,2924.35875644,29.24358756,2.96912223,0.02000000,0.51997575,0.00300000
four_cluster,100,10021,alns_no_refine,0.98000000,6,3344.07870435,33.44078704,2.35092081,0.02000000,0.50785579,0.01200000
four_cluster,100,10021,fixed_gno_refine,1.00000000,10,6824.53971216,68.24539712,15.29640087,0.00000000,0.66764553,0.02400000
four_cluster,100,10021,alns_sca_lite,1.00000000,6,7779.62754609,77.79627546,18.58866018,0.00000000,0.62877527,0.03100000
four_cluster,100,10021,pso_low_3x4,0.98000000,6,5778.24650917,57.78246509,0.71181432,0.02000000,0.60351746,0.00800000
four_cluster,100,10021,pso_mid_6x8,1.00000000,6,7816.11971610,78.16119716,1.39708545,0.00000000,0.53919668,0.02400000
four_cluster,100,10021,pso_high_12x16,1.00000000,6,9242.37429088,92.42374291,21.00273769,0.00000000,0.48410442,0.08800000
four_cluster,100,10022,kmeans_grid,0.91000000,5,10401.92165043,104.01921650,0.00000000,0.09000000,0.61712321,0.00200000
four_cluster,100,10022,gno,1.00000000,10,4006.88307972,40.06883080,10.14151469,0.00000000,0.69959225,0.00200000
four_cluster,100,10022,alns_no_refine,1.00000000,7,4078.49355332,40.78493553,4.74396298,0.00000000,0.70239631,0.01300000
four_cluster,100,10022,fixed_gno_refine,1.00000000,10,9582.46851168,95.82468512,23.86742914,0.00000000,0.80772113,0.02100000
four_cluster,100,10022,alns_sca_lite,1.00000000,6,8383.16511711,83.83165117,14.92639607,0.00000000,0.68886539,0.03000000
four_cluster,100,10022,pso_low_3x4,0.99000000,6,6860.88893328,68.60888933,4.80359565,0.01000000,0.41683499,0.00800000
four_cluster,100,10022,pso_mid_6x8,1.00000000,6,7186.36430330,71.86364303,19.06856935,0.00000000,0.64111616,0.02600000
four_cluster,100,10022,pso_high_12x16,1.00000000,6,9288.93114842,92.88931148,14.06145888,0.00000000,0.45751089,0.09400000
four_cluster,100,10023,kmeans_grid,0.86000000,5,10776.76450534,107.76764505,0.00000000,0.14000000,0.57465501,0.00200000
four_cluster,100,10023,gno,1.00000000,10,2406.62822592,24.06628226,4.08810483,0.00000000,0.72327490,0.00200000
four_cluster,100,10023,alns_no_refine,1.00000000,6,3388.39645111,33.88396451,12.73339580,0.00000000,0.64980501,0.01000000
four_cluster,100,10023,fixed_gno_refine,1.00000000,10,8492.82043269,84.92820433,20.96053110,0.00000000,0.79293594,0.02000000
four_cluster,100,10023,alns_sca_lite,1.00000000,6,5875.54675875,58.75546759,10.22089306,0.00000000,0.64616653,0.02600000
four_cluster,100,10023,pso_low_3x4,0.94000000,6,8414.93378393,84.14933784,0.00000000,0.06000000,0.55918914,0.00600000
four_cluster,100,10023,pso_mid_6x8,1.00000000,6,7234.89670557,72.34896706,13.70727939,0.00000000,0.56417391,0.02600000
four_cluster,100,10023,pso_high_12x16,1.00000000,6,8257.57554985,82.57575550,3.55229721,0.00000000,0.46501534,0.08300000
four_cluster,100,10024,kmeans_grid,0.87000000,5,9958.63988437,99.58639884,0.00000000,0.13000000,0.54654074,0.00200000
four_cluster,100,10024,gno,1.00000000,10,2966.57983023,29.66579830,6.19508458,0.00000000,0.43321854,0.00200000
four_cluster,100,10024,alns_no_refine,1.00000000,6,3851.49053666,38.51490537,2.89044454,0.00000000,0.49889231,0.01100000
four_cluster,100,10024,fixed_gno_refine,1.00000000,10,9021.90574025,90.21905740,18.70721215,0.00000000,0.76150624,0.02100000
four_cluster,100,10024,alns_sca_lite,1.00000000,7,5371.25677971,53.71256780,6.32912533,0.00000000,0.44615288,0.02600000
four_cluster,100,10024,pso_low_3x4,1.00000000,7,6752.93452692,67.52934527,11.48986213,0.00000000,0.53591000,0.00900000
four_cluster,100,10024,pso_mid_6x8,1.00000000,7,7383.37329279,73.83373293,10.89213343,0.00000000,0.45848911,0.02400000
four_cluster,100,10024,pso_high_12x16,1.00000000,7,9113.14203439,91.13142034,18.67090573,0.00000000,0.54641751,0.07800000
four_cluster,100,10025,kmeans_grid,0.90000000,5,11033.75967963,110.33759680,0.00000000,0.10000000,0.60561169,0.00100000
four_cluster,100,10025,gno,1.00000000,10,2037.83061762,20.37830618,7.94047050,0.00000000,0.68972897,0.00200000
four_cluster,100,10025,alns_no_refine,1.00000000,7,2228.37896580,22.28378966,4.02445000,0.00000000,0.68890523,0.01000000
four_cluster,100,10025,fixed_gno_refine,1.00000000,10,5583.63980486,55.83639805,12.94959124,0.00000000,0.58491566,0.01500000
four_cluster,100,10025,alns_sca_lite,1.00000000,6,4426.20303998,44.26203040,1.95968793,0.00000000,0.52174557,0.02100000
four_cluster,100,10025,pso_low_3x4,0.93000000,6,5122.01934880,51.22019349,0.00000000,0.07000000,0.58988712,0.00600000
four_cluster,100,10025,pso_mid_6x8,1.00000000,6,8333.97243323,83.33972433,2.69380665,0.00000000,0.52479076,0.02500000
four_cluster,100,10025,pso_high_12x16,1.00000000,6,10077.43856306,100.77438563,14.40869879,0.00000000,0.58427336,0.05800000
four_cluster,100,10026,kmeans_grid,0.88000000,5,9502.13488290,95.02134883,0.00000000,0.12000000,0.59124528,0.00100000
four_cluster,100,10026,gno,0.99000000,10,3040.56810204,30.40568102,10.72531530,0.01000000,0.65853508,0.00200000
four_cluster,100,10026,alns_no_refine,0.99000000,6,3928.63196236,39.28631962,2.49986028,0.01000000,0.60321248,0.01100000
four_cluster,100,10026,fixed_gno_refine,1.00000000,10,7806.82727618,78.06827276,18.98756184,0.00000000,0.73948636,0.01800000
four_cluster,100,10026,alns_sca_lite,1.00000000,6,10190.00618620,101.90006186,18.62088942,0.00000000,0.71121591,0.02300000
four_cluster,100,10026,pso_low_3x4,0.99000000,6,7666.33317989,76.66333180,1.18982096,0.01000000,0.43507240,0.00500000
four_cluster,100,10026,pso_mid_6x8,1.00000000,6,7041.15724855,70.41157249,13.88910669,0.00000000,0.56649937,0.02000000
four_cluster,100,10026,pso_high_12x16,1.00000000,6,9759.41413102,97.59414131,6.75451404,0.00000000,0.52723209,0.09000000
four_cluster,100,10027,kmeans_grid,0.95000000,5,10557.68511045,105.57685110,0.00000000,0.05000000,0.60966380,0.00200000
four_cluster,100,10027,gno,1.00000000,10,3582.34605720,35.82346057,9.06683123,0.00000000,0.66183130,0.00200000
four_cluster,100,10027,alns_no_refine,1.00000000,7,3881.12091074,38.81120911,4.22217022,0.00000000,0.60488823,0.01200000
four_cluster,100,10027,fixed_gno_refine,1.00000000,10,8969.29655395,89.69296554,18.55387366,0.00000000,0.75894058,0.01900000
four_cluster,100,10027,alns_sca_lite,1.00000000,7,6506.32469585,65.06324696,11.73685311,0.00000000,0.65344986,0.03200000
four_cluster,100,10027,pso_low_3x4,0.98000000,7,5674.44555126,56.74445551,2.62012155,0.02000000,0.66213042,0.00800000
four_cluster,100,10027,pso_mid_6x8,1.00000000,7,6224.29153792,62.24291538,2.86425103,0.00000000,0.39029592,0.03100000
four_cluster,100,10027,pso_high_12x16,1.00000000,7,7458.89409549,74.58894095,15.22318702,0.00000000,0.53770697,0.10700000
four_cluster,100,10028,kmeans_grid,0.92000000,5,10057.58703864,100.57587039,0.00000000,0.08000000,0.60254167,0.00200000
four_cluster,100,10028,gno,1.00000000,10,2458.27667064,24.58276671,2.44821471,0.00000000,0.68768582,0.00200000
four_cluster,100,10028,alns_no_refine,1.00000000,6,2940.47711230,29.40477112,2.61216902,0.00000000,0.56042038,0.00800000
four_cluster,100,10028,fixed_gno_refine,1.00000000,10,4000.80743463,40.00807435,6.78678965,0.00000000,0.58935315,0.02000000
four_cluster,100,10028,alns_sca_lite,1.00000000,6,4674.54354099,46.74543541,3.67990391,0.00000000,0.55000430,0.02400000
four_cluster,100,10028,pso_low_3x4,0.97000000,6,3296.68276779,32.96682768,0.81921474,0.03000000,0.41833905,0.00600000
four_cluster,100,10028,pso_mid_6x8,1.00000000,6,6224.44413552,62.24444136,6.42189550,0.00000000,0.64258928,0.02000000
four_cluster,100,10028,pso_high_12x16,1.00000000,6,9062.45688371,90.62456884,8.49210698,0.00000000,0.45175756,0.08300000
four_cluster,100,10029,kmeans_grid,0.97000000,5,10909.83248812,109.09832488,0.78414505,0.03000000,0.63233865,0.00200000
four_cluster,100,10029,gno,1.00000000,10,3864.45988223,38.64459882,8.67937847,0.00000000,0.56110064,0.00200000
four_cluster,100,10029,alns_no_refine,1.00000000,7,4506.97085310,45.06970853,11.30674888,0.00000000,0.57364445,0.01100000
four_cluster,100,10029,fixed_gno_refine,1.00000000,10,8491.52799970,84.91528000,22.83208237,0.00000000,0.75559912,0.01800000
four_cluster,100,10029,alns_sca_lite,1.00000000,7,8891.26405207,88.91264052,19.98805183,0.00000000,0.74536746,0.02500000
four_cluster,100,10029,pso_low_3x4,1.00000000,7,5137.76560479,51.37765605,13.43323547,0.00000000,0.63056823,0.00600000
four_cluster,100,10029,pso_mid_6x8,1.00000000,7,7355.43260243,73.55432602,16.25071749,0.00000000,0.59161532,0.02400000
four_cluster,100,10029,pso_high_12x16,1.00000000,7,9781.37966725,97.81379667,2.17381837,0.00000000,0.54339351,0.07700000
four_cluster,200,10100,kmeans_grid,0.88000000,10,11895.84871575,59.47924358,0.00000000,0.12000000,0.54559945,0.00600000
four_cluster,200,10100,gno,0.99000000,20,2929.14767909,14.64573840,2.64567035,0.01000000,0.45110574,0.00500000
four_cluster,200,10100,alns_no_refine,0.99000000,11,3666.19318491,18.33096592,2.05908802,0.01000000,0.52382658,0.03500000
four_cluster,200,10100,fixed_gno_refine,1.00000000,20,14997.99826593,74.98999133,15.31212042,0.00000000,0.76471813,0.04200000
four_cluster,200,10100,alns_sca_lite,1.00000000,13,13266.74839575,66.33374198,13.16859020,0.00000000,0.69399030,0.06900000
four_cluster,200,10100,pso_low_3x4,1.00000000,13,7789.08983800,38.94544919,1.58939578,0.00000000,0.69172390,0.02400000
four_cluster,200,10100,pso_mid_6x8,1.00000000,13,6625.42527099,33.12712635,6.28184691,0.00000000,0.40908663,0.07800000
four_cluster,200,10100,pso_high_12x16,1.00000000,13,8513.82999532,42.56914998,11.66999026,0.00000000,0.68436940,0.41900000
four_cluster,200,10101,kmeans_grid,0.89000000,10,11888.90728171,59.44453641,0.00000000,0.11000000,0.56530103,0.00400000
four_cluster,200,10101,gno,1.00000000,20,3895.61938928,19.47809695,4.37834726,0.00000000,0.66487117,0.00500000
four_cluster,200,10101,alns_no_refine,1.00000000,12,4227.05005881,21.13525029,3.59201528,0.00000000,0.56451672,0.04600000
four_cluster,200,10101,fixed_gno_refine,1.00000000,20,14819.38558967,74.09692795,21.33891076,0.00000000,0.78569382,0.04600000
four_cluster,200,10101,alns_sca_lite,1.00000000,13,14309.80460668,71.54902303,16.40079817,0.00000000,0.71117169,0.07800000
four_cluster,200,10101,pso_low_3x4,0.98500000,13,6049.05730751,30.24528654,0.96389316,0.01500000,0.65588021,0.02500000
four_cluster,200,10101,pso_mid_6x8,1.00000000,13,6657.19934829,33.28599674,10.17425784,0.00000000,0.68247149,0.08100000
four_cluster,200,10101,pso_high_12x16,1.00000000,13,8469.33840797,42.34669204,3.18657520,0.00000000,0.59279760,0.41100000
four_cluster,200,10102,kmeans_grid,0.86000000,10,12277.89942115,61.38949711,0.00000000,0.14000000,0.57488666,0.00600000
four_cluster,200,10102,gno,1.00000000,20,3718.85469715,18.59427349,4.12863848,0.00000000,0.63442412,0.00800000
four_cluster,200,10102,alns_no_refine,1.00000000,11,4245.95813728,21.22979069,1.74877580,0.00000000,0.52392453,0.04400000
four_cluster,200,10102,fixed_gno_refine,1.00000000,20,13990.27335329,69.95136677,16.55908786,0.00000000,0.75003409,0.05600000
four_cluster,200,10102,alns_sca_lite,1.00000000,12,14788.77216415,73.94386082,14.67678872,0.00000000,0.72558089,0.09100000
four_cluster,200,10102,pso_low_3x4,1.00000000,12,6322.65459643,31.61327298,4.14706107,0.00000000,0.64845876,0.03000000
four_cluster,200,10102,pso_mid_6x8,1.00000000,12,5677.77457939,28.38887290,4.73199524,0.00000000,0.38371991,0.07600000
four_cluster,200,10102,pso_high_12x16,1.00000000,12,8218.98317532,41.09491588,2.33060473,0.00000000,0.65317200,0.39400000
four_cluster,200,10103,kmeans_grid,0.82500000,10,12560.96772606,62.80483863,0.00000000,0.17500000,0.48794236,0.00600000
four_cluster,200,10103,gno,0.99500000,20,3310.91301741,16.55456509,3.49053865,0.00500000,0.56049132,0.00600000
four_cluster,200,10103,alns_no_refine,1.00000000,12,4338.50880075,21.69254400,3.01510630,0.00000000,0.53641537,0.05400000
four_cluster,200,10103,fixed_gno_refine,0.99500000,20,5773.42980032,28.86714900,2.96293042,0.00500000,0.57470809,0.06200000
four_cluster,200,10103,alns_sca_lite,0.99500000,14,6298.68285794,31.49341429,2.09391637,0.00500000,0.59160444,0.11300000
four_cluster,200,10103,pso_low_3x4,1.00000000,14,6021.93336214,30.10966681,11.37659599,0.00000000,0.70857954,0.03400000
four_cluster,200,10103,pso_mid_6x8,1.00000000,14,7071.00625177,35.35503126,10.49211936,0.00000000,0.67338517,0.10700000
four_cluster,200,10103,pso_high_12x16,1.00000000,14,8476.89580904,42.38447905,5.33611175,0.00000000,0.67311565,0.36200000
four_cluster,200,10104,kmeans_grid,0.86000000,10,12861.78359904,64.30891800,0.00000000,0.14000000,0.59236134,0.00500000
four_cluster,200,10104,gno,1.00000000,20,4879.52916771,24.39764584,4.01132075,0.00000000,0.56362769,0.00700000
four_cluster,200,10104,alns_no_refine,1.00000000,13,5564.45971723,27.82229859,4.02791075,0.00000000,0.57570336,0.05800000
four_cluster,200,10104,fixed_gno_refine,1.00000000,20,14047.39686672,70.23698433,18.09059720,0.00000000,0.77727485,0.06700000
four_cluster,200,10104,alns_sca_lite,1.00000000,14,14613.99012020,73.06995060,17.02032263,0.00000000,0.74907516,0.10800000
four_cluster,200,10104,pso_low_3x4,1.00000000,14,5955.65336421,29.77826682,2.44411627,0.00000000,0.41769084,0.03300000
four_cluster,200,10104,pso_mid_6x8,1.00000000,14,7856.11081587,39.28055408,1.07764456,0.00000000,0.65082747,0.11100000
four_cluster,200,10104,pso_high_12x16,1.00000000,14,8361.39674747,41.80698374,11.72783327,0.00000000,0.71397958,0.42700000
four_cluster,200,10105,kmeans_grid,0.90500000,10,12208.45553851,61.04227769,0.00000000,0.09500000,0.61084751,0.00600000
four_cluster,200,10105,gno,1.00000000,20,4354.66119637,21.77330598,1.62057122,0.00000000,0.59281716,0.00700000
four_cluster,200,10105,alns_no_refine,1.00000000,13,4475.22941044,22.37614705,1.42033580,0.00000000,0.50205122,0.06500000
four_cluster,200,10105,fixed_gno_refine,1.00000000,20,4354.66119637,21.77330598,1.62057122,0.00000000,0.59281716,0.07000000
four_cluster,200,10105,alns_sca_lite,1.00000000,12,8715.75161474,43.57875807,3.87793127,0.00000000,0.66841201,0.11500000
four_cluster,200,10105,pso_low_3x4,0.98500000,12,4486.80175337,22.43400877,2.52338389,0.01500000,0.65817253,0.02700000
four_cluster,200,10105,pso_mid_6x8,1.00000000,12,5990.20042922,29.95100215,3.07948612,0.00000000,0.42149115,0.09300000
four_cluster,200,10105,pso_high_12x16,1.00000000,12,7364.17979613,36.82089898,3.47638365,0.00000000,0.65865961,0.34000000
four_cluster,200,10106,kmeans_grid,0.91000000,10,13540.44113234,67.70220566,0.00000000,0.09000000,0.61222037,0.00400000
four_cluster,200,10106,gno,1.00000000,20,3879.12542176,19.39562711,1.90408307,0.00000000,0.60499270,0.00500000
four_cluster,200,10106,alns_no_refine,1.00000000,11,4683.61203330,23.41806017,1.58426830,0.00000000,0.53794391,0.03800000
four_cluster,200,10106,fixed_gno_refine,1.00000000,20,6993.65150515,34.96825753,9.92692008,0.00000000,0.71109029,0.04900000
four_cluster,200,10106,alns_sca_lite,1.00000000,13,11724.94807019,58.62474035,9.99169664,0.00000000,0.65219910,0.08200000
four_cluster,200,10106,pso_low_3x4,0.99500000,13,5192.31417078,25.96157085,2.55905200,0.00500000,0.68045367,0.03400000
four_cluster,200,10106,pso_mid_6x8,1.00000000,13,7660.78536173,38.30392681,3.52959443,0.00000000,0.55843143,0.12600000
four_cluster,200,10106,pso_high_12x16,1.00000000,13,7570.30891672,37.85154458,5.88590626,0.00000000,0.68743912,0.36300000
four_cluster,200,10107,kmeans_grid,0.79500000,10,13464.10228852,67.32051144,0.00000000,0.20500000,0.52185093,0.00400000
four_cluster,200,10107,gno,1.00000000,20,3207.91581466,16.03957907,6.24681035,0.00000000,0.60084559,0.00400000
four_cluster,200,10107,alns_no_refine,1.00000000,11,3517.08444020,17.58542220,3.01984095,0.00000000,0.53852944,0.06700000
four_cluster,200,10107,fixed_gno_refine,1.00000000,20,5927.17516440,29.63587582,9.18142169,0.00000000,0.69016567,0.07200000
four_cluster,200,10107,alns_sca_lite,1.00000000,16,6175.78999105,30.87894996,4.44523953,0.00000000,0.68754253,0.15300000
four_cluster,200,10107,pso_low_3x4,1.00000000,16,6538.09266867,32.69046334,4.02377303,0.00000000,0.57622588,0.07200000
four_cluster,200,10107,pso_mid_6x8,1.00000000,16,7142.03943587,35.71019718,11.71633266,0.00000000,0.64010720,0.30400000
four_cluster,200,10107,pso_high_12x16,1.00000000,16,8823.86048807,44.11930244,8.02565675,0.00000000,0.72526151,1.29400000
four_cluster,200,10108,kmeans_grid,0.84000000,10,12015.23621429,60.07618107,0.00000000,0.16000000,0.55406885,0.00500000
four_cluster,200,10108,gno,1.00000000,20,3744.23335072,18.72116675,3.21967431,0.00000000,0.60829291,0.05500000
four_cluster,200,10108,alns_no_refine,1.00000000,14,4149.55816710,20.74779084,2.05849896,0.00000000,0.56362217,0.07700000
four_cluster,200,10108,fixed_gno_refine,1.00000000,20,6612.80099841,33.06400499,5.99040642,0.00000000,0.73019955,0.06800000
four_cluster,200,10108,alns_sca_lite,1.00000000,12,14954.68643010,74.77343215,13.72827416,0.00000000,0.71293759,0.09100000
four_cluster,200,10108,pso_low_3x4,0.98500000,12,6329.76399086,31.64881995,1.05864590,0.01500000,0.51325264,0.02500000
four_cluster,200,10108,pso_mid_6x8,1.00000000,12,6729.01141094,33.64505705,7.63070122,0.00000000,0.59212203,0.10500000
four_cluster,200,10108,pso_high_12x16,1.00000000,12,7877.06497360,39.38532487,7.67809698,0.00000000,0.61220563,0.61100000
four_cluster,200,10109,kmeans_grid,0.88500000,10,12054.64744325,60.27323722,0.00000000,0.11500000,0.59150312,0.00800000
four_cluster,200,10109,gno,1.00000000,20,3884.19038008,19.42095190,1.46245594,0.00000000,0.53154902,0.00900000
four_cluster,200,10109,alns_no_refine,1.00000000,12,4770.33085618,23.85165428,1.24913151,0.00000000,0.44677753,0.07400000
four_cluster,200,10109,fixed_gno_refine,1.00000000,20,3884.19038008,19.42095190,1.46245594,0.00000000,0.53154902,0.09600000
four_cluster,200,10109,alns_sca_lite,1.00000000,12,5107.71628371,25.53858142,1.78870518,0.00000000,0.46720925,0.13500000
four_cluster,200,10109,pso_low_3x4,1.00000000,12,5562.55573216,27.81277866,1.23305621,0.00000000,0.56893971,0.02800000
four_cluster,200,10109,pso_mid_6x8,0.99500000,12,4985.61631807,24.92808159,1.05631908,0.00500000,0.60766361,0.10400000
four_cluster,200,10109,pso_high_12x16,1.00000000,12,9085.63711439,45.42818557,6.22374871,0.00000000,0.66754397,0.40800000
four_cluster,200,10110,kmeans_grid,0.86500000,10,11908.05908947,59.54029545,0.00000000,0.13500000,0.60425255,0.00700000
four_cluster,200,10110,gno,1.00000000,20,2800.39779462,14.00198897,2.14362837,0.00000000,0.49283618,0.00900000
four_cluster,200,10110,alns_no_refine,1.00000000,13,3845.39817149,19.22699086,1.63225099,0.00000000,0.46956796,0.08200000
four_cluster,200,10110,fixed_gno_refine,1.00000000,20,14138.45402259,70.69227011,16.21178672,0.00000000,0.79246374,0.08000000
four_cluster,200,10110,alns_sca_lite,1.00000000,13,5195.64620174,25.97823101,5.86810249,0.00000000,0.59454398,0.12000000
four_cluster,200,10110,pso_low_3x4,1.00000000,13,5722.44146551,28.61220733,5.18856766,0.00000000,0.73038816,0.04400000
four_cluster,200,10110,pso_mid_6x8,1.00000000,13,7392.84128186,36.96420641,3.14438370,0.00000000,0.59929327,0.12700000
four_cluster,200,10110,pso_high_12x16,1.00000000,13,7989.74490156,39.94872451,12.16623721,0.00000000,0.67892438,0.36500000
four_cluster,200,10111,kmeans_grid,0.88500000,10,13995.83659848,69.97918299,0.00000000,0.11500000,0.61034650,0.00400000
four_cluster,200,10111,gno,1.00000000,20,3051.86925976,15.25934630,5.63154431,0.00000000,0.73329231,0.00500000
four_cluster,200,10111,alns_no_refine,1.00000000,11,3471.25264335,17.35626322,2.24845693,0.00000000,0.70008728,0.03300000
four_cluster,200,10111,fixed_gno_refine,1.00000000,20,6051.11099278,30.25555496,4.71815170,0.00000000,0.66090620,0.04300000
four_cluster,200,10111,alns_sca_lite,1.00000000,15,9621.32458654,48.10662293,8.81379680,0.00000000,0.65841028,0.07600000
four_cluster,200,10111,pso_low_3x4,1.00000000,15,6098.61767950,30.49308840,2.40000689,0.00000000,0.62984149,0.02500000
four_cluster,200,10111,pso_mid_6x8,1.00000000,15,6780.50789329,33.90253947,8.39858700,0.00000000,0.55759931,0.09900000
four_cluster,200,10111,pso_high_12x16,1.00000000,15,7133.57759137,35.66788796,8.59666865,0.00000000,0.65660908,0.41700000
four_cluster,200,10112,kmeans_grid,0.89500000,10,12726.39559088,63.63197795,0.00000000,0.10500000,0.63371031,0.00600000
four_cluster,200,10112,gno,1.00000000,20,2993.13352004,14.96566760,2.49886518,0.00000000,0.63860641,0.00900000
four_cluster,200,10112,alns_no_refine,1.00000000,11,3343.64394827,16.71821974,1.16434696,0.00000000,0.41134103,0.04700000
four_cluster,200,10112,fixed_gno_refine,1.00000000,20,6168.26450927,30.84132255,7.45690470,0.00000000,0.63639732,0.06900000
four_cluster,200,10112,alns_sca_lite,1.00000000,13,7281.72591931,36.40862960,1.42990894,0.00000000,0.58587561,0.08400000
four_cluster,200,10112,pso_low_3x4,1.00000000,13,7072.20205300,35.36101026,1.87470254,0.00000000,0.56814324,0.02400000
four_cluster,200,10112,pso_mid_6x8,1.00000000,13,6957.00561698,34.78502808,2.19311544,0.00000000,0.64084482,0.08800000
four_cluster,200,10112,pso_high_12x16,1.00000000,13,8436.33174449,42.18165872,11.20224207,0.00000000,0.61987144,0.51500000
four_cluster,200,10113,kmeans_grid,0.87000000,10,12621.54215203,63.10771076,0.00000000,0.13000000,0.59578212,0.00500000
four_cluster,200,10113,gno,1.00000000,20,3905.43112706,19.52715564,5.22939767,0.00000000,0.39847202,0.00800000
four_cluster,200,10113,alns_no_refine,1.00000000,11,5000.36703384,25.00183517,6.32319715,0.00000000,0.39787388,0.04800000
four_cluster,200,10113,fixed_gno_refine,1.00000000,20,6694.94302390,33.47471512,4.42589409,0.00000000,0.57515887,0.06100000
four_cluster,200,10113,alns_sca_lite,1.00000000,13,7417.83047378,37.08915237,4.04522755,0.00000000,0.56209148,0.08500000
four_cluster,200,10113,pso_low_3x4,1.00000000,13,5558.55098634,27.79275493,3.17502007,0.00000000,0.68438577,0.02600000
four_cluster,200,10113,pso_mid_6x8,1.00000000,13,6077.86907329,30.38934537,2.18390958,0.00000000,0.65269684,0.09000000
four_cluster,200,10113,pso_high_12x16,1.00000000,13,7479.37825041,37.39689125,1.78954207,0.00000000,0.40451789,0.40700000
four_cluster,200,10114,kmeans_grid,0.87000000,10,11801.71901811,59.00859509,0.00000000,0.13000000,0.57766730,0.00500000
four_cluster,200,10114,gno,1.00000000,20,3187.19650040,15.93598250,5.38706099,0.00000000,0.60354619,0.01000000
four_cluster,200,10114,alns_no_refine,1.00000000,16,3330.72933818,16.65364669,5.40956529,0.00000000,0.61785145,0.06100000
four_cluster,200,10114,fixed_gno_refine,1.00000000,20,13276.66201169,66.38331006,16.66058769,0.00000000,0.75681073,0.05500000
four_cluster,200,10114,alns_sca_lite,1.00000000,15,8434.71873244,42.17359366,5.95149423,0.00000000,0.68137579,0.10500000
four_cluster,200,10114,pso_low_3x4,1.00000000,15,6025.00560223,30.12502801,4.59996899,0.00000000,0.66867947,0.03100000
four_cluster,200,10114,pso_mid_6x8,1.00000000,15,6893.14294613,34.46571473,5.36838167,0.00000000,0.60160858,0.10900000
four_cluster,200,10114,pso_high_12x16,1.00000000,15,8164.17122975,40.82085615,3.77642835,0.00000000,0.66877833,0.45500000
four_cluster,200,10115,kmeans_grid,0.90500000,10,13187.09106215,65.93545531,0.00000000,0.09500000,0.57964707,0.00400000
four_cluster,200,10115,gno,1.00000000,20,3026.88364064,15.13441820,5.94812936,0.00000000,0.60925707,0.00500000
four_cluster,200,10115,alns_no_refine,1.00000000,11,3707.33602260,18.53668011,6.71329507,0.00000000,0.49182798,0.04500000
four_cluster,200,10115,fixed_gno_refine,1.00000000,20,15396.48168811,76.98240844,16.80630469,0.00000000,0.76697347,0.06100000
four_cluster,200,10115,alns_sca_lite,1.00000000,14,13790.35525854,68.95177629,13.06766148,0.00000000,0.72465700,0.10100000
four_cluster,200,10115,pso_low_3x4,1.00000000,14,7089.54807291,35.44774036,6.35476969,0.00000000,0.55899547,0.05000000
four_cluster,200,10115,pso_mid_6x8,1.00000000,14,5650.31141810,28.25155709,3.87423278,0.00000000,0.65086568,0.09700000
four_cluster,200,10115,pso_high_12x16,1.00000000,14,7242.61880280,36.21309401,2.81834284,0.00000000,0.59622998,0.34900000
four_cluster,200,10116,kmeans_grid,0.91500000,10,12474.11850977,62.37059255,0.00000000,0.08500000,0.62542535,0.00500000
four_cluster,200,10116,gno,1.00000000,20,2920.28043815,14.60140219,2.82397834,0.00000000,0.59217338,0.01000000
four_cluster,200,10116,alns_no_refine,1.00000000,12,3554.08282987,17.77041415,3.70435659,0.00000000,0.56797460,0.05700000
four_cluster,200,10116,fixed_gno_refine,1.00000000,20,15505.13512641,77.52567563,18.05466530,0.00000000,0.78859906,0.07700000
four_cluster,200,10116,alns_sca_lite,1.00000000,13,11645.43710785,58.22718554,10.00214189,0.00000000,0.66378063,0.08500000
four_cluster,200,10116,pso_low_3x4,0.99500000,13,6223.39822541,31.11699113,1.66638094,0.00500000,0.56661681,0.02900000
four_cluster,200,10116,pso_mid_6x8,1.00000000,13,6618.74906717,33.09374534,7.39345523,0.00000000,0.68001327,0.09800000
four_cluster,200,10116,pso_high_12x16,1.00000000,13,8082.93509439,40.41467547,5.02903399,0.00000000,0.61068955,0.31700000
four_cluster,200,10117,kmeans_grid,0.93500000,10,13946.62661160,69.73313306,0.00000000,0.06500000,0.64193910,0.00500000
four_cluster,200,10117,gno,1.00000000,20,2919.74586527,14.59872933,3.30431663,0.00000000,0.67530376,0.00400000
four_cluster,200,10117,alns_no_refine,1.00000000,11,3932.58108623,19.66290543,2.87778041,0.00000000,0.57386487,0.05100000
four_cluster,200,10117,fixed_gno_refine,1.00000000,20,2919.74586527,14.59872933,3.30431663,0.00000000,0.67530376,0.04800000
four_cluster,200,10117,alns_sca_lite,1.00000000,11,3880.02529854,19.40012649,3.60641932,0.00000000,0.61201442,0.07200000
four_cluster,200,10117,pso_low_3x4,0.95500000,11,4445.96328435,22.22981642,0.55761022,0.04500000,0.55079706,0.02500000
four_cluster,200,10117,pso_mid_6x8,1.00000000,11,6422.25717543,32.11128588,2.31451759,0.00000000,0.55211987,0.10600000
four_cluster,200,10117,pso_high_12x16,1.00000000,11,6901.25368086,34.50626840,1.59417022,0.00000000,0.55908779,0.35200000
four_cluster,200,10118,kmeans_grid,0.93500000,10,13613.65528633,68.06827643,0.00000000,0.06500000,0.65650466,0.00500000
four_cluster,200,10118,gno,1.00000000,20,3766.99282429,18.83496412,6.72846468,0.00000000,0.65506926,0.00500000
four_cluster,200,10118,alns_no_refine,1.00000000,12,4399.33494048,21.99667470,3.75722546,0.00000000,0.65194013,0.04000000
four_cluster,200,10118,fixed_gno_refine,1.00000000,20,15412.36281175,77.06181406,21.69910778,0.00000000,0.80572734,0.05000000
four_cluster,200,10118,alns_sca_lite,1.00000000,13,15165.67736376,75.82838682,15.21071973,0.00000000,0.72005183,0.08600000
four_cluster,200,10118,pso_low_3x4,1.00000000,13,4954.07944268,24.77039721,2.13187995,0.00000000,0.55508052,0.02100000
four_cluster,200,10118,pso_mid_6x8,1.00000000,13,6447.57729837,32.23788649,4.78422864,0.00000000,0.67500935,0.08200000
four_cluster,200,10118,pso_high_12x16,1.00000000,13,6504.45054681,32.52225273,1.69636349,0.00000000,0.63828502,0.38200000
four_cluster,200,10119,kmeans_grid,0.93500000,10,13303.31256879,66.51656284,0.00000000,0.06500000,0.63176352,0.00500000
four_cluster,200,10119,gno,1.00000000,20,3258.50268309,16.29251342,4.79877127,0.00000000,0.58973202,0.00500000
four_cluster,200,10119,alns_no_refine,1.00000000,11,3931.79382013,19.65896910,2.23024780,0.00000000,0.55367341,0.04800000
four_cluster,200,10119,fixed_gno_refine,1.00000000,20,14789.21932984,73.94609665,20.40961943,0.00000000,0.77641510,0.05300000
four_cluster,200,10119,alns_sca_lite,1.00000000,14,14078.18074479,70.39090372,13.50975155,0.00000000,0.73385049,0.09400000
four_cluster,200,10119,pso_low_3x4,1.00000000,14,8088.85453652,40.44427268,4.44461026,0.00000000,0.62249554,0.03000000
four_cluster,200,10119,pso_mid_6x8,1.00000000,14,7300.37732630,36.50188663,2.61715827,0.00000000,0.61682413,0.11100000
four_cluster,200,10119,pso_high_12x16,1.00000000,14,8111.95308193,40.55976541,4.30379276,0.00000000,0.61654138,0.36200000
four_cluster,200,10120,kmeans_grid,0.87000000,10,12823.84497989,64.11922490,0.00000000,0.13000000,0.61260233,0.00600000
four_cluster,200,10120,gno,1.00000000,20,3351.33704144,16.75668521,3.78247953,0.00000000,0.57876986,0.00900000
four_cluster,200,10120,alns_no_refine,1.00000000,12,4140.87199701,20.70435999,1.77598610,0.00000000,0.57883712,0.11100000
four_cluster,200,10120,fixed_gno_refine,1.00000000,20,14077.00887972,70.38504440,17.73481293,0.00000000,0.76707510,0.12400000
four_cluster,200,10120,alns_sca_lite,1.00000000,12,12922.24055962,64.61120280,13.47556499,0.00000000,0.69516283,0.14800000
four_cluster,200,10120,pso_low_3x4,0.96500000,12,6342.19308299,31.71096541,0.68688159,0.03500000,0.55141614,0.03800000
four_cluster,200,10120,pso_mid_6x8,1.00000000,12,6281.19643500,31.40598217,2.03069398,0.00000000,0.61831405,0.13700000
four_cluster,200,10120,pso_high_12x16,1.00000000,12,7502.50270284,37.51251351,10.31191800,0.00000000,0.62982155,0.42300000
four_cluster,200,10121,kmeans_grid,0.87500000,10,12080.17076843,60.40085384,0.00000000,0.12500000,0.60036746,0.00600000
four_cluster,200,10121,gno,1.00000000,20,4275.27795072,21.37638975,2.98360245,0.00000000,0.57477809,0.00700000
four_cluster,200,10121,alns_no_refine,1.00000000,12,4876.99556927,24.38497785,2.25613608,0.00000000,0.58226583,0.05100000
four_cluster,200,10121,fixed_gno_refine,1.00000000,20,7139.26226734,35.69631134,4.33056497,0.00000000,0.58395521,0.05800000
four_cluster,200,10121,alns_sca_lite,1.00000000,13,7573.65253141,37.86826266,2.64397608,0.00000000,0.56930223,0.07100000
four_cluster,200,10121,pso_low_3x4,1.00000000,13,5107.87795091,25.53938975,3.48417359,0.00000000,0.64180757,0.02200000
four_cluster,200,10121,pso_mid_6x8,1.00000000,13,6408.35863090,32.04179315,1.77196282,0.00000000,0.59655143,0.08400000
four_cluster,200,10121,pso_high_12x16,1.00000000,13,8009.42577527,40.04712888,7.93367631,0.00000000,0.71660196,0.24900000
four_cluster,200,10122,kmeans_grid,0.89000000,10,12169.81768082,60.84908840,0.00000000,0.11000000,0.57252504,0.00300000
four_cluster,200,10122,gno,1.00000000,20,4024.52603056,20.12263015,3.51143671,0.00000000,0.49400918,0.00400000
four_cluster,200,10122,alns_no_refine,1.00000000,14,4508.39685880,22.54198429,2.91569693,0.00000000,0.48419194,0.03400000
four_cluster,200,10122,fixed_gno_refine,1.00000000,20,13681.21778723,68.40608894,15.05031114,0.00000000,0.74703005,0.03000000
four_cluster,200,10122,alns_sca_lite,1.00000000,12,14080.27382920,70.40136915,8.24041743,0.00000000,0.68261213,0.05600000
four_cluster,200,10122,pso_low_3x4,0.99500000,12,4518.10801578,22.59054008,1.29755238,0.00500000,0.52577380,0.02400000
four_cluster,200,10122,pso_mid_6x8,1.00000000,12,5571.09771067,27.85548855,1.90884125,0.00000000,0.49229047,0.05900000
four_cluster,200,10122,pso_high_12x16,1.00000000,12,8110.98708879,40.55493544,2.20503471,0.00000000,0.29925549,0.22100000
four_cluster,200,10123,kmeans_grid,0.93500000,10,13056.90317039,65.28451585,0.00000000,0.06500000,0.66312380,0.00200000
four_cluster,200,10123,gno,1.00000000,20,3863.04595278,19.31522976,2.97244645,0.00000000,0.55014866,0.00400000
four_cluster,200,10123,alns_no_refine,1.00000000,12,5200.00441955,26.00002210,2.46277129,0.00000000,0.55098595,0.02700000
four_cluster,200,10123,fixed_gno_refine,1.00000000,20,14740.57671721,73.70288359,19.69279458,0.00000000,0.77049085,0.03400000
four_cluster,200,10123,alns_sca_lite,1.00000000,13,11941.69428932,59.70847145,7.53289549,0.00000000,0.65369224,0.05900000
four_cluster,200,10123,pso_low_3x4,0.98000000,13,7064.28926915,35.32144635,1.35821718,0.02000000,0.57328567,0.01700000
four_cluster,200,10123,pso_mid_6x8,1.00000000,13,5553.11786496,27.76558932,2.30618119,0.00000000,0.68436759,0.05300000
four_cluster,200,10123,pso_high_12x16,1.00000000,13,7839.63937621,39.19819688,4.72477495,0.00000000,0.62821258,0.24100000
four_cluster,200,10124,kmeans_grid,0.84000000,10,10866.09566208,54.33047831,0.00000000,0.16000000,0.53670451,0.00300000
four_cluster,200,10124,gno,1.00000000,20,3430.42730540,17.15213653,5.40172122,0.00000000,0.52993570,0.00400000
four_cluster,200,10124,alns_no_refine,1.00000000,12,3866.85395041,19.33426975,2.49648684,0.00000000,0.50907561,0.03400000
four_cluster,200,10124,fixed_gno_refine,1.00000000,20,6221.45563541,31.10727818,4.29543758,0.00000000,0.59798504,0.03300000
four_cluster,200,10124,alns_sca_lite,1.00000000,14,6295.65198118,31.47825991,3.55750386,0.00000000,0.56549228,0.05500000
four_cluster,200,10124,pso_low_3x4,1.00000000,14,6442.60352616,32.21301763,5.76368573,0.00000000,0.66285684,0.02200000
four_cluster,200,10124,pso_mid_6x8,1.00000000,14,6379.72897603,31.89864488,3.81359289,0.00000000,0.71159541,0.07000000
four_cluster,200,10124,pso_high_12x16,1.00000000,14,8510.05930162,42.55029651,13.20704605,0.00000000,0.76340556,0.22400000
four_cluster,200,10125,kmeans_grid,0.91500000,10,12854.50486773,64.27252434,0.00000000,0.08500000,0.58335773,0.00200000
four_cluster,200,10125,gno,1.00000000,20,3593.08855325,17.96544277,4.90678427,0.00000000,0.64739859,0.00300000
four_cluster,200,10125,alns_no_refine,1.00000000,11,4270.60873846,21.35304369,3.60235063,0.00000000,0.63183790,0.02200000
four_cluster,200,10125,fixed_gno_refine,1.00000000,20,16624.17144737,83.12085724,22.37200492,0.00000000,0.81016711,0.02900000
four_cluster,200,10125,alns_sca_lite,1.00000000,15,12204.07990499,61.02039952,13.50344320,0.00000000,0.66663813,0.04800000
four_cluster,200,10125,pso_low_3x4,1.00000000,15,6506.90946900,32.53454734,1.93104127,0.00000000,0.63425674,0.01600000
four_cluster,200,10125,pso_mid_6x8,1.00000000,15,8614.78209491,43.07391047,11.08778729,0.00000000,0.68159587,0.06000000
four_cluster,200,10125,pso_high_12x16,1.00000000,15,8501.87903152,42.50939516,11.56872488,0.00000000,0.69654543,0.22600000
four_cluster,200,10126,kmeans_grid,0.85500000,10,13032.80841830,65.16404209,0.00000000,0.14500000,0.58727464,0.00200000
four_cluster,200,10126,gno,1.00000000,20,4069.91096176,20.34955481,3.14513930,0.00000000,0.64231331,0.00300000
four_cluster,200,10126,alns_no_refine,1.00000000,12,4628.12579412,23.14062897,3.24720937,0.00000000,0.60825262,0.02300000
four_cluster,200,10126,fixed_gno_refine,1.00000000,20,6508.59148933,32.54295745,3.53327062,0.00000000,0.57605504,0.02700000
four_cluster,200,10126,alns_sca_lite,1.00000000,14,6587.12291707,32.93561459,2.71114498,0.00000000,0.56219326,0.04500000
four_cluster,200,10126,pso_low_3x4,0.99500000,14,6080.33874275,30.40169371,4.37996771,0.00500000,0.50560968,0.01600000
four_cluster,200,10126,pso_mid_6x8,1.00000000,14,7238.49016168,36.19245081,10.78727134,0.00000000,0.67256321,0.04700000
four_cluster,200,10126,pso_high_12x16,1.00000000,14,7780.63039011,38.90315195,5.31726754,0.00000000,0.68342037,0.19000000
four_cluster,200,10127,kmeans_grid,0.89500000,10,13345.00889714,66.72504449,0.00000000,0.10500000,0.59786807,0.00200000
four_cluster,200,10127,gno,1.00000000,20,3879.55473943,19.39777370,2.18133945,0.00000000,0.47458941,0.00300000
four_cluster,200,10127,alns_no_refine,1.00000000,11,4445.53551909,22.22767760,1.57057614,0.00000000,0.46055121,0.02000000
four_cluster,200,10127,fixed_gno_refine,1.00000000,20,14767.54560965,73.83772805,19.74570664,0.00000000,0.80162626,0.02900000
four_cluster,200,10127,alns_sca_lite,1.00000000,16,7989.95071687,39.94975358,8.69775240,0.00000000,0.64435479,0.05000000
four_cluster,200,10127,pso_low_3x4,1.00000000,16,7160.84562099,35.80422810,3.56499808,0.00000000,0.60948936,0.01600000
four_cluster,200,10127,pso_mid_6x8,1.00000000,16,8015.68383365,40.07841917,6.60491093,0.00000000,0.70487096,0.05900000
four_cluster,200,10127,pso_high_12x16,1.00000000,16,9299.11953758,46.49559769,11.54294034,0.00000000,0.68700877,0.23800000
four_cluster,200,10128,kmeans_grid,0.89000000,10,12680.79207404,63.40396037,0.00000000,0.11000000,0.61617924,0.00200000
four_cluster,200,10128,gno,1.00000000,20,3279.57268748,16.39786344,3.15998061,0.00000000,0.54621247,0.00200000
four_cluster,200,10128,alns_no_refine,1.00000000,12,3660.25583599,18.30127918,3.44477743,0.00000000,0.45518526,0.01900000
four_cluster,200,10128,fixed_gno_refine,1.00000000,20,3279.57268748,16.39786344,3.15998061,0.00000000,0.54621247,0.02500000
four_cluster,200,10128,alns_sca_lite,1.00000000,11,3530.60348640,17.65301743,2.57601777,0.00000000,0.41418525,0.04100000
four_cluster,200,10128,pso_low_3x4,0.96500000,11,7710.90385773,38.55451929,0.86635267,0.03500000,0.47275652,0.01000000
four_cluster,200,10128,pso_mid_6x8,0.98000000,11,7588.77525460,37.94387627,3.13611504,0.02000000,0.36424098,0.03700000
four_cluster,200,10128,pso_high_12x16,1.00000000,11,7395.53823315,36.97769117,1.59724062,0.00000000,0.64643398,0.14800000
four_cluster,200,10129,kmeans_grid,0.91500000,10,13057.33505484,65.28667527,0.00000000,0.08500000,0.60669052,0.00300000
four_cluster,200,10129,gno,1.00000000,20,5122.57513931,25.61287570,6.22873311,0.00000000,0.60655036,0.00200000
four_cluster,200,10129,alns_no_refine,1.00000000,13,5803.88132941,29.01940665,2.07671474,0.00000000,0.61720617,0.02300000
four_cluster,200,10129,fixed_gno_refine,1.00000000,20,5122.57513931,25.61287570,6.22873311,0.00000000,0.60655036,0.02400000
four_cluster,200,10129,alns_sca_lite,1.00000000,13,6081.87776545,30.40938883,2.21466330,0.00000000,0.61802525,0.04200000
four_cluster,200,10129,pso_low_3x4,1.00000000,13,6111.25644046,30.55628220,11.65347693,0.00000000,0.76365990,0.01200000
four_cluster,200,10129,pso_mid_6x8,1.00000000,13,6240.13251235,31.20066256,5.68766939,0.00000000,0.67115913,0.04700000
four_cluster,200,10129,pso_high_12x16,1.00000000,13,9350.14688272,46.75073441,7.68483195,0.00000000,0.74096579,0.19700000
four_cluster,300,10200,kmeans_grid,0.89000000,15,17718.30331213,59.06101104,0.00000000,0.11000000,0.62510239,0.00500000
four_cluster,300,10200,gno,1.00000000,30,3950.65429961,13.16884767,3.79865383,0.00000000,0.62225336,0.00500000
four_cluster,300,10200,alns_no_refine,1.00000000,17,4331.77035704,14.43923452,2.72094020,0.00000000,0.64332943,0.05400000
four_cluster,300,10200,fixed_gno_refine,1.00000000,30,3950.65429961,13.16884767,3.79865383,0.00000000,0.62225336,0.05100000
four_cluster,300,10200,alns_sca_lite,1.00000000,16,4440.75280283,14.80250934,1.73793363,0.00000000,0.57411421,0.09600000
four_cluster,300,10200,pso_low_3x4,0.98333333,16,6594.49505131,21.98165017,2.01389229,0.01666667,0.54946501,0.02400000
four_cluster,300,10200,pso_mid_6x8,0.98666667,16,6114.13235518,20.38044118,1.36495628,0.01333333,0.50321370,0.07900000
four_cluster,300,10200,pso_high_12x16,0.99000000,16,6892.11421020,22.97371403,1.86983199,0.01000000,0.61468802,0.28700000
four_cluster,300,10201,kmeans_grid,0.90666667,15,17820.42076468,59.40140255,0.00000000,0.09333333,0.61079438,0.00400000
four_cluster,300,10201,gno,1.00000000,30,3686.08120351,12.28693735,3.32555743,0.00000000,0.52317758,0.00500000
four_cluster,300,10201,alns_no_refine,1.00000000,18,4205.63722581,14.01879075,2.83392219,0.00000000,0.49324547,0.04400000
four_cluster,300,10201,fixed_gno_refine,1.00000000,30,3686.08120351,12.28693735,3.32555743,0.00000000,0.52317758,0.04700000
four_cluster,300,10201,alns_sca_lite,1.00000000,18,4188.75460273,13.96251534,2.69571836,0.00000000,0.52404133,0.08000000
four_cluster,300,10201,pso_low_3x4,0.99000000,18,8221.81580011,27.40605267,1.39787457,0.01000000,0.52906753,0.02700000
four_cluster,300,10201,pso_mid_6x8,1.00000000,18,6791.87094079,22.63956980,1.19523271,0.00000000,0.63067617,0.08800000
four_cluster,300,10201,pso_high_12x16,1.00000000,18,8386.74072480,27.95580242,3.95375268,0.00000000,0.58771912,0.32600000
four_cluster,300,10202,kmeans_grid,0.92666667,15,20394.30125825,67.98100419,0.00000000,0.07333333,0.64736654,0.00400000
four_cluster,300,10202,gno,1.00000000,30,3238.15078144,10.79383594,2.00177468,0.00000000,0.50155341,0.00400000
four_cluster,300,10202,alns_no_refine,1.00000000,20,3591.60475460,11.97201585,1.20514710,0.00000000,0.49898462,0.06500000
four_cluster,300,10202,fixed_gno_refine,1.00000000,30,5882.03562419,19.60678541,5.07606058,0.00000000,0.56780130,0.05400000
four_cluster,300,10202,alns_sca_lite,1.00000000,19,14209.78187053,47.36593957,5.85737442,0.00000000,0.64998646,0.08300000
four_cluster,300,10202,pso_low_3x4,0.99000000,19,5611.96784628,18.70655949,1.04914298,0.01000000,0.60213364,0.02500000
four_cluster,300,10202,pso_mid_6x8,1.00000000,19,7869.46105290,26.23153684,1.64083677,0.00000000,0.59554712,0.09000000
four_cluster,300,10202,pso_high_12x16,1.00000000,19,9036.31045004,30.12103483,3.69958644,0.00000000,0.63825789,0.32600000
four_cluster,300,10203,kmeans_grid,0.95333333,15,20009.41007326,66.69803358,0.51604362,0.04666667,0.67114625,0.00400000
four_cluster,300,10203,gno,1.00000000,30,4049.16922448,13.49723075,3.79937431,0.00000000,0.54467413,0.00400000
four_cluster,300,10203,alns_no_refine,1.00000000,17,4397.04575433,14.65681918,2.70411108,0.00000000,0.56684910,0.04400000
four_cluster,300,10203,fixed_gno_refine,1.00000000,30,12014.82957014,40.04943190,7.11538222,0.00000000,0.68936832,0.04000000
four_cluster,300,10203,alns_sca_lite,1.00000000,22,14019.98355985,46.73327853,5.51130621,0.00000000,0.69175324,0.08000000
four_cluster,300,10203,pso_low_3x4,1.00000000,22,6583.78485718,21.94594952,5.20694721,0.00000000,0.73998589,0.02800000
four_cluster,300,10203,pso_mid_6x8,1.00000000,22,8462.39376718,28.20797922,6.01830297,0.00000000,0.62350427,0.10500000
four_cluster,300,10203,pso_high_12x16,1.00000000,22,9923.51970308,33.07839901,2.66581977,0.00000000,0.60592852,0.35900000
four_cluster,300,10204,kmeans_grid,0.86000000,15,17277.53029683,57.59176766,0.00000000,0.14000000,0.57212673,0.00500000
four_cluster,300,10204,gno,0.99666667,30,4050.33386692,13.50111289,3.41846024,0.00333333,0.59398968,0.00300000
four_cluster,300,10204,alns_no_refine,0.99666667,18,4584.71908215,15.28239694,3.50259320,0.00333333,0.57102798,0.04200000
four_cluster,300,10204,fixed_gno_refine,1.00000000,30,19662.40549021,65.54135163,21.08765710,0.00000000,0.80262792,0.03600000
four_cluster,300,10204,alns_sca_lite,1.00000000,21,20687.67290290,68.95890968,16.93011335,0.00000000,0.74677633,0.06700000
four_cluster,300,10204,pso_low_3x4,1.00000000,21,6987.66230248,23.29220767,7.22695419,0.00000000,0.67413651,0.02700000
four_cluster,300,10204,pso_mid_6x8,1.00000000,21,8245.80117866,27.48600393,2.03506194,0.00000000,0.53384913,0.08500000
four_cluster,300,10204,pso_high_12x16,1.00000000,21,8987.59359236,29.95864531,5.34312751,0.00000000,0.64361302,0.34000000
four_cluster,300,10205,kmeans_grid,0.90000000,15,17707.59102821,59.02530343,0.00000000,0.10000000,0.64311868,0.00300000
four_cluster,300,10205,gno,1.00000000,30,3873.81094298,12.91270314,2.27310294,0.00000000,0.49923331,0.00300000
four_cluster,300,10205,alns_no_refine,1.00000000,19,4467.45827849,14.89152759,2.24171956,0.00000000,0.49910392,0.04400000
four_cluster,300,10205,fixed_gno_refine,1.00000000,30,3873.81094298,12.91270314,2.27310294,0.00000000,0.49923331,0.03600000
four_cluster,300,10205,alns_sca_lite,1.00000000,22,4443.86689227,14.81288964,2.12678599,0.00000000,0.50128248,0.07800000
four_cluster,300,10205,pso_low_3x4,1.00000000,22,7190.53904328,23.96846348,2.37077099,0.00000000,0.63386848,0.02200000
four_cluster,300,10205,pso_mid_6x8,1.00000000,22,7891.66911883,26.30556373,2.36085459,0.00000000,0.62663314,0.08900000
four_cluster,300,10205,pso_high_12x16,1.00000000,22,8680.86380185,28.93621267,3.65441153,0.00000000,0.58172481,0.31500000
four_cluster,300,10206,kmeans_grid,0.90666667,15,17562.04946194,58.54016487,0.00000000,0.09333333,0.64847828,0.00300000
four_cluster,300,10206,gno,1.00000000,30,5154.06401922,17.18021340,3.40652391,0.00000000,0.53945567,0.00400000
four_cluster,300,10206,alns_no_refine,1.00000000,17,5476.08802939,18.25362676,2.84496714,0.00000000,0.52212702,0.03500000
four_cluster,300,10206,fixed_gno_refine,1.00000000,30,5154.06401922,17.18021340,3.40652391,0.00000000,0.53945567,0.03700000
four_cluster,300,10206,alns_sca_lite,1.00000000,19,6209.29645624,20.69765485,3.08723648,0.00000000,0.55252603,0.06100000
four_cluster,300,10206,pso_low_3x4,1.00000000,19,5697.25090987,18.99083637,1.95564161,0.00000000,0.67959688,0.02100000
four_cluster,300,10206,pso_mid_6x8,1.00000000,19,7648.14617544,25.49382058,1.83678958,0.00000000,0.62883588,0.07100000
four_cluster,300,10206,pso_high_12x16,1.00000000,19,7661.93932181,25.53979774,2.54851391,0.00000000,0.66294134,0.31000000
four_cluster,300,10207,kmeans_grid,0.92666667,15,21270.77555564,70.90258519,0.00000000,0.07333333,0.70279994,0.00300000
four_cluster,300,10207,gno,1.00000000,30,3058.91499994,10.19638333,1.81000416,0.00000000,0.52478682,0.00400000
four_cluster,300,10207,alns_no_refine,1.00000000,20,3537.99453449,11.79331511,1.69793833,0.00000000,0.50513745,0.03900000
four_cluster,300,10207,fixed_gno_refine,1.00000000,30,22899.20455429,76.33068185,21.27494830,0.00000000,0.81020875,0.03400000
four_cluster,300,10207,alns_sca_lite,1.00000000,23,6732.95456723,22.44318189,1.89225649,0.00000000,0.58271882,0.06800000
four_cluster,300,10207,pso_low_3x4,1.00000000,23,6606.00197455,22.02000658,4.94577931,0.00000000,0.74484595,0.02500000
four_cluster,300,10207,pso_mid_6x8,1.00000000,23,7519.25652943,25.06418843,6.39380458,0.00000000,0.68772577,0.08500000
four_cluster,300,10207,pso_high_12x16,1.00000000,23,9025.03037781,30.08343459,3.21441153,0.00000000,0.59729597,0.33300000
four_cluster,300,10208,kmeans_grid,0.87000000,15,18094.36529122,60.31455097,0.00000000,0.13000000,0.58452366,0.00400000
four_cluster,300,10208,gno,1.00000000,30,4719.11598330,15.73038661,1.94914254,0.00000000,0.61090158,0.00300000
four_cluster,300,10208,alns_no_refine,1.00000000,17,5280.29606011,17.60098687,0.82753882,0.00000000,0.52127158,0.03500000
four_cluster,300,10208,fixed_gno_refine,1.00000000,30,21023.08582155,70.07695274,18.93504512,0.00000000,0.81198318,0.03600000
four_cluster,300,10208,alns_sca_lite,1.00000000,20,18478.65472256,61.59551574,13.19027328,0.00000000,0.72297399,0.06500000
four_cluster,300,10208,pso_low_3x4,1.00000000,20,4603.97114254,15.34657048,0.99566716,0.00000000,0.52975569,0.02200000
four_cluster,300,10208,pso_mid_6x8,1.00000000,20,7224.57600196,24.08192001,3.25062305,0.00000000,0.62483688,0.07600000
four_cluster,300,10208,pso_high_12x16,1.00000000,20,9032.34615707,30.10782052,4.37378487,0.00000000,0.67936230,0.27800000
four_cluster,300,10209,kmeans_grid,0.90666667,15,21175.61245621,70.58537485,0.00000000,0.09333333,0.65682102,0.00400000
four_cluster,300,10209,gno,1.00000000,30,4590.45792250,15.30152641,2.58082832,0.00000000,0.40816681,0.00400000
four_cluster,300,10209,alns_no_refine,1.00000000,18,5195.89949960,17.31966500,2.67594737,0.00000000,0.40964987,0.03700000
four_cluster,300,10209,fixed_gno_refine,1.00000000,30,4590.45792250,15.30152641,2.58082832,0.00000000,0.40816681,0.03700000
four_cluster,300,10209,alns_sca_lite,1.00000000,18,5435.43398139,18.11811327,2.96767102,0.00000000,0.43015089,0.06800000
four_cluster,300,10209,pso_low_3x4,0.98000000,18,7764.78715594,25.88262385,1.13201281,0.02000000,0.55574062,0.01600000
four_cluster,300,10209,pso_mid_6x8,0.99666667,18,6677.03084752,22.25676949,1.18839755,0.00333333,0.62916464,0.05900000
four_cluster,300,10209,pso_high_12x16,1.00000000,18,9080.55198453,30.26850662,4.39549862,0.00000000,0.69841661,0.24600000
four_cluster,300,10210,kmeans_grid,0.89000000,15,17443.23397467,58.14411325,0.00000000,0.11000000,0.61187830,0.00300000
four_cluster,300,10210,gno,0.99666667,30,4558.98330556,15.19661102,2.14744660,0.00333333,0.45717090,0.00400000
four_cluster,300,10210,alns_no_refine,0.99666667,23,4736.24626230,15.78748754,2.10332608,0.00333333,0.45312120,0.04600000
four_cluster,300,10210,fixed_gno_refine,1.00000000,30,9464.91211483,31.54970705,5.41216607,0.00000000,0.55987723,0.03300000
four_cluster,300,10210,alns_sca_lite,1.00000000,21,10851.71453864,36.17238180,3.60290785,0.00000000,0.58598197,0.07200000
four_cluster,300,10210,pso_low_3x4,1.00000000,21,7363.01679607,24.54338932,4.75140697,0.00000000,0.68163106,0.02300000
four_cluster,300,10210,pso_mid_6x8,1.00000000,21,6857.29414408,22.85764715,1.99112182,0.00000000,0.62048098,0.08200000
four_cluster,300,10210,pso_high_12x16,1.00000000,21,8627.09729807,28.75699099,8.29419680,0.00000000,0.65769114,0.31100000
four_cluster,300,10211,kmeans_grid,0.92000000,15,18218.58591752,60.72861973,0.00000000,0.08000000,0.61307918,0.00400000
four_cluster,300,10211,gno,1.00000000,30,4320.08988192,14.40029961,3.05423761,0.00000000,0.53827977,0.00300000
four_cluster,300,10211,alns_no_refine,1.00000000,20,4521.79849573,15.07266165,2.62528314,0.00000000,0.52998359,0.04200000
four_cluster,300,10211,fixed_gno_refine,1.00000000,30,8213.39344318,27.37797814,3.43601804,0.00000000,0.61628609,0.03500000
four_cluster,300,10211,alns_sca_lite,1.00000000,19,4407.48784532,14.69162615,3.03344025,0.00000000,0.54862795,0.06500000
four_cluster,300,10211,pso_low_3x4,0.99333333,19,6548.70592375,21.82901975,2.80184951,0.00666667,0.61494466,0.01900000
four_cluster,300,10211,pso_mid_6x8,1.00000000,19,7246.71976932,24.15573256,3.49730211,0.00000000,0.61024466,0.07300000
four_cluster,300,10211,pso_high_12x16,1.00000000,19,9494.14748374,31.64715828,4.12910070,0.00000000,0.68676249,0.25200000
four_cluster,300,10212,kmeans_grid,0.92333333,15,19922.11037795,66.40703459,0.00000000,0.07666667,0.62806448,0.00300000
four_cluster,300,10212,gno,0.99666667,30,3742.32103927,12.47440346,1.87875903,0.00333333,0.49862129,0.00300000
four_cluster,300,10212,alns_no_refine,0.99666667,26,4037.78989111,13.45929964,1.97396879,0.00333333,0.49624474,0.04100000
four_cluster,300,10212,fixed_gno_refine,1.00000000,30,19570.93551310,65.23645171,17.36801130,0.00000000,0.78668406,0.03200000
four_cluster,300,10212,alns_sca_lite,1.00000000,18,22124.58170458,73.74860568,15.68935377,0.00000000,0.74832775,0.05800000
four_cluster,300,10212,pso_low_3x4,0.99333333,18,6750.71837423,22.50239458,3.47201602,0.00666667,0.50979000,0.01700000
four_cluster,300,10212,pso_mid_6x8,0.99666667,18,6109.18846552,20.36396155,1.94111017,0.00333333,0.43962044,0.06100000
four_cluster,300,10212,pso_high_12x16,1.00000000,18,7648.41838571,25.49472795,2.42658187,0.00000000,0.53116990,0.25400000
four_cluster,300,10213,kmeans_grid,0.88000000,15,17315.06590481,57.71688635,0.00000000,0.12000000,0.59605150,0.00400000
four_cluster,300,10213,gno,1.00000000,30,4052.28422428,13.50761408,2.60812632,0.00000000,0.62502331,0.00400000
four_cluster,300,10213,alns_no_refine,1.00000000,17,4528.81447142,15.09604824,1.46058905,0.00000000,0.60916329,0.03400000
four_cluster,300,10213,fixed_gno_refine,1.00000000,30,4052.28422428,13.50761408,2.60812632,0.00000000,0.62502331,0.03400000
four_cluster,300,10213,alns_sca_lite,1.00000000,20,4883.88952021,16.27963173,1.49992098,0.00000000,0.60643532,0.06100000
four_cluster,300,10213,pso_low_3x4,1.00000000,20,6826.93191147,22.75643970,5.68342557,0.00000000,0.64207423,0.02100000
four_cluster,300,10213,pso_mid_6x8,1.00000000,20,7362.47658996,24.54158863,2.46220211,0.00000000,0.64679616,0.07000000
four_cluster,300,10213,pso_high_12x16,1.00000000,20,8214.14512929,27.38048376,4.41420976,0.00000000,0.57896217,0.25900000
four_cluster,300,10214,kmeans_grid,0.94000000,15,20403.45619028,68.01152063,0.00000000,0.06000000,0.64572206,0.00300000
four_cluster,300,10214,gno,1.00000000,30,5406.48513092,18.02161710,1.76208415,0.00000000,0.52123611,0.00300000
four_cluster,300,10214,alns_no_refine,1.00000000,20,5606.29326819,18.68764423,1.98876267,0.00000000,0.51221832,0.03400000
four_cluster,300,10214,fixed_gno_refine,1.00000000,30,11865.71074851,39.55236916,11.10258948,0.00000000,0.70303807,0.02900000
four_cluster,300,10214,alns_sca_lite,1.00000000,23,14711.80882730,49.03936276,8.32130543,0.00000000,0.74427459,0.06100000
four_cluster,300,10214,pso_low_3x4,1.00000000,23,6920.04696952,23.06682323,3.05588635,0.00000000,0.59970474,0.02000000
four_cluster,300,10214,pso_mid_6x8,1.00000000,23,8191.48442263,27.30494808,5.77512855,0.00000000,0.68210881,0.08700000
four_cluster,300,10214,pso_high_12x16,1.00000000,23,9516.45830125,31.72152767,7.10502742,0.00000000,0.65299957,0.28400000
four_cluster,300,10215,kmeans_grid,0.89333333,15,18647.73458578,62.15911529,0.00000000,0.10666667,0.57858918,0.00300000
four_cluster,300,10215,gno,1.00000000,30,3933.60047622,13.11200159,1.44442658,0.00000000,0.55547998,0.00300000
four_cluster,300,10215,alns_no_refine,1.00000000,17,4112.93868833,13.70979563,1.21459651,0.00000000,0.54504243,0.03300000
four_cluster,300,10215,fixed_gno_refine,1.00000000,30,3933.60047622,13.11200159,1.44442658,0.00000000,0.55547998,0.03300000
four_cluster,300,10215,alns_sca_lite,1.00000000,18,4200.33424395,14.00111415,1.28156412,0.00000000,0.56152219,0.06200000
four_cluster,300,10215,pso_low_3x4,1.00000000,18,6487.28729386,21.62429098,1.39786742,0.00000000,0.50303398,0.01700000
four_cluster,300,10215,pso_mid_6x8,1.00000000,18,6611.66974981,22.03889917,1.66349264,0.00000000,0.54265273,0.05300000
four_cluster,300,10215,pso_high_12x16,1.00000000,18,7540.42422195,25.13474741,2.62680398,0.00000000,0.54715474,0.21200000
four_cluster,300,10216,kmeans_grid,0.84333333,15,16134.47262316,53.78157541,0.00000000,0.15666667,0.56407108,0.00300000
four_cluster,300,10216,gno,1.00000000,30,3940.39674127,13.13465580,1.38294586,0.00000000,0.53213412,0.00300000
four_cluster,300,10216,alns_no_refine,1.00000000,21,4202.46237658,14.00820792,1.28537555,0.00000000,0.50144637,0.03500000
four_cluster,300,10216,fixed_gno_refine,1.00000000,30,3940.39674127,13.13465580,1.38294586,0.00000000,0.53213412,0.03700000
four_cluster,300,10216,alns_sca_lite,1.00000000,19,4232.77073636,14.10923579,1.45285549,0.00000000,0.51503880,0.06100000
four_cluster,300,10216,pso_low_3x4,1.00000000,19,6549.64837140,21.83216124,4.71767534,0.00000000,0.72117557,0.01700000
four_cluster,300,10216,pso_mid_6x8,0.98666667,19,10608.78938450,35.36263128,1.79946711,0.01333333,0.54484902,0.05900000
four_cluster,300,10216,pso_high_12x16,1.00000000,19,9096.73208313,30.32244028,3.02534646,0.00000000,0.67121085,0.24300000
four_cluster,300,10217,kmeans_grid,0.91666667,15,19377.19791968,64.59065973,0.00000000,0.08333333,0.63106061,0.00400000
four_cluster,300,10217,gno,0.99666667,30,5082.39129418,16.94130431,1.18082863,0.00333333,0.50646090,0.00300000
four_cluster,300,10217,alns_no_refine,0.99666667,19,5807.63526904,19.35878423,1.09963922,0.00333333,0.53118963,0.03200000
four_cluster,300,10217,fixed_gno_refine,1.00000000,30,19877.51827533,66.25839425,18.07585403,0.00000000,0.78776916,0.03200000
four_cluster,300,10217,alns_sca_lite,1.00000000,19,20987.07292643,69.95690975,15.82006750,0.00000000,0.74251082,0.05800000
four_cluster,300,10217,pso_low_3x4,0.99000000,19,7450.69110433,24.83563701,1.88740796,0.01000000,0.66536557,0.01700000
four_cluster,300,10217,pso_mid_6x8,1.00000000,19,7715.23810257,25.71746034,4.38505318,0.00000000,0.71710231,0.06500000
four_cluster,300,10217,pso_high_12x16,1.00000000,19,8107.02239208,27.02340797,1.85998571,0.00000000,0.58251441,0.23700000
four_cluster,300,10218,kmeans_grid,0.91000000,15,17661.26813974,58.87089380,0.00000000,0.09000000,0.60395873,0.00300000
four_cluster,300,10218,gno,1.00000000,30,3878.37235866,12.92790786,1.96616196,0.00000000,0.53310142,0.00300000
four_cluster,300,10218,alns_no_refine,1.00000000,19,4893.46183987,16.31153947,1.69079952,0.00000000,0.50223066,0.03700000
four_cluster,300,10218,fixed_gno_refine,1.00000000,30,7446.71450495,24.82238168,4.44422228,0.00000000,0.62647284,0.03800000
four_cluster,300,10218,alns_sca_lite,1.00000000,22,11385.86042537,37.95286808,6.14356211,0.00000000,0.64059909,0.06700000
four_cluster,300,10218,pso_low_3x4,1.00000000,22,6853.78078261,22.84593594,2.10778835,0.00000000,0.67374103,0.02400000
four_cluster,300,10218,pso_mid_6x8,1.00000000,22,7634.65331130,25.44884437,2.77057663,0.00000000,0.69433283,0.07200000
four_cluster,300,10218,pso_high_12x16,1.00000000,22,9276.94492060,30.92314974,5.91761817,0.00000000,0.66579740,0.28000000
four_cluster,300,10219,kmeans_grid,0.94333333,15,20943.94734095,69.81315780,0.00000000,0.05666667,0.67659760,0.00300000
four_cluster,300,10219,gno,1.00000000,30,4577.43171494,15.25810572,1.31962844,0.00000000,0.44410394,0.00300000
four_cluster,300,10219,alns_no_refine,1.00000000,18,5263.50057798,17.54500193,1.23453356,0.00000000,0.42240978,0.03700000
four_cluster,300,10219,fixed_gno_refine,1.00000000,30,20346.92345023,67.82307817,16.63016522,0.00000000,0.78045274,0.03200000
four_cluster,300,10219,alns_sca_lite,1.00000000,20,19754.76691455,65.84922305,11.78546267,0.00000000,0.70243690,0.05600000
four_cluster,300,10219,pso_low_3x4,0.99666667,20,6789.33599195,22.63111997,2.12744456,0.00333333,0.59536631,0.01900000
four_cluster,300,10219,pso_mid_6x8,1.00000000,20,7282.72070237,24.27573567,2.01389089,0.00000000,0.63635404,0.06800000
four_cluster,300,10219,pso_high_12x16,1.00000000,20,7601.88754902,25.33962516,2.49754468,0.00000000,0.71399354,0.23100000
four_cluster,300,10220,kmeans_grid,0.91000000,15,18659.31453781,62.19771513,0.00000000,0.09000000,0.61440900,0.00300000
four_cluster,300,10220,gno,1.00000000,30,4537.32865628,15.12442885,2.96856067,0.00000000,0.49707856,0.00300000
four_cluster,300,10220,alns_no_refine,1.00000000,23,4997.44757339,16.65815858,2.45216770,0.00000000,0.49613654,0.03800000
four_cluster,300,10220,fixed_gno_refine,1.00000000,30,4537.32865628,15.12442885,2.96856067,0.00000000,0.49707856,0.03400000
four_cluster,300,10220,alns_sca_lite,1.00000000,25,4695.61107683,15.65203692,3.01102357,0.00000000,0.50187086,0.06400000
four_cluster,300,10220,pso_low_3x4,1.00000000,25,6415.06944660,21.38356482,5.39146958,0.00000000,0.75363488,0.02300000
four_cluster,300,10220,pso_mid_6x8,1.00000000,25,8404.49855556,28.01499519,9.92167165,0.00000000,0.66529340,0.07700000
four_cluster,300,10220,pso_high_12x16,1.00000000,25,9205.12069161,30.68373564,3.01213285,0.00000000,0.61271853,0.34300000
four_cluster,300,10221,kmeans_grid,0.90666667,15,18002.60763851,60.00869213,0.00000000,0.09333333,0.59482417,0.00300000
four_cluster,300,10221,gno,1.00000000,30,4253.93885789,14.17979619,3.42385112,0.00000000,0.45087215,0.00400000
four_cluster,300,10221,alns_no_refine,1.00000000,18,5303.83094031,17.67943647,2.92061078,0.00000000,0.46825540,0.03100000
four_cluster,300,10221,fixed_gno_refine,1.00000000,30,21318.73021079,71.06243404,18.63503017,0.00000000,0.80240295,0.02900000
four_cluster,300,10221,alns_sca_lite,1.00000000,20,20349.13210368,67.83044035,16.21652773,0.00000000,0.75268606,0.05600000
four_cluster,300,10221,pso_low_3x4,1.00000000,20,6916.47178499,23.05490595,2.20012655,0.00000000,0.63185416,0.05600000
four_cluster,300,10221,pso_mid_6x8,1.00000000,20,7454.57086855,24.84856956,2.47752913,0.00000000,0.58464467,0.09300000
four_cluster,300,10221,pso_high_12x16,1.00000000,20,8542.24532576,28.47415109,4.59926748,0.00000000,0.65521966,0.25300000
four_cluster,300,10222,kmeans_grid,0.93333333,15,19596.75175880,65.32250586,0.00000000,0.06666667,0.65424417,0.00300000
four_cluster,300,10222,gno,0.97666667,30,5486.51064102,18.28836880,2.03694503,0.02333333,0.40162536,0.00300000
four_cluster,300,10222,alns_no_refine,0.97666667,19,6027.10508448,20.09035028,1.99427255,0.02333333,0.41277016,0.03200000
four_cluster,300,10222,fixed_gno_refine,1.00000000,30,18506.51991094,61.68839970,15.47448735,0.00000000,0.77151822,0.03000000
four_cluster,300,10222,alns_sca_lite,1.00000000,22,18608.77219404,62.02924065,13.19571272,0.00000000,0.70891946,0.05300000
four_cluster,300,10222,pso_low_3x4,1.00000000,22,6863.22255788,22.87740853,6.87873634,0.00000000,0.72578355,0.01900000
four_cluster,300,10222,pso_mid_6x8,1.00000000,22,6394.89516692,21.31631722,6.02298980,0.00000000,0.63006672,0.06900000
four_cluster,300,10222,pso_high_12x16,1.00000000,22,8465.18429108,28.21728097,4.81621559,0.00000000,0.67296112,0.26700000
four_cluster,300,10223,kmeans_grid,0.93000000,15,19422.18944312,64.74063148,0.00000000,0.07000000,0.67388965,0.00300000
four_cluster,300,10223,gno,0.98666667,30,4773.67456107,15.91224854,1.22280097,0.01333333,0.46082110,0.00300000
four_cluster,300,10223,alns_no_refine,1.00000000,17,4721.54505554,15.73848352,1.46312122,0.00000000,0.47663249,0.03300000
four_cluster,300,10223,fixed_gno_refine,0.98666667,30,4773.67456107,15.91224854,1.22280097,0.01333333,0.46082110,0.03300000
four_cluster,300,10223,alns_sca_lite,1.00000000,17,4857.34071846,16.19113573,1.31672409,0.00000000,0.46757839,0.05500000
four_cluster,300,10223,pso_low_3x4,0.98000000,17,6031.84328925,20.10614430,1.53642812,0.02000000,0.67180049,0.01800000
four_cluster,300,10223,pso_mid_6x8,1.00000000,17,8358.11470878,27.86038236,2.96218626,0.00000000,0.67080413,0.05700000
four_cluster,300,10223,pso_high_12x16,1.00000000,17,6305.46910222,21.01823034,3.78213326,0.00000000,0.57587860,0.23000000
four_cluster,300,10224,kmeans_grid,0.89666667,15,19862.86227311,66.20954091,0.00000000,0.10333333,0.61822971,0.00200000
four_cluster,300,10224,gno,1.00000000,30,3964.31901435,13.21439671,2.86691769,0.00000000,0.61950074,0.00300000
four_cluster,300,10224,alns_no_refine,1.00000000,17,4563.85644785,15.21285483,1.92800755,0.00000000,0.46701647,0.03700000
four_cluster,300,10224,fixed_gno_refine,1.00000000,30,18522.52153835,61.74173846,17.74940034,0.00000000,0.77531908,0.03100000
four_cluster,300,10224,alns_sca_lite,1.00000000,23,20285.41275949,67.61804253,18.23538273,0.00000000,0.75985821,0.05200000
four_cluster,300,10224,pso_low_3x4,0.99666667,23,7379.35044890,24.59783483,2.97368015,0.00333333,0.64885436,0.01800000
four_cluster,300,10224,pso_mid_6x8,1.00000000,23,7772.91394620,25.90971315,3.88311758,0.00000000,0.68327989,0.07700000
four_cluster,300,10224,pso_high_12x16,1.00000000,23,8563.55221715,28.54517406,3.86162228,0.00000000,0.67744934,0.27400000
four_cluster,300,10225,kmeans_grid,0.87333333,15,17775.19691748,59.25065639,0.00000000,0.12666667,0.58427536,0.00300000
four_cluster,300,10225,gno,1.00000000,30,4747.84536580,15.82615122,2.18667877,0.00000000,0.54805804,0.00300000
four_cluster,300,10225,alns_no_refine,1.00000000,22,5567.11017224,18.55703391,1.56925575,0.00000000,0.54328386,0.03200000
four_cluster,300,10225,fixed_gno_refine,1.00000000,30,8158.07572088,27.19358574,2.62023995,0.00000000,0.64625205,0.03300000
four_cluster,300,10225,alns_sca_lite,1.00000000,22,8716.06051403,29.05353505,1.99012817,0.00000000,0.66503671,0.05800000
four_cluster,300,10225,pso_low_3x4,1.00000000,22,6260.08105480,20.86693685,4.02589043,0.00000000,0.65648975,0.01900000
four_cluster,300,10225,pso_mid_6x8,1.00000000,22,6759.40426765,22.53134756,2.46648639,0.00000000,0.66249608,0.07500000
four_cluster,300,10225,pso_high_12x16,1.00000000,22,9576.36160509,31.92120535,2.05294873,0.00000000,0.60476207,0.27000000
four_cluster,300,10226,kmeans_grid,0.91000000,15,18705.86756387,62.35289188,0.00000000,0.09000000,0.61658111,0.00300000
four_cluster,300,10226,gno,0.99333333,30,3998.95758155,13.32985861,1.38620671,0.00666667,0.42524636,0.00300000
four_cluster,300,10226,alns_no_refine,0.99666667,19,3561.67854773,11.87226183,1.01368497,0.00333333,0.46784959,0.03200000
four_cluster,300,10226,fixed_gno_refine,1.00000000,30,20233.49678426,67.44498928,17.32554277,0.00000000,0.80230445,0.03100000
four_cluster,300,10226,alns_sca_lite,1.00000000,18,22025.12792099,73.41709307,17.61096256,0.00000000,0.74134154,0.05500000
four_cluster,300,10226,pso_low_3x4,0.99000000,18,6114.41748973,20.38139163,1.50765744,0.01000000,0.59115677,0.01500000
four_cluster,300,10226,pso_mid_6x8,1.00000000,18,8109.50385510,27.03167952,3.17027951,0.00000000,0.64643622,0.05900000
four_cluster,300,10226,pso_high_12x16,1.00000000,18,7364.90623523,24.54968745,2.23832199,0.00000000,0.50290441,0.23600000
four_cluster,300,10227,kmeans_grid,0.87000000,15,18950.14938364,63.16716461,0.00000000,0.13000000,0.61349290,0.00300000
four_cluster,300,10227,gno,1.00000000,30,5071.97363738,16.90657879,4.26733004,0.00000000,0.53358145,0.00300000
four_cluster,300,10227,alns_no_refine,1.00000000,19,5418.23069345,18.06076898,4.32501577,0.00000000,0.53647068,0.03200000
four_cluster,300,10227,fixed_gno_refine,1.00000000,30,22005.74097346,73.35246991,21.51388696,0.00000000,0.80871496,0.02900000
four_cluster,300,10227,alns_sca_lite,1.00000000,20,21398.16332787,71.32721109,15.16190460,0.00000000,0.74932281,0.05100000
four_cluster,300,10227,pso_low_3x4,1.00000000,20,6720.82027900,22.40273426,4.84590608,0.00000000,0.63930849,0.01800000
four_cluster,300,10227,pso_mid_6x8,1.00000000,20,6846.94894498,22.82316315,1.74267698,0.00000000,0.59646978,0.06300000
four_cluster,300,10227,pso_high_12x16,1.00000000,20,10006.79545181,33.35598484,5.84720794,0.00000000,0.67140451,0.25600000
four_cluster,300,10228,kmeans_grid,0.93000000,15,17246.54201602,57.48847339,0.00000000,0.07000000,0.59621597,0.00300000
four_cluster,300,10228,gno,1.00000000,30,4528.50200268,15.09500668,3.21592429,0.00000000,0.51591053,0.00300000
four_cluster,300,10228,alns_no_refine,1.00000000,19,5520.40971190,18.40136571,3.18210271,0.00000000,0.53573250,0.03200000
four_cluster,300,10228,fixed_gno_refine,1.00000000,30,4528.50200268,15.09500668,3.21592429,0.00000000,0.51591053,0.02900000
four_cluster,300,10228,alns_sca_lite,1.00000000,17,5530.90045006,18.43633483,2.32137419,0.00000000,0.51524738,0.05500000
four_cluster,300,10228,pso_low_3x4,0.99000000,17,7788.40381469,25.96134605,2.07026744,0.01000000,0.65789119,0.01600000
four_cluster,300,10228,pso_mid_6x8,1.00000000,17,6787.63762801,22.62545876,1.08087244,0.00000000,0.56850559,0.05800000
four_cluster,300,10228,pso_high_12x16,1.00000000,17,7396.19357470,24.65397858,2.48511305,0.00000000,0.62083434,0.22300000
four_cluster,300,10229,kmeans_grid,0.90333333,15,19482.33591507,64.94111972,0.00000000,0.09666667,0.63977479,0.00300000
four_cluster,300,10229,gno,1.00000000,30,4656.85028131,15.52283427,2.27456487,0.00000000,0.61786755,0.00300000
four_cluster,300,10229,alns_no_refine,1.00000000,20,5714.27459215,19.04758197,2.45870545,0.00000000,0.56153116,0.03300000
four_cluster,300,10229,fixed_gno_refine,1.00000000,30,4656.85028131,15.52283427,2.27456487,0.00000000,0.61786755,0.03000000
four_cluster,300,10229,alns_sca_lite,1.00000000,20,5465.53594704,18.21845316,2.04996346,0.00000000,0.61221712,0.06200000
four_cluster,300,10229,pso_low_3x4,0.99000000,20,5881.61582045,19.60538607,1.66390370,0.01000000,0.68137434,0.01900000
four_cluster,300,10229,pso_mid_6x8,1.00000000,20,6970.58738653,23.23529129,2.61800832,0.00000000,0.67089948,0.06300000
four_cluster,300,10229,pso_high_12x16,1.00000000,20,7937.64392226,26.45881307,4.13097661,0.00000000,0.52564244,0.27300000
four_cluster,400,10300,kmeans_grid,0.89500000,20,23381.36947642,58.45342369,0.00000000,0.10500000,0.62322068,0.00500000
four_cluster,400,10300,gno,1.00000000,40,5163.12764118,12.90781910,2.15941562,0.00000000,0.59826423,0.00500000
four_cluster,400,10300,alns_no_refine,1.00000000,24,5799.88986762,14.49972467,1.83635891,0.00000000,0.58116493,0.05900000
four_cluster,400,10300,fixed_gno_refine,1.00000000,40,5163.12764118,12.90781910,2.15941562,0.00000000,0.59826423,0.05200000
four_cluster,400,10300,alns_sca_lite,1.00000000,25,6049.51798349,15.12379496,1.67200930,0.00000000,0.59688252,0.10000000
four_cluster,400,10300,pso_low_3x4,0.99500000,25,8056.86341409,20.14215854,1.04025279,0.00500000,0.58152859,0.03000000
four_cluster,400,10300,pso_mid_6x8,0.99750000,25,6309.68068783,15.77420172,1.59361378,0.00250000,0.59602901,0.11100000
four_cluster,400,10300,pso_high_12x16,1.00000000,25,7887.29021023,19.71822553,2.65415286,0.00000000,0.66363102,0.41100000
four_cluster,400,10301,kmeans_grid,0.92250000,20,23420.62567764,58.55156419,0.00000000,0.07750000,0.65247999,0.00500000
four_cluster,400,10301,gno,0.98750000,40,5647.22640477,14.11806601,1.12023438,0.01250000,0.47245348,0.00600000
four_cluster,400,10301,alns_no_refine,0.98750000,25,6707.57802576,16.76894506,1.14260910,0.01250000,0.47203624,0.05800000
four_cluster,400,10301,fixed_gno_refine,1.00000000,40,24094.58588267,60.23646471,16.01195412,0.00000000,0.78723570,0.04900000
four_cluster,400,10301,alns_sca_lite,1.00000000,33,17357.11885031,43.39279713,9.98914225,0.00000000,0.69478055,0.10600000
four_cluster,400,10301,pso_low_3x4,1.00000000,33,7637.21444694,19.09303612,3.17010885,0.00000000,0.58311107,0.04400000
four_cluster,400,10301,pso_mid_6x8,1.00000000,33,8825.98891974,22.06497230,3.47270063,0.00000000,0.64742321,0.13800000
four_cluster,400,10301,pso_high_12x16,1.00000000,33,8711.44492978,21.77861232,6.18958212,0.00000000,0.55132270,0.53800000
four_cluster,400,10302,kmeans_grid,0.93750000,20,24213.84586882,60.53461467,0.00000000,0.06250000,0.65745717,0.00500000
four_cluster,400,10302,gno,0.98750000,40,5753.39500751,14.38348752,1.64202191,0.01250000,0.43371134,0.00500000
four_cluster,400,10302,alns_no_refine,0.98750000,30,6024.46221259,15.06115553,1.37766076,0.01250000,0.42789750,0.06200000
four_cluster,400,10302,fixed_gno_refine,1.00000000,40,17254.68870977,43.13672177,9.18672076,0.00000000,0.70604492,0.04900000
four_cluster,400,10302,alns_sca_lite,1.00000000,31,18496.64983806,46.24162460,12.17356646,0.00000000,0.72226045,0.10500000
four_cluster,400,10302,pso_low_3x4,1.00000000,31,8707.48388977,21.76870972,5.10648562,0.00000000,0.72962022,0.04100000
four_cluster,400,10302,pso_mid_6x8,1.00000000,31,7547.95579383,18.86988948,6.45463871,0.00000000,0.74957465,0.12900000
four_cluster,400,10302,pso_high_12x16,1.00000000,31,9973.36565979,24.93341415,2.84188923,0.00000000,0.61877997,0.48000000
four_cluster,400,10303,kmeans_grid,0.86750000,20,23106.53242531,57.76633106,0.00000000,0.13250000,0.62391000,0.00400000
four_cluster,400,10303,gno,0.99500000,40,4104.53180164,10.26132950,1.81584400,0.00500000,0.44330697,0.00500000
four_cluster,400,10303,alns_no_refine,0.99500000,22,4966.35247493,12.41588119,1.69565612,0.00500000,0.40126795,0.05700000
four_cluster,400,10303,fixed_gno_refine,1.00000000,40,25224.24883240,63.06062208,18.27070687,0.00000000,0.79281705,0.04900000
four_cluster,400,10303,alns_sca_lite,1.00000000,27,28089.59070832,70.22397677,17.87949964,0.00000000,0.77840270,0.09500000
four_cluster,400,10303,pso_low_3x4,1.00000000,27,8884.10389522,22.21025974,2.90402210,0.00000000,0.67863845,0.03100000
four_cluster,400,10303,pso_mid_6x8,1.00000000,27,8130.77887624,20.32694719,3.19756168,0.00000000,0.63075584,0.13400000
four_cluster,400,10303,pso_high_12x16,1.00000000,27,9510.33959447,23.77584899,4.24860640,0.00000000,0.60224559,0.46500000
four_cluster,400,10304,kmeans_grid,0.87250000,20,22185.77181599,55.46442954,0.00000000,0.12750000,0.57250601,0.00400000
four_cluster,400,10304,gno,1.00000000,40,6079.82463640,15.19956159,2.93988053,0.00000000,0.55955675,0.00500000
four_cluster,400,10304,alns_no_refine,1.00000000,25,6576.41893219,16.44104733,1.43881483,0.00000000,0.52808492,0.05800000
four_cluster,400,10304,fixed_gno_refine,1.00000000,40,6079.82463640,15.19956159,2.93988053,0.00000000,0.55955675,0.04800000
four_cluster,400,10304,alns_sca_lite,1.00000000,28,6708.95121750,16.77237804,1.75036401,0.00000000,0.55315006,0.10300000
four_cluster,400,10304,pso_low_3x4,1.00000000,28,7132.22789703,17.83056974,4.83292651,0.00000000,0.68381803,0.03500000
four_cluster,400,10304,pso_mid_6x8,1.00000000,28,8634.92643764,21.58731609,4.68854986,0.00000000,0.64692884,0.12500000
four_cluster,400,10304,pso_high_12x16,1.00000000,28,8219.92131610,20.54980329,2.66736867,0.00000000,0.63618492,0.42700000
four_cluster,400,10305,kmeans_grid,0.90500000,20,25173.18945427,62.93297364,0.00000000,0.09500000,0.66924405,0.00400000
four_cluster,400,10305,gno,1.00000000,40,5425.67117150,13.56417793,2.51263336,0.00000000,0.52687151,0.00400000
four_cluster,400,10305,alns_no_refine,1.00000000,25,5924.71993275,14.81179983,2.85254519,0.00000000,0.53227429,0.06200000
four_cluster,400,10305,fixed_gno_refine,1.00000000,40,5425.67117150,13.56417793,2.51263336,0.00000000,0.52687151,0.05300000
four_cluster,400,10305,alns_sca_lite,1.00000000,26,6410.44275825,16.02610690,2.25658445,0.00000000,0.53366122,0.10300000
four_cluster,400,10305,pso_low_3x4,1.00000000,26,6351.83235476,15.87958089,4.33594230,0.00000000,0.77506098,0.03500000
four_cluster,400,10305,pso_mid_6x8,1.00000000,26,8726.38980940,21.81597452,2.27816435,0.00000000,0.66303431,0.11700000
four_cluster,400,10305,pso_high_12x16,1.00000000,26,10491.81693662,26.22954234,4.04318400,0.00000000,0.72402132,0.44200000
four_cluster,400,10306,kmeans_grid,0.88000000,20,22872.99041584,57.18247604,0.00000000,0.12000000,0.62640740,0.00500000
four_cluster,400,10306,gno,1.00000000,40,4768.63294811,11.92158237,1.96149966,0.00000000,0.56210918,0.00500000
four_cluster,400,10306,alns_no_refine,1.00000000,26,5653.63382665,14.13408457,1.60568176,0.00000000,0.54679949,0.05900000
four_cluster,400,10306,fixed_gno_refine,1.00000000,40,9057.66565774,22.64416414,4.78486455,0.00000000,0.59997334,0.05000000
four_cluster,400,10306,alns_sca_lite,1.00000000,25,9187.40193915,22.96850485,2.04501588,0.00000000,0.57633701,0.09800000
four_cluster,400,10306,pso_low_3x4,0.99750000,25,7950.89307902,19.87723270,3.10157799,0.00250000,0.65370682,0.03000000
four_cluster,400,10306,pso_mid_6x8,1.00000000,25,7571.78891048,18.92947228,3.54924731,0.00000000,0.65942325,0.09900000
four_cluster,400,10306,pso_high_12x16,1.00000000,25,8875.76232246,22.18940581,3.84377819,0.00000000,0.69103609,0.38200000
four_cluster,400,10307,kmeans_grid,0.92000000,20,24533.85733657,61.33464334,0.00000000,0.08000000,0.66407425,0.00400000
four_cluster,400,10307,gno,0.99750000,40,5014.44853027,12.53612133,2.38913897,0.00250000,0.40889627,0.00400000
four_cluster,400,10307,alns_no_refine,1.00000000,24,5335.42436101,13.33856090,1.48426111,0.00000000,0.44365883,0.05600000
four_cluster,400,10307,fixed_gno_refine,0.99750000,40,5014.44853027,12.53612133,2.38913897,0.00250000,0.40889627,0.04800000
four_cluster,400,10307,alns_sca_lite,0.99750000,24,8808.12611359,22.02031528,1.77862252,0.00250000,0.53756026,0.10000000
four_cluster,400,10307,pso_low_3x4,0.97500000,24,7150.04613571,17.87511534,0.89827461,0.02500000,0.53506194,0.02700000
four_cluster,400,10307,pso_mid_6x8,1.00000000,24,7306.79766521,18.26699416,2.11996125,0.00000000,0.63707484,0.10100000
four_cluster,400,10307,pso_high_12x16,1.00000000,24,9617.41635106,24.04354088,1.54824083,0.00000000,0.57552017,0.39400000
four_cluster,400,10308,kmeans_grid,0.89500000,20,23665.12181209,59.16280453,0.00000000,0.10500000,0.62187426,0.00400000
four_cluster,400,10308,gno,1.00000000,40,5289.12417428,13.22281044,2.59343894,0.00000000,0.47998871,0.00500000
four_cluster,400,10308,alns_no_refine,1.00000000,28,5877.61840248,14.69404601,2.61967682,0.00000000,0.47442433,0.05900000
four_cluster,400,10308,fixed_gno_refine,1.00000000,40,5289.12417428,13.22281044,2.59343894,0.00000000,0.47998871,0.05000000
four_cluster,400,10308,alns_sca_lite,1.00000000,25,5684.78666624,14.21196667,2.64405069,0.00000000,0.48520033,0.09700000
four_cluster,400,10308,pso_low_3x4,0.99250000,25,8432.73348149,21.08183370,1.35750315,0.00750000,0.59386626,0.02800000
four_cluster,400,10308,pso_mid_6x8,1.00000000,25,7966.11935144,19.91529838,1.86943191,0.00000000,0.59878930,0.10100000
four_cluster,400,10308,pso_high_12x16,1.00000000,25,8182.69105629,20.45672764,1.02644274,0.00000000,0.59728781,0.42400000
four_cluster,400,10309,kmeans_grid,0.93750000,20,24046.31341106,60.11578353,0.00000000,0.06250000,0.63573640,0.00500000
four_cluster,400,10309,gno,0.99750000,40,5062.76732374,12.65691831,1.74033094,0.00250000,0.52217770,0.00500000
four_cluster,400,10309,alns_no_refine,0.99750000,25,5603.92324684,14.00980812,1.57462358,0.00250000,0.49298031,0.06000000
four_cluster,400,10309,fixed_gno_refine,1.00000000,40,24984.17641056,62.46044103,19.28689469,0.00000000,0.80252067,0.04800000
four_cluster,400,10309,alns_sca_lite,1.00000000,29,17270.72174157,43.17680435,10.17892568,0.00000000,0.67732932,0.09600000
four_cluster,400,10309,pso_low_3x4,1.00000000,29,6701.42588879,16.75356472,4.61957748,0.00000000,0.67937362,0.03300000
four_cluster,400,10309,pso_mid_6x8,1.00000000,29,8859.21988139,22.14804970,2.49038957,0.00000000,0.63795355,0.12800000
four_cluster,400,10309,pso_high_12x16,1.00000000,29,9290.80198687,23.22700497,5.27163473,0.00000000,0.70384856,0.46900000
four_cluster,400,10310,kmeans_grid,0.93000000,20,24326.46413921,60.81616035,0.00000000,0.07000000,0.64764984,0.00400000
four_cluster,400,10310,gno,1.00000000,40,4117.15983496,10.29289959,1.75064638,0.00000000,0.44449496,0.00500000
four_cluster,400,10310,alns_no_refine,1.00000000,26,5109.20209149,12.77300523,1.36639888,0.00000000,0.43515067,0.05900000
four_cluster,400,10310,fixed_gno_refine,1.00000000,40,4117.15983496,10.29289959,1.75064638,0.00000000,0.44449496,0.05000000
four_cluster,400,10310,alns_sca_lite,1.00000000,27,7953.70324745,19.88425812,2.90959515,0.00000000,0.51871923,0.09800000
four_cluster,400,10310,pso_low_3x4,1.00000000,27,9158.30002041,22.89575005,6.63470210,0.00000000,0.69478862,0.03000000
four_cluster,400,10310,pso_mid_6x8,1.00000000,27,8890.17279509,22.22543199,6.05014057,0.00000000,0.70660258,0.11300000
four_cluster,400,10310,pso_high_12x16,1.00000000,27,10489.10912784,26.22277282,3.65230059,0.00000000,0.67488701,0.42700000
four_cluster,400,10311,kmeans_grid,0.94000000,20,24875.09572647,62.18773932,0.00000000,0.06000000,0.63598673,0.00400000
four_cluster,400,10311,gno,0.98500000,40,4435.64678495,11.08911696,1.66682290,0.01500000,0.49264402,0.00600000
four_cluster,400,10311,alns_no_refine,0.98500000,29,5135.45202842,12.83863007,1.45490566,0.01500000,0.49448849,0.06000000
four_cluster,400,10311,fixed_gno_refine,0.99750000,40,25340.63895218,63.35159738,16.19866915,0.00250000,0.77896066,0.04800000
four_cluster,400,10311,alns_sca_lite,0.99750000,29,28241.79652427,70.60449131,16.01368982,0.00250000,0.77905289,0.10000000
four_cluster,400,10311,pso_low_3x4,1.00000000,29,7590.60158499,18.97650396,3.57920751,0.00000000,0.73596130,0.03300000
four_cluster,400,10311,pso_mid_6x8,1.00000000,29,8607.36159669,21.51840399,3.82353256,0.00000000,0.69201608,0.12200000
four_cluster,400,10311,pso_high_12x16,1.00000000,29,8740.59984307,21.85149961,2.55306935,0.00000000,0.64011110,0.45400000
four_cluster,400,10312,kmeans_grid,0.86000000,20,23844.51971890,59.61129930,0.00000000,0.14000000,0.62309248,0.00500000
four_cluster,400,10312,gno,1.00000000,40,4218.74542064,10.54686355,2.50839811,0.00000000,0.54628438,0.00500000
four_cluster,400,10312,alns_no_refine,1.00000000,25,5334.89231122,13.33723078,2.19871135,0.00000000,0.53641457,0.05600000
four_cluster,400,10312,fixed_gno_refine,1.00000000,40,4218.74542064,10.54686355,2.50839811,0.00000000,0.54628438,0.04900000
four_cluster,400,10312,alns_sca_lite,1.00000000,28,9341.16321922,23.35290805,1.96060728,0.00000000,0.57270804,0.10100000
four_cluster,400,10312,pso_low_3x4,1.00000000,28,8893.05717993,22.23264295,3.45660172,0.00000000,0.67755007,0.03400000
four_cluster,400,10312,pso_mid_6x8,1.00000000,28,9561.91754859,23.90479387,6.05621354,0.00000000,0.73482531,0.11800000
four_cluster,400,10312,pso_high_12x16,1.00000000,28,10243.64411333,25.60911028,5.29893867,0.00000000,0.69288239,0.46800000
four_cluster,400,10313,kmeans_grid,0.87500000,20,22579.45227740,56.44863069,0.00000000,0.12500000,0.57708032,0.00500000
four_cluster,400,10313,gno,0.99750000,40,5323.69164768,13.30922912,2.22125110,0.00250000,0.48604239,0.00500000
four_cluster,400,10313,alns_no_refine,0.99750000,27,5770.21015899,14.42552540,1.80523537,0.00250000,0.46595521,0.05700000
four_cluster,400,10313,fixed_gno_refine,0.99750000,40,5323.69164768,13.30922912,2.22125110,0.00250000,0.48604239,0.05100000
four_cluster,400,10313,alns_sca_lite,0.99750000,27,5711.69454061,14.27923635,2.11665965,0.00250000,0.47212867,0.10200000
four_cluster,400,10313,pso_low_3x4,1.00000000,27,5776.05014057,14.44012535,3.24625188,0.00000000,0.73014309,0.03100000
four_cluster,400,10313,pso_mid_6x8,1.00000000,27,8393.07688744,20.98269222,2.36879989,0.00000000,0.60255102,0.11700000
four_cluster,400,10313,pso_high_12x16,1.00000000,27,9114.37202092,22.78593005,3.19105229,0.00000000,0.64505679,0.43500000
four_cluster,400,10314,kmeans_grid,0.88250000,20,23319.14558717,58.29786397,0.00000000,0.11750000,0.63006312,0.00400000
four_cluster,400,10314,gno,1.00000000,40,4041.83873597,10.10459684,2.31612004,0.00000000,0.54285123,0.00500000
four_cluster,400,10314,alns_no_refine,1.00000000,26,4703.63082220,11.75907706,1.89645000,0.00000000,0.49082818,0.05900000
four_cluster,400,10314,fixed_gno_refine,1.00000000,40,24241.61298959,60.60403247,16.57170579,0.00000000,0.79910476,0.04600000
four_cluster,400,10314,alns_sca_lite,1.00000000,28,27459.52144702,68.64880362,14.41483710,0.00000000,0.78606562,0.09500000
four_cluster,400,10314,pso_low_3x4,1.00000000,28,7731.86929971,19.32967325,3.06966353,0.00000000,0.65620938,0.03400000
four_cluster,400,10314,pso_mid_6x8,1.00000000,28,8213.71188179,20.53427970,2.25864449,0.00000000,0.55199481,0.11500000
four_cluster,400,10314,pso_high_12x16,1.00000000,28,9391.72041542,23.47930104,3.42068364,0.00000000,0.60812215,0.45200000
four_cluster,400,10315,kmeans_grid,0.82500000,20,20171.04516060,50.42761290,0.00000000,0.17500000,0.56508230,0.00500000
four_cluster,400,10315,gno,0.99500000,40,4202.72894618,10.50682237,1.18006720,0.00500000,0.45644651,0.00500000
four_cluster,400,10315,alns_no_refine,0.99500000,30,4879.09521814,12.19773805,1.14367298,0.00500000,0.43782990,0.06700000
four_cluster,400,10315,fixed_gno_refine,0.99500000,40,4202.72894618,10.50682237,1.18006720,0.00500000,0.45644651,0.05000000
four_cluster,400,10315,alns_sca_lite,0.99500000,31,4909.37107899,12.27342770,1.14593732,0.00500000,0.43798186,0.11000000
four_cluster,400,10315,pso_low_3x4,1.00000000,31,8029.25532016,20.07313830,2.07808451,0.00000000,0.59758930,0.03500000
four_cluster,400,10315,pso_mid_6x8,1.00000000,31,8892.33141862,22.23082855,6.94765476,0.00000000,0.72759305,0.14200000
four_cluster,400,10315,pso_high_12x16,1.00000000,31,10886.48221963,27.21620555,3.87641085,0.00000000,0.64271125,0.52300000
four_cluster,400,10316,kmeans_grid,0.90500000,20,24952.94921402,62.38237304,0.00000000,0.09500000,0.63584892,0.00500000
four_cluster,400,10316,gno,0.99250000,40,5219.48313748,13.04870784,2.50281307,0.00750000,0.48342914,0.00500000
four_cluster,400,10316,alns_no_refine,0.99250000,28,6257.48593784,15.64371484,2.35758949,0.00750000,0.46691430,0.06700000
four_cluster,400,10316,fixed_gno_refine,1.00000000,40,13010.18832852,32.52547082,8.52876052,0.00000000,0.69835031,0.05000000
four_cluster,400,10316,alns_sca_lite,1.00000000,32,14761.77475976,36.90443690,7.60191873,0.00000000,0.63243991,0.11600000
four_cluster,400,10316,pso_low_3x4,1.00000000,32,5364.22698615,13.41056747,1.36840842,0.00000000,0.52133589,0.03900000
four_cluster,400,10316,pso_mid_6x8,1.00000000,32,8779.48361277,21.94870903,2.75414928,0.00000000,0.65057102,0.14700000
four_cluster,400,10316,pso_high_12x16,1.00000000,32,9145.32493107,22.86331233,7.52119658,0.00000000,0.62470999,0.57000000
four_cluster,400,10317,kmeans_grid,0.92250000,20,23720.84641247,59.30211603,0.00000000,0.07750000,0.65507753,0.00500000
four_cluster,400,10317,gno,1.00000000,40,5225.98309617,13.06495774,1.45380348,0.00000000,0.54925717,0.00500000
four_cluster,400,10317,alns_no_refine,1.00000000,29,5742.46983212,14.35617458,2.25855322,0.00000000,0.46739950,0.06400000
four_cluster,400,10317,fixed_gno_refine,1.00000000,40,9728.97827912,24.32244570,4.68382235,0.00000000,0.59962247,0.05600000
four_cluster,400,10317,alns_sca_lite,1.00000000,29,9471.46861192,23.67867153,3.98433699,0.00000000,0.57265223,0.11000000
four_cluster,400,10317,pso_low_3x4,1.00000000,29,8268.39102264,20.67097756,4.40196237,0.00000000,0.68592388,0.03400000
four_cluster,400,10317,pso_mid_6x8,1.00000000,29,9549.81907919,23.87454770,3.72519491,0.00000000,0.68461009,0.12800000
four_cluster,400,10317,pso_high_12x16,1.00000000,29,8124.98030479,20.31245076,2.44731971,0.00000000,0.61186986,0.46200000
four_cluster,400,10318,kmeans_grid,0.85750000,20,22876.32131011,57.19080328,0.00000000,0.14250000,0.59576082,0.00500000
four_cluster,400,10318,gno,0.99250000,40,5008.50005788,12.52125014,1.26809081,0.00750000,0.48604518,0.00600000
four_cluster,400,10318,alns_no_refine,0.99250000,26,5806.98462942,14.51746157,1.26867567,0.00750000,0.48347589,0.06300000
four_cluster,400,10318,fixed_gno_refine,1.00000000,40,15518.29556690,38.79573892,9.11948210,0.00000000,0.72277787,0.04800000
four_cluster,400,10318,alns_sca_lite,1.00000000,33,15648.79640542,39.12199101,6.56314040,0.00000000,0.68085578,0.10300000
four_cluster,400,10318,pso_low_3x4,1.00000000,33,7460.59726519,18.65149316,3.21966940,0.00000000,0.57548061,0.04200000
four_cluster,400,10318,pso_mid_6x8,1.00000000,33,8270.87784618,20.67719462,1.46106939,0.00000000,0.58756953,0.13300000
four_cluster,400,10318,pso_high_12x16,1.00000000,33,10498.60222876,26.24650557,3.87623333,0.00000000,0.62920758,0.52200000
four_cluster,400,10319,kmeans_grid,0.91250000,20,23911.89173137,59.77972933,0.00000000,0.08750000,0.63204690,0.00500000
four_cluster,400,10319,gno,0.99250000,40,5247.09299953,13.11773250,1.69418201,0.00750000,0.56034379,0.00500000
four_cluster,400,10319,alns_no_refine,0.99250000,27,5773.27131027,14.43317828,1.38115070,0.00750000,0.54810094,0.06200000
four_cluster,400,10319,fixed_gno_refine,0.99250000,40,5247.09299953,13.11773250,1.69418201,0.00750000,0.56034379,0.05100000
four_cluster,400,10319,alns_sca_lite,0.99500000,26,5995.76367386,14.98940918,1.13664286,0.00500000,0.53359429,0.10700000
four_cluster,400,10319,pso_low_3x4,0.99750000,26,6602.10919856,16.50527300,3.70853266,0.00250000,0.60509706,0.02900000
four_cluster,400,10319,pso_mid_6x8,0.99750000,26,7936.81950003,19.84204875,2.16921188,0.00250000,0.64954980,0.10300000
four_cluster,400,10319,pso_high_12x16,1.00000000,26,11683.46305007,29.20865763,5.16743363,0.00000000,0.64502379,0.40600000
four_cluster,400,10320,kmeans_grid,0.88000000,20,22893.43726260,57.23359316,0.00000000,0.12000000,0.61947810,0.00500000
four_cluster,400,10320,gno,1.00000000,40,4395.70483074,10.98926208,1.95918210,0.00000000,0.46870455,0.00500000
four_cluster,400,10320,alns_no_refine,1.00000000,26,5013.05292670,12.53263232,1.34001158,0.00000000,0.47959829,0.06000000
four_cluster,400,10320,fixed_gno_refine,1.00000000,40,4395.70483074,10.98926208,1.95918210,0.00000000,0.46870455,0.04800000
four_cluster,400,10320,alns_sca_lite,1.00000000,24,4659.87820383,11.64969551,1.22689911,0.00000000,0.42534239,0.09700000
four_cluster,400,10320,pso_low_3x4,0.99500000,24,8641.32737738,21.60331844,2.20203765,0.00500000,0.71720105,0.02800000
four_cluster,400,10320,pso_mid_6x8,1.00000000,24,6670.91325965,16.67728315,2.89980008,0.00000000,0.61521587,0.10200000
four_cluster,400,10320,pso_high_12x16,1.00000000,24,8908.86709044,22.27216773,4.84791739,0.00000000,0.62479993,0.39700000
four_cluster,400,10321,kmeans_grid,0.91750000,20,22617.41722951,56.54354307,0.00000000,0.08250000,0.62677587,0.00400000
four_cluster,400,10321,gno,0.99750000,40,4175.97831628,10.43994579,1.22775259,0.00250000,0.59063857,0.00500000
four_cluster,400,10321,alns_no_refine,0.99750000,26,4394.04345441,10.98510864,1.15618723,0.00250000,0.55601533,0.06200000
four_cluster,400,10321,fixed_gno_refine,1.00000000,40,13371.29118275,33.42822796,4.31707555,0.00000000,0.69311621,0.04700000
four_cluster,400,10321,alns_sca_lite,1.00000000,28,24596.47379757,61.49118449,13.50267538,0.00000000,0.73617837,0.09300000
four_cluster,400,10321,pso_low_3x4,0.99250000,28,6100.91912461,15.25229781,1.43265891,0.00750000,0.55778811,0.03200000
four_cluster,400,10321,pso_mid_6x8,1.00000000,28,8504.34818527,21.26087046,1.51150692,0.00000000,0.65600658,0.11400000
four_cluster,400,10321,pso_high_12x16,1.00000000,28,10640.84142626,26.60210357,5.79866716,0.00000000,0.65706385,0.44900000
four_cluster,400,10322,kmeans_grid,0.83000000,20,21966.99498329,54.91748746,0.00000000,0.17000000,0.55362907,0.00500000
four_cluster,400,10322,gno,0.99000000,40,4338.23092887,10.84557732,1.93542470,0.01000000,0.56027358,0.00500000
four_cluster,400,10322,alns_no_refine,0.99000000,27,4979.59649622,12.44899124,1.10442858,0.01000000,0.51804795,0.05600000
four_cluster,400,10322,fixed_gno_refine,1.00000000,40,25935.74865873,64.83937165,20.37526973,0.00000000,0.82351693,0.04700000
four_cluster,400,10322,alns_sca_lite,1.00000000,28,28291.93189863,70.72982975,17.44542929,0.00000000,0.77959053,0.09700000
four_cluster,400,10322,pso_low_3x4,0.99750000,28,8217.28574866,20.54321437,2.18228210,0.00250000,0.61388660,0.03100000
four_cluster,400,10322,pso_mid_6x8,1.00000000,28,7868.73623092,19.67184058,5.82200658,0.00000000,0.73306159,0.11700000
four_cluster,400,10322,pso_high_12x16,1.00000000,28,8959.99168259,22.39997921,3.23965060,0.00000000,0.60934587,0.42600000
four_cluster,400,10323,kmeans_grid,0.89250000,20,23086.89316965,57.71723292,0.00000000,0.10750000,0.63629033,0.00500000
four_cluster,400,10323,gno,1.00000000,40,4777.58511111,11.94396278,1.97168848,0.00000000,0.55271044,0.00400000
four_cluster,400,10323,alns_no_refine,1.00000000,28,5103.95436718,12.75988592,1.84453085,0.00000000,0.56143789,0.06200000
four_cluster,400,10323,fixed_gno_refine,1.00000000,40,4777.58511111,11.94396278,1.97168848,0.00000000,0.55271044,0.05100000
four_cluster,400,10323,alns_sca_lite,1.00000000,27,5640.08286360,14.10020716,1.65750239,0.00000000,0.54067360,0.10400000
four_cluster,400,10323,pso_low_3x4,1.00000000,27,7145.16619862,17.86291550,2.13198150,0.00000000,0.63765611,0.03200000
four_cluster,400,10323,pso_mid_6x8,1.00000000,27,6165.90411161,15.41476028,1.60213099,0.00000000,0.59390253,0.12100000
four_cluster,400,10323,pso_high_12x16,1.00000000,27,8747.53500164,21.86883750,2.81745653,0.00000000,0.68401609,0.42300000
four_cluster,400,10324,kmeans_grid,0.88250000,20,24085.40395527,60.21350989,0.00000000,0.11750000,0.61799558,0.00500000
four_cluster,400,10324,gno,0.98750000,40,5437.02212616,13.59255532,1.37666620,0.01250000,0.37274348,0.00500000
four_cluster,400,10324,alns_no_refine,0.98750000,25,6088.57529034,15.22143823,1.27557461,0.01250000,0.40341639,0.06200000
four_cluster,400,10324,fixed_gno_refine,0.98750000,40,5437.02212616,13.59255532,1.37666620,0.01250000,0.37274348,0.05200000
four_cluster,400,10324,alns_sca_lite,0.99750000,23,5028.80037804,12.57200095,1.43856335,0.00250000,0.50572940,0.10100000
four_cluster,400,10324,pso_low_3x4,0.99250000,23,6296.46087339,15.74115218,2.38936058,0.00750000,0.62737638,0.02600000
four_cluster,400,10324,pso_mid_6x8,0.98000000,23,7064.05522689,17.66013807,0.72452623,0.02000000,0.53585226,0.10100000
four_cluster,400,10324,pso_high_12x16,1.00000000,23,8807.21246365,22.01803116,2.92020607,0.00000000,0.56762033,0.36500000
four_cluster,400,10325,kmeans_grid,0.94250000,20,25467.11608839,63.66779022,0.00000000,0.05750000,0.65691939,0.00500000
four_cluster,400,10325,gno,0.99500000,40,5957.69747927,14.89424370,1.52916125,0.00500000,0.53015805,0.00400000
four_cluster,400,10325,alns_no_refine,0.99750000,26,6347.01868995,15.86754672,1.28794254,0.00250000,0.52822046,0.05800000
four_cluster,400,10325,fixed_gno_refine,0.99500000,40,5957.69747927,14.89424370,1.52916125,0.00500000,0.53015805,0.04900000
four_cluster,400,10325,alns_sca_lite,1.00000000,29,6210.29510708,15.52573777,1.44127354,0.00000000,0.50212169,0.09700000
four_cluster,400,10325,pso_low_3x4,1.00000000,29,7425.31713546,18.56329284,2.86553522,0.00000000,0.60017879,0.03500000
four_cluster,400,10325,pso_mid_6x8,1.00000000,29,8040.27648529,20.10069121,3.64847860,0.00000000,0.60883711,0.12800000
four_cluster,400,10325,pso_high_12x16,1.00000000,29,9687.44925459,24.21862314,3.18510170,0.00000000,0.60065772,0.46700000
four_cluster,400,10326,kmeans_grid,0.93000000,20,22894.43748822,57.23609372,0.00000000,0.07000000,0.63721897,0.00600000
four_cluster,400,10326,gno,1.00000000,40,4450.82913687,11.12707284,2.10803599,0.00000000,0.55316186,0.00500000
four_cluster,400,10326,alns_no_refine,1.00000000,27,4963.35637970,12.40839095,1.62132256,0.00000000,0.57277299,0.06300000
four_cluster,400,10326,fixed_gno_refine,1.00000000,40,4450.82913687,11.12707284,2.10803599,0.00000000,0.55316186,0.05100000
four_cluster,400,10326,alns_sca_lite,1.00000000,25,4981.49540070,12.45373850,1.37463839,0.00000000,0.53152994,0.10400000
four_cluster,400,10326,pso_low_3x4,0.98750000,25,8965.80410704,22.41451027,1.51914225,0.01250000,0.64826453,0.02900000
four_cluster,400,10326,pso_mid_6x8,1.00000000,25,6588.33234656,16.47083087,1.48537237,0.00000000,0.55143249,0.10600000
four_cluster,400,10326,pso_high_12x16,1.00000000,25,7868.85921162,19.67214803,2.53005289,0.00000000,0.57083581,0.40900000
four_cluster,400,10327,kmeans_grid,0.92500000,20,24649.62769178,61.62406923,0.00000000,0.07500000,0.64426996,0.00500000
four_cluster,400,10327,gno,1.00000000,40,4049.52196856,10.12380492,2.51898814,0.00000000,0.50145316,0.00400000
four_cluster,400,10327,alns_no_refine,1.00000000,24,4541.02883971,11.35257210,2.00889618,0.00000000,0.55825179,0.05800000
four_cluster,400,10327,fixed_gno_refine,1.00000000,40,4049.52196856,10.12380492,2.51898814,0.00000000,0.50145316,0.04900000
four_cluster,400,10327,alns_sca_lite,1.00000000,22,4469.36379693,11.17340949,1.98206576,0.00000000,0.54115169,0.09700000
four_cluster,400,10327,pso_low_3x4,0.98250000,22,6308.54591176,15.77136478,1.00532346,0.01750000,0.52084868,0.02400000
four_cluster,400,10327,pso_mid_6x8,0.99000000,22,6867.69596901,17.16923992,1.16930006,0.01000000,0.52114299,0.08700000
four_cluster,400,10327,pso_high_12x16,1.00000000,22,5785.21633946,14.46304085,1.52286041,0.00000000,0.46986449,0.37200000
four_cluster,400,10328,kmeans_grid,0.84250000,20,21359.21862836,53.39804657,0.00000000,0.15750000,0.57622243,0.00500000
four_cluster,400,10328,gno,1.00000000,40,5220.45602056,13.05114005,2.72038659,0.00000000,0.54437783,0.00500000
four_cluster,400,10328,alns_no_refine,1.00000000,26,6178.05253250,15.44513133,1.44500014,0.00000000,0.50210327,0.06500000
four_cluster,400,10328,fixed_gno_refine,1.00000000,40,5220.45602056,13.05114005,2.72038659,0.00000000,0.54437783,0.05600000
four_cluster,400,10328,alns_sca_lite,1.00000000,28,5769.94242686,14.42485607,1.47094868,0.00000000,0.50186259,0.11700000
four_cluster,400,10328,pso_low_3x4,1.00000000,28,7887.51228183,19.71878070,2.39994825,0.00000000,0.59296725,0.03400000
four_cluster,400,10328,pso_mid_6x8,1.00000000,28,7583.12249778,18.95780624,5.65445882,0.00000000,0.72143875,0.13900000
four_cluster,400,10328,pso_high_12x16,1.00000000,28,9358.30183264,23.39575458,2.69868412,0.00000000,0.63744422,0.51300000
four_cluster,400,10329,kmeans_grid,0.90000000,20,22808.37608554,57.02094021,0.00000000,0.10000000,0.60332345,0.00500000
four_cluster,400,10329,gno,1.00000000,40,4296.38832966,10.74097082,1.43095584,0.00000000,0.45300066,0.00500000
four_cluster,400,10329,alns_no_refine,1.00000000,24,5112.72103887,12.78180260,1.56626404,0.00000000,0.45144469,0.06200000
four_cluster,400,10329,fixed_gno_refine,1.00000000,40,8848.22258131,22.12055645,3.04738723,0.00000000,0.59837000,0.05000000
four_cluster,400,10329,alns_sca_lite,1.00000000,27,9246.98027897,23.11745070,2.08599778,0.00000000,0.57195198,0.10500000
four_cluster,400,10329,pso_low_3x4,0.99750000,27,7424.17546972,18.56043867,2.93269363,0.00250000,0.61694282,0.03400000
four_cluster,400,10329,pso_mid_6x8,1.00000000,27,7553.09405772,18.88273514,3.13358175,0.00000000,0.66557628,0.11800000
four_cluster,400,10329,pso_high_12x16,1.00000000,27,9514.00278917,23.78500697,2.32307088,0.00000000,0.58486801,0.46000000
uniform,100,11000,kmeans_grid,0.95000000,5,8209.00422557,82.09004226,0.00000000,0.05000000,0.60936682,0.00100000
uniform,100,11000,gno,1.00000000,10,2853.10587517,28.53105875,5.33998798,0.00000000,0.53694112,0.00000000
uniform,100,11000,alns_no_refine,1.00000000,6,4785.09520258,47.85095203,2.70991818,0.00000000,0.56815358,0.00300000
uniform,100,11000,fixed_gno_refine,1.00000000,10,7550.60723992,75.50607240,18.17696545,0.00000000,0.76151161,0.00600000
uniform,100,11000,alns_sca_lite,1.00000000,7,6440.21075172,64.40210752,15.18126230,0.00000000,0.62747577,0.00800000
uniform,100,11000,pso_low_3x4,1.00000000,7,4626.71046326,46.26710463,9.51466558,0.00000000,0.60593622,0.00300000
uniform,100,11000,pso_mid_6x8,1.00000000,7,9268.96228807,92.68962288,17.09680414,0.00000000,0.56902167,0.00800000
uniform,100,11000,pso_high_12x16,1.00000000,7,9954.49512892,99.54495129,15.81188746,0.00000000,0.57672429,0.02800000
uniform,100,11001,kmeans_grid,0.95000000,5,10797.52292079,107.97522921,0.00000000,0.05000000,0.66266380,0.00000000
uniform,100,11001,gno,1.00000000,10,3911.19667179,39.11196672,12.07361118,0.00000000,0.63305182,0.00100000
uniform,100,11001,alns_no_refine,1.00000000,8,5354.67063675,53.54670637,4.05797764,0.00000000,0.66087323,0.00400000
uniform,100,11001,fixed_gno_refine,1.00000000,10,6016.45065583,60.16450656,14.57346562,0.00000000,0.65078104,0.00400000
uniform,100,11001,alns_sca_lite,1.00000000,6,7243.59747656,72.43597477,1.65305045,0.00000000,0.54626830,0.00700000
uniform,100,11001,pso_low_3x4,0.98000000,6,8956.52693848,89.56526938,20.44720397,0.02000000,0.57815762,0.00200000
uniform,100,11001,pso_mid_6x8,1.00000000,6,8972.53690082,89.72536901,12.45915724,0.00000000,0.55445061,0.00600000
uniform,100,11001,pso_high_12x16,1.00000000,6,13028.55383665,130.28553837,13.16538001,0.00000000,0.65258455,0.01800000
uniform,100,11002,kmeans_grid,0.93000000,5,8656.74947284,86.56749473,0.00000000,0.07000000,0.61179669,0.00000000
uniform,100,11002,gno,1.00000000,10,3017.83035076,30.17830351,4.84961370,0.00000000,0.68502926,0.00100000
uniform,100,11002,alns_no_refine,1.00000000,6,3657.13188530,36.57131885,1.61583937,0.00000000,0.52374056,0.00300000
uniform,100,11002,fixed_gno_refine,1.00000000,10,4475.97631001,44.75976310,9.69207824,0.00000000,0.62729678,0.00500000
uniform,100,11002,alns_sca_lite,1.00000000,8,5196.30210571,51.96302106,12.74855327,0.00000000,0.59572625,0.00900000
uniform,100,11002,pso_low_3x4,1.00000000,8,6386.82622288,63.86826223,15.50248355,0.00000000,0.65751003,0.00200000
uniform,100,11002,pso_mid_6x8,1.00000000,8,9555.88334450,95.55883344,4.82197697,0.00000000,0.55922611,0.00700000
uniform,100,11002,pso_high_12x16,1.00000000,8,8993.89216169,89.93892162,9.93266774,0.00000000,0.47649724,0.02800000
uniform,100,11003,kmeans_grid,0.93000000,5,8453.20014123,84.53200141,0.00000000,0.07000000,0.57667131,0.00000000
uniform,100,11003,gno,0.97000000,10,3338.81916987,33.38819170,5.10567467,0.03000000,0.51031059,0.00100000
uniform,100,11003,alns_no_refine,0.97000000,6,4137.09632241,41.37096322,2.39951187,0.03000000,0.49430180,0.00200000
uniform,100,11003,fixed_gno_refine,1.00000000,10,8047.05642814,80.47056428,19.65766365,0.00000000,0.71976223,0.00600000
uniform,100,11003,alns_sca_lite,1.00000000,6,7511.23061279,75.11230613,13.84934952,0.00000000,0.60886516,0.00600000
uniform,100,11003,pso_low_3x4,1.00000000,6,4172.45061909,41.72450619,1.85532319,0.00000000,0.56807060,0.00200000
uniform,100,11003,pso_mid_6x8,1.00000000,6,7356.43970473,73.56439705,13.51700246,0.00000000,0.52040015,0.00700000
uniform,100,11003,pso_high_12x16,1.00000000,6,10065.64462660,100.65644627,2.85480863,0.00000000,0.56259358,0.02300000
uniform,100,11004,kmeans_grid,0.97000000,5,9297.72116486,92.97721165,0.87363616,0.03000000,0.59013651,0.00100000
uniform,100,11004,gno,1.00000000,10,3569.76847224,35.69768472,10.28866954,0.00000000,0.60425302,0.00000000
uniform,100,11004,alns_no_refine,1.00000000,7,4575.18701646,45.75187016,13.14369359,0.00000000,0.62369657,0.00300000
uniform,100,11004,fixed_gno_refine,1.00000000,10,8678.88202569,86.78882026,22.55100922,0.00000000,0.79721435,0.00500000
uniform,100,11004,alns_sca_lite,1.00000000,6,7715.36771955,77.15367720,13.70749874,0.00000000,0.72642003,0.00600000
uniform,100,11004,pso_low_3x4,1.00000000,6,7877.87167063,78.77871671,3.35855557,0.00000000,0.46886890,0.00200000
uniform,100,11004,pso_mid_6x8,1.00000000,6,9268.70726332,92.68707263,14.03705894,0.00000000,0.55944741,0.00600000
uniform,100,11004,pso_high_12x16,1.00000000,6,9247.66496272,92.47664963,3.07402901,0.00000000,0.52026931,0.02500000
uniform,100,11005,kmeans_grid,0.95000000,5,9973.49500332,99.73495003,0.00000000,0.05000000,0.63337049,0.00000000
uniform,100,11005,gno,1.00000000,10,4300.47534213,43.00475342,10.07671948,0.00000000,0.60794181,0.00100000
uniform,100,11005,alns_no_refine,1.00000000,6,4872.17774920,48.72177749,2.57425082,0.00000000,0.52185135,0.00200000
uniform,100,11005,fixed_gno_refine,1.00000000,10,9414.72787185,94.14727872,20.07491783,0.00000000,0.77461470,0.00500000
uniform,100,11005,alns_sca_lite,1.00000000,6,7693.33240417,76.93332404,2.02041836,0.00000000,0.56780055,0.00700000
uniform,100,11005,pso_low_3x4,1.00000000,6,7971.31998763,79.71319988,19.94191453,0.00000000,0.68501496,0.00100000
uniform,100,11005,pso_mid_6x8,0.99000000,6,8099.20074938,80.99200749,2.11187070,0.01000000,0.56240916,0.00600000
uniform,100,11005,pso_high_12x16,1.00000000,6,9479.72074404,94.79720744,15.52558298,0.00000000,0.52859236,0.02400000
uniform,100,11006,kmeans_grid,0.87000000,5,8289.62333075,82.89623331,0.00000000,0.13000000,0.59257684,0.00100000
uniform,100,11006,gno,0.99000000,10,3942.23170599,39.42231706,1.92622330,0.01000000,0.56646404,0.00000000
uniform,100,11006,alns_no_refine,1.00000000,7,4772.44967222,47.72449672,4.48675195,0.00000000,0.52026435,0.00300000
uniform,100,11006,fixed_gno_refine,1.00000000,10,7894.84991992,78.94849920,14.28823674,0.00000000,0.70433778,0.00500000
uniform,100,11006,alns_sca_lite,1.00000000,7,9252.98109761,92.52981098,14.81614143,0.00000000,0.62393769,0.00800000
uniform,100,11006,pso_low_3x4,1.00000000,7,5654.56181574,56.54561816,3.78633276,0.00000000,0.40793668,0.00200000
uniform,100,11006,pso_mid_6x8,1.00000000,7,7494.33788892,74.94337889,8.95666073,0.00000000,0.50393714,0.00600000
uniform,100,11006,pso_high_12x16,1.00000000,7,9705.81559429,97.05815594,13.04496224,0.00000000,0.59338617,0.02900000
uniform,100,11007,kmeans_grid,0.97000000,5,10342.78996224,103.42789962,2.06848962,0.03000000,0.65734396,0.00100000
uniform,100,11007,gno,1.00000000,10,3990.90492030,39.90904920,10.47501230,0.00000000,0.64524923,0.00000000
uniform,100,11007,alns_no_refine,1.00000000,6,6330.93848064,63.30938481,12.97998063,0.00000000,0.57678699,0.00300000
uniform,100,11007,fixed_gno_refine,1.00000000,10,9006.09068263,90.06090683,18.05257154,0.00000000,0.76703061,0.00600000
uniform,100,11007,alns_sca_lite,1.00000000,6,9162.77742128,91.62777421,18.57019770,0.00000000,0.70540063,0.00700000
uniform,100,11007,pso_low_3x4,1.00000000,6,7795.52866571,77.95528666,5.95036204,0.00000000,0.46857324,0.00100000
uniform,100,11007,pso_mid_6x8,1.00000000,6,9346.77610290,93.46776103,17.35673646,0.00000000,0.60592429,0.00700000
uniform,100,11007,pso_high_12x16,1.00000000,6,12474.24754396,124.74247544,20.90640565,0.00000000,0.57518060,0.02100000
uniform,100,11008,kmeans_grid,0.89000000,5,9987.41422644,99.87414226,0.00000000,0.11000000,0.58627475,0.00100000
uniform,100,11008,gno,1.00000000,10,3755.76925226,37.55769252,10.14642771,0.00000000,0.54124724,0.00000000
uniform,100,11008,alns_no_refine,1.00000000,6,5931.56423498,59.31564235,14.08419047,0.00000000,0.55879048,0.00300000
uniform,100,11008,fixed_gno_refine,1.00000000,10,7378.45771909,73.78457719,13.78000976,0.00000000,0.69607320,0.00600000
uniform,100,11008,alns_sca_lite,1.00000000,6,7409.14592042,74.09145920,8.56018471,0.00000000,0.60114011,0.00700000
uniform,100,11008,pso_low_3x4,1.00000000,6,6882.66761313,68.82667613,17.51266949,0.00000000,0.59787406,0.00200000
uniform,100,11008,pso_mid_6x8,1.00000000,6,9614.21731846,96.14217318,19.53703375,0.00000000,0.63855097,0.00700000
uniform,100,11008,pso_high_12x16,1.00000000,6,9928.58804392,99.28588044,12.71601653,0.00000000,0.48431564,0.02600000
uniform,100,11009,kmeans_grid,0.93000000,5,9977.35751510,99.77357515,0.00000000,0.07000000,0.64344249,0.00000000
uniform,100,11009,gno,1.00000000,10,4022.46571926,40.22465719,7.62853480,0.00000000,0.63302873,0.00100000
uniform,100,11009,alns_no_refine,1.00000000,6,5086.07804486,50.86078045,9.17867729,0.00000000,0.60911700,0.00200000
uniform,100,11009,fixed_gno_refine,1.00000000,10,8532.26311816,85.32263118,17.27401960,0.00000000,0.76019380,0.00400000
uniform,100,11009,alns_sca_lite,1.00000000,6,7825.52323147,78.25523231,4.88430134,0.00000000,0.60021470,0.00700000
uniform,100,11009,pso_low_3x4,1.00000000,6,6685.90130202,66.85901302,15.62774228,0.00000000,0.49439687,0.00100000
uniform,100,11009,pso_mid_6x8,1.00000000,6,8877.23452334,88.77234523,17.75418301,0.00000000,0.64263372,0.00600000
uniform,100,11009,pso_high_12x16,1.00000000,6,7913.41406448,79.13414064,7.43505167,0.00000000,0.49566284,0.02500000
uniform,100,11010,kmeans_grid,0.97000000,5,9578.78464304,95.78784643,0.76011056,0.03000000,0.56863671,0.00100000
uniform,100,11010,gno,0.99000000,10,2798.07774096,27.98077741,2.90679536,0.01000000,0.49543780,0.00000000
uniform,100,11010,alns_no_refine,0.99000000,6,4292.44901913,42.92449019,10.19529530,0.01000000,0.48360329,0.00300000
uniform,100,11010,fixed_gno_refine,1.00000000,10,8195.50769012,81.95507690,18.41286471,0.00000000,0.73828064,0.00500000
uniform,100,11010,alns_sca_lite,1.00000000,8,5705.12891136,57.05128911,14.52602953,0.00000000,0.79296747,0.00800000
uniform,100,11010,pso_low_3x4,0.99000000,8,6589.25774368,65.89257744,2.82925053,0.01000000,0.47923882,0.00200000
uniform,100,11010,pso_mid_6x8,1.00000000,8,10475.05028188,104.75050282,21.21328242,0.00000000,0.53264975,0.00600000
uniform,100,11010,pso_high_12x16,1.00000000,8,10767.14387643,107.67143876,17.79937895,0.00000000,0.59176633,0.02600000
uniform,100,11011,kmeans_grid,0.91000000,5,8647.21036881,86.47210369,0.00000000,0.09000000,0.57821947,0.00000000
uniform,100,11011,gno,1.00000000,10,3412.50050222,34.12500502,7.14483867,0.00000000,0.60125657,0.00100000
uniform,100,11011,alns_no_refine,1.00000000,6,4845.46995946,48.45469959,9.87248237,0.00000000,0.57350254,0.00200000
uniform,100,11011,fixed_gno_refine,1.00000000,10,7887.23798890,78.87237989,20.12307988,0.00000000,0.75890293,0.00400000
uniform,100,11011,alns_sca_lite,1.00000000,6,7233.09940662,72.33099407,13.06359650,0.00000000,0.59553549,0.00600000
uniform,100,11011,pso_low_3x4,1.00000000,6,8989.02331659,89.89023317,14.88282249,0.00000000,0.54940070,0.00200000
uniform,100,11011,pso_mid_6x8,1.00000000,6,8929.84408329,89.29844083,8.11262754,0.00000000,0.47366379,0.00600000
uniform,100,11011,pso_high_12x16,1.00000000,6,11161.44052393,111.61440524,14.22497830,0.00000000,0.62470036,0.01900000
uniform,100,11012,kmeans_grid,0.92000000,5,8059.31509853,80.59315099,0.00000000,0.08000000,0.58052546,0.00100000
uniform,100,11012,gno,1.00000000,10,3033.84307378,30.33843074,7.87024126,0.00000000,0.54957267,0.00000000
uniform,100,11012,alns_no_refine,1.00000000,6,4667.84341856,46.67843419,10.00767065,0.00000000,0.59171643,0.00300000
uniform,100,11012,fixed_gno_refine,1.00000000,10,8204.15355203,82.04153552,19.74230401,0.00000000,0.75474742,0.00500000
uniform,100,11012,alns_sca_lite,1.00000000,6,7733.07973241,77.33079732,15.50973393,0.00000000,0.69517310,0.00700000
uniform,100,11012,pso_low_3x4,1.00000000,6,6294.38719363,62.94387194,1.58812054,0.00000000,0.59793200,0.00200000
uniform,100,11012,pso_mid_6x8,1.00000000,6,8292.50431835,82.92504318,9.05270632,0.00000000,0.54751301,0.00600000
uniform,100,11012,pso_high_12x16,1.00000000,6,10674.25904333,106.74259043,19.34561328,0.00000000,0.57692556,0.02200000
uniform,100,11013,kmeans_grid,0.95000000,5,8619.15978384,86.19159784,0.00000000,0.05000000,0.56737580,0.00100000
uniform,100,11013,gno,1.00000000,10,4147.88665781,41.47886658,6.96212026,0.00000000,0.57895911,0.00000000
uniform,100,11013,alns_no_refine,1.00000000,6,6128.39160674,61.28391607,3.70902089,0.00000000,0.54784565,0.00300000
uniform,100,11013,fixed_gno_refine,1.00000000,10,4147.88665781,41.47886658,6.96212026,0.00000000,0.57895911,0.00600000
uniform,100,11013,alns_sca_lite,1.00000000,7,6091.59014628,60.91590146,2.83089955,0.00000000,0.58467412,0.00800000
uniform,100,11013,pso_low_3x4,1.00000000,7,6554.61504985,65.54615050,18.59678960,0.00000000,0.64749419,0.00300000
uniform,100,11013,pso_mid_6x8,1.00000000,7,5529.26429153,55.29264292,12.58846888,0.00000000,0.69281530,0.00900000
uniform,100,11013,pso_high_12x16,1.00000000,7,9333.51238576,93.33512386,21.37259701,0.00000000,0.56413421,0.02300000
uniform,100,11014,kmeans_grid,0.85000000,5,9524.68007465,95.24680075,0.00000000,0.15000000,0.51592350,0.00100000
uniform,100,11014,gno,1.00000000,10,4110.93142529,41.10931425,1.40586155,0.00000000,0.55842891,0.00000000
uniform,100,11014,alns_no_refine,1.00000000,6,5909.92269679,59.09922697,1.24665604,0.00000000,0.57608860,0.00300000
uniform,100,11014,fixed_gno_refine,1.00000000,10,9355.18648425,93.55186484,15.47545415,0.00000000,0.78623162,0.00500000
uniform,100,11014,alns_sca_lite,1.00000000,6,7250.67113175,72.50671132,6.28880203,0.00000000,0.58730502,0.00700000
uniform,100,11014,pso_low_3x4,0.98000000,6,6332.94910165,63.32949102,1.05878820,0.02000000,0.53640378,0.00100000
uniform,100,11014,pso_mid_6x8,1.00000000,6,7794.01217789,77.94012178,2.69310433,0.00000000,0.55943091,0.00700000
uniform,100,11014,pso_high_12x16,1.00000000,6,11395.35860591,113.95358606,21.56805111,0.00000000,0.66407659,0.02300000
uniform,100,11015,kmeans_grid,0.93000000,5,8670.63952882,86.70639529,0.00000000,0.07000000,0.53390596,0.00000000
uniform,100,11015,gno,1.00000000,10,3500.87849740,35.00878497,7.60208246,0.00000000,0.55531972,0.00100000
uniform,100,11015,alns_no_refine,1.00000000,7,4241.77836414,42.41778364,9.94091953,0.00000000,0.52800022,0.00300000
uniform,100,11015,fixed_gno_refine,1.00000000,10,8905.70155442,89.05701554,21.62344784,0.00000000,0.73547923,0.00600000
uniform,100,11015,alns_sca_lite,1.00000000,6,10325.55553012,103.25555530,23.32453282,0.00000000,0.73308103,0.00700000
uniform,100,11015,pso_low_3x4,1.00000000,6,5507.23943877,55.07239439,16.88730380,0.00000000,0.65808178,0.00200000
uniform,100,11015,pso_mid_6x8,1.00000000,6,6595.94122736,65.95941227,2.28405284,0.00000000,0.47528076,0.00600000
uniform,100,11015,pso_high_12x16,1.00000000,6,9099.71142835,90.99711428,8.89921228,0.00000000,0.47696022,0.02500000
uniform,100,11016,kmeans_grid,0.94000000,5,10744.16025639,107.44160256,0.00000000,0.06000000,0.65213986,0.00000000
uniform,100,11016,gno,1.00000000,10,5129.21884333,51.29218843,10.05825939,0.00000000,0.72957258,0.00100000
uniform,100,11016,alns_no_refine,1.00000000,6,6955.60357918,69.55603579,14.68698301,0.00000000,0.65821423,0.00300000
uniform,100,11016,fixed_gno_refine,1.00000000,10,10006.70028221,100.06700282,29.81550901,0.00000000,0.81888398,0.00500000
uniform,100,11016,alns_sca_lite,1.00000000,7,8703.59801568,87.03598016,20.15332773,0.00000000,0.72911480,0.00600000
uniform,100,11016,pso_low_3x4,1.00000000,7,6249.48610776,62.49486108,11.60247327,0.00000000,0.46435050,0.00100000
uniform,100,11016,pso_mid_6x8,1.00000000,7,7601.35972883,76.01359729,15.78112546,0.00000000,0.59184859,0.00900000
uniform,100,11016,pso_high_12x16,1.00000000,7,9608.73549420,96.08735494,19.38501624,0.00000000,0.57316587,0.02500000
uniform,100,11017,kmeans_grid,0.90000000,5,10170.80535959,101.70805360,0.00000000,0.10000000,0.53740815,0.00100000
uniform,100,11017,gno,1.00000000,10,3924.91984961,39.24919850,8.63791017,0.00000000,0.56303317,0.00000000
uniform,100,11017,alns_no_refine,1.00000000,6,4901.30737098,49.01307371,5.23640130,0.00000000,0.52291533,0.00400000
uniform,100,11017,fixed_gno_refine,1.00000000,10,9635.21782996,96.35217830,22.49488220,0.00000000,0.77727673,0.00500000
uniform,100,11017,alns_sca_lite,1.00000000,9,6501.19374049,65.01193740,17.85689133,0.00000000,0.70375278,0.00800000
uniform,100,11017,pso_low_3x4,1.00000000,9,5984.88484105,59.84884841,2.02510313,0.00000000,0.42664031,0.00300000
uniform,100,11017,pso_mid_6x8,1.00000000,9,6872.38041395,68.72380414,5.18471925,0.00000000,0.44369881,0.00900000
uniform,100,11017,pso_high_12x16,1.00000000,9,9372.29907940,93.72299079,15.75846857,0.00000000,0.49322701,0.03700000
uniform,100,11018,kmeans_grid,0.94000000,5,9430.44051701,94.30440517,0.00000000,0.06000000,0.61261981,0.00000000
uniform,100,11018,gno,1.00000000,10,2347.58248550,23.47582485,1.87281913,0.00000000,0.71310541,0.00100000
uniform,100,11018,alns_no_refine,1.00000000,6,3073.18567500,30.73185675,1.84152406,0.00000000,0.57317280,0.00200000
uniform,100,11018,fixed_gno_refine,1.00000000,10,8609.87752874,86.09877529,22.39290270,0.00000000,0.74273795,0.00500000
uniform,100,11018,alns_sca_lite,1.00000000,6,7442.86546455,74.42865465,7.96705212,0.00000000,0.59577158,0.00700000
uniform,100,11018,pso_low_3x4,0.98000000,6,6169.08786599,61.69087866,1.53144581,0.02000000,0.65129976,0.00200000
uniform,100,11018,pso_mid_6x8,1.00000000,6,7615.36328191,76.15363282,7.42642989,0.00000000,0.51684117,0.00600000
uniform,100,11018,pso_high_12x16,1.00000000,6,9573.99892520,95.73998925,4.34915595,0.00000000,0.49159388,0.02600000
uniform,100,11019,kmeans_grid,0.93000000,5,9930.06374510,99.30063745,0.00000000,0.07000000,0.68663878,0.00100000
uniform,100,11019,gno,0.94000000,10,3015.02409689,30.15024097,0.00000000,0.06000000,0.52121992,0.00000000
uniform,100,11019,alns_no_refine,0.98000000,6,3809.70214439,38.09702144,1.89347721,0.02000000,0.48341108,0.00300000
uniform,100,11019,fixed_gno_refine,0.97000000,10,8000.33498139,80.00334981,12.80442439,0.03000000,0.72518683,0.00500000
uniform,100,11019,alns_sca_lite,0.97000000,6,7313.42606894,73.13426069,1.72511992,0.03000000,0.60020967,0.00600000
uniform,100,11019,pso_low_3x4,1.00000000,6,6924.75473310,69.24754733,8.02922181,0.00000000,0.54998264,0.00200000
uniform,100,11019,pso_mid_6x8,1.00000000,6,7491.42926415,74.91429264,8.83759140,0.00000000,0.73580098,0.00700000
uniform,100,11019,pso_high_12x16,1.00000000,6,10325.22862723,103.25228627,5.14235443,0.00000000,0.59781190,0.02400000
uniform,100,11020,kmeans_grid,0.94000000,5,10851.28552656,108.51285527,0.00000000,0.06000000,0.61383042,0.00000000
uniform,100,11020,gno,1.00000000,10,4085.54240767,40.85542408,10.74763884,0.00000000,0.70289451,0.00100000
uniform,100,11020,alns_no_refine,1.00000000,6,5420.75500754,54.20755008,1.50660806,0.00000000,0.59006482,0.00200000
uniform,100,11020,fixed_gno_refine,1.00000000,10,8582.85729431,85.82857294,22.68678298,0.00000000,0.78728991,0.00500000
uniform,100,11020,alns_sca_lite,1.00000000,6,8449.97546439,84.49975464,12.76277218,0.00000000,0.57153550,0.00700000
uniform,100,11020,pso_low_3x4,0.98000000,6,5944.09350340,59.44093503,2.68830008,0.02000000,0.59668538,0.00100000
uniform,100,11020,pso_mid_6x8,1.00000000,6,10355.55006570,103.55550066,19.79052660,0.00000000,0.54113770,0.00600000
uniform,100,11020,pso_high_12x16,1.00000000,6,10831.52945814,108.31529458,19.87219047,0.00000000,0.57369885,0.02200000
uniform,100,11021,kmeans_grid,0.93000000,5,9417.52570998,94.17525710,0.00000000,0.07000000,0.55688201,0.00000000
uniform,100,11021,gno,1.00000000,10,2871.59247623,28.71592476,11.29554203,0.00000000,0.66363366,0.00100000
uniform,100,11021,alns_no_refine,1.00000000,5,5358.19056564,53.58190566,2.08223403,0.00000000,0.57111555,0.00200000
uniform,100,11021,fixed_gno_refine,1.00000000,10,8248.34620318,82.48346203,16.81239564,0.00000000,0.72890044,0.00500000
uniform,100,11021,alns_sca_lite,1.00000000,7,9072.48129781,90.72481298,18.65236600,0.00000000,0.74127307,0.00600000
uniform,100,11021,pso_low_3x4,1.00000000,7,6110.89065946,61.10890659,14.38576241,0.00000000,0.64817070,0.00300000
uniform,100,11021,pso_mid_6x8,1.00000000,7,9449.68784011,94.49687840,19.93704363,0.00000000,0.61361435,0.00500000
uniform,100,11021,pso_high_12x16,1.00000000,7,10754.37756280,107.54377563,18.65224660,0.00000000,0.58901904,0.02800000
uniform,100,11022,kmeans_grid,0.91000000,5,8837.29845551,88.37298456,0.00000000,0.09000000,0.58816504,0.00100000
uniform,100,11022,gno,1.00000000,10,3759.18390973,37.59183910,5.25196124,0.00000000,0.64738389,0.00000000
uniform,100,11022,alns_no_refine,1.00000000,6,4568.70447156,45.68704472,2.23955294,0.00000000,0.58564307,0.00300000
uniform,100,11022,fixed_gno_refine,1.00000000,10,8286.84646914,82.86846469,17.58124801,0.00000000,0.76688392,0.00500000
uniform,100,11022,alns_sca_lite,1.00000000,7,5880.27057586,58.80270576,2.24505503,0.00000000,0.62506445,0.00900000
uniform,100,11022,pso_low_3x4,1.00000000,7,7235.15594030,72.35155940,5.30080011,0.00000000,0.57786819,0.00200000
uniform,100,11022,pso_mid_6x8,1.00000000,7,7901.48292073,79.01482921,11.37910934,0.00000000,0.52913970,0.00700000
uniform,100,11022,pso_high_12x16,1.00000000,7,9724.20251469,97.24202515,16.82116740,0.00000000,0.59069456,0.02000000
uniform,100,11023,kmeans_grid,0.98000000,5,10102.71482991,101.02714830,2.01740201,0.02000000,0.63341835,0.00100000
uniform,100,11023,gno,1.00000000,10,3647.91226429,36.47912264,9.55365599,0.00000000,0.64598550,0.00100000
uniform,100,11023,alns_no_refine,1.00000000,8,3901.13689528,39.01136895,5.84580968,0.00000000,0.63720032,0.00200000
uniform,100,11023,fixed_gno_refine,1.00000000,10,8657.62472539,86.57624725,14.59812747,0.00000000,0.72200181,0.00400000
uniform,100,11023,alns_sca_lite,1.00000000,7,9907.55779447,99.07557794,19.24664493,0.00000000,0.77521495,0.00700000
uniform,100,11023,pso_low_3x4,1.00000000,7,9616.96045031,96.16960450,14.48888185,0.00000000,0.45105227,0.00100000
uniform,100,11023,pso_mid_6x8,1.00000000,7,9204.63400480,92.04634005,18.24910788,0.00000000,0.54286823,0.00800000
uniform,100,11023,pso_high_12x16,1.00000000,7,10851.51691461,108.51516915,16.00087014,0.00000000,0.60199198,0.02100000
uniform,100,11024,kmeans_grid,0.94000000,5,12340.12096086,123.40120961,0.00000000,0.06000000,0.61981468,0.00100000
uniform,100,11024,gno,1.00000000,10,4332.71765739,43.32717657,3.67294017,0.00000000,0.54598900,0.00000000
uniform,100,11024,alns_no_refine,1.00000000,7,5358.13105999,53.58131060,1.89445493,0.00000000,0.57944050,0.00300000
uniform,100,11024,fixed_gno_refine,1.00000000,10,8992.96822224,89.92968222,15.49287259,0.00000000,0.71934873,0.00500000
uniform,100,11024,alns_sca_lite,1.00000000,6,8949.49329600,89.49493296,12.93485045,0.00000000,0.60484959,0.00600000
uniform,100,11024,pso_low_3x4,0.99000000,6,5789.11980373,57.89119804,2.77322473,0.01000000,0.56451760,0.00200000
uniform,100,11024,pso_mid_6x8,1.00000000,6,8980.99586116,89.80995861,13.44456577,0.00000000,0.50805520,0.00500000
uniform,100,11024,pso_high_12x16,1.00000000,6,10383.57847367,103.83578474,17.77780070,0.00000000,0.59885094,0.02500000
uniform,100,11025,kmeans_grid,0.91000000,5,10574.33268415,105.74332684,0.00000000,0.09000000,0.59288210,0.00000000
uniform,100,11025,gno,1.00000000,10,3448.29522261,34.48295223,3.50625019,0.00000000,0.63077967,0.00100000
uniform,100,11025,alns_no_refine,1.00000000,6,5387.65678566,53.87656786,2.80052836,0.00000000,0.61398621,0.00300000
uniform,100,11025,fixed_gno_refine,1.00000000,10,8659.35647936,86.59356479,19.37691606,0.00000000,0.80576230,0.00500000
uniform,100,11025,alns_sca_lite,1.00000000,6,8201.96843916,82.01968439,17.86107099,0.00000000,0.59643245,0.00600000
uniform,100,11025,pso_low_3x4,0.96000000,6,8152.58264024,81.52582640,0.60097216,0.04000000,0.44444172,0.00100000
uniform,100,11025,pso_mid_6x8,1.00000000,6,7925.88977454,79.25889775,8.56127044,0.00000000,0.51658915,0.00600000
uniform,100,11025,pso_high_12x16,1.00000000,6,12392.91961062,123.92919611,21.79326575,0.00000000,0.67587652,0.02100000
uniform,100,11026,kmeans_grid,0.97000000,5,12793.31808057,127.93318081,0.97973841,0.03000000,0.60139583,0.00000000
uniform,100,11026,gno,1.00000000,10,4173.12173548,41.73121735,6.31397870,0.00000000,0.67046845,0.00000000
uniform,100,11026,alns_no_refine,1.00000000,7,4603.00542425,46.03005424,4.49139375,0.00000000,0.65470984,0.00300000
uniform,100,11026,fixed_gno_refine,1.00000000,10,9860.91540906,98.60915409,22.66960015,0.00000000,0.78362663,0.00500000
uniform,100,11026,alns_sca_lite,1.00000000,6,11019.48692806,110.19486928,17.47993729,0.00000000,0.67732607,0.00500000
uniform,100,11026,pso_low_3x4,1.00000000,6,7874.64139603,78.74641396,1.00792539,0.00000000,0.44872898,0.00200000
uniform,100,11026,pso_mid_6x8,1.00000000,6,6145.56530199,61.45565302,1.27528826,0.00000000,0.48378202,0.00700000
uniform,100,11026,pso_high_12x16,1.00000000,6,12933.14182382,129.33141824,14.04982153,0.00000000,0.56806831,0.02000000
uniform,100,11027,kmeans_grid,0.90000000,5,9223.43693170,92.23436932,0.00000000,0.10000000,0.57927278,0.00100000
uniform,100,11027,gno,0.98000000,10,2752.23096907,27.52230969,4.58472676,0.02000000,0.57435597,0.00000000
uniform,100,11027,alns_no_refine,0.99000000,6,3936.90683300,39.36906833,0.97538456,0.01000000,0.48922458,0.00300000
uniform,100,11027,fixed_gno_refine,1.00000000,10,9320.05416147,93.20054161,23.46091025,0.00000000,0.78052499,0.00600000
uniform,100,11027,alns_sca_lite,1.00000000,8,5222.56745255,52.22567453,10.37807430,0.00000000,0.68946183,0.00800000
uniform,100,11027,pso_low_3x4,1.00000000,8,7345.95162984,73.45951630,13.76376086,0.00000000,0.62877811,0.00200000
uniform,100,11027,pso_mid_6x8,1.00000000,8,7093.14506018,70.93145060,12.31656994,0.00000000,0.55027081,0.00800000
uniform,100,11027,pso_high_12x16,1.00000000,8,12143.20244229,121.43202442,16.76953710,0.00000000,0.57021861,0.02600000
uniform,100,11028,kmeans_grid,0.96000000,5,8540.80132416,85.40801324,0.82435953,0.04000000,0.63142625,0.00000000
uniform,100,11028,gno,1.00000000,10,2953.18899414,29.53188994,4.44737958,0.00000000,0.55246519,0.00100000
uniform,100,11028,alns_no_refine,1.00000000,6,4642.60800944,46.42608009,10.12477111,0.00000000,0.57190267,0.00300000
uniform,100,11028,fixed_gno_refine,1.00000000,10,7584.42398852,75.84423989,19.84712161,0.00000000,0.74123513,0.00600000
uniform,100,11028,alns_sca_lite,1.00000000,6,7234.24470863,72.34244709,12.35513063,0.00000000,0.63422427,0.00700000
uniform,100,11028,pso_low_3x4,0.98000000,6,7034.72801678,70.34728017,6.88658061,0.02000000,0.59856169,0.00200000
uniform,100,11028,pso_mid_6x8,1.00000000,6,8111.39483413,81.11394834,14.35299450,0.00000000,0.59327823,0.00600000
uniform,100,11028,pso_high_12x16,1.00000000,6,10749.96376128,107.49963761,8.35157733,0.00000000,0.50426171,0.02300000
uniform,100,11029,kmeans_grid,0.93000000,5,8477.42547654,84.77425477,0.00000000,0.07000000,0.60419039,0.00000000
uniform,100,11029,gno,1.00000000,10,3509.36493193,35.09364932,6.73773147,0.00000000,0.52054547,0.00100000
uniform,100,11029,alns_no_refine,1.00000000,6,5390.53855473,53.90538555,11.00285511,0.00000000,0.56925473,0.00200000
uniform,100,11029,fixed_gno_refine,1.00000000,10,8356.35555448,83.56355554,23.36597909,0.00000000,0.82608991,0.00600000
uniform,100,11029,alns_sca_lite,1.00000000,7,7562.31886330,75.62318863,19.35572390,0.00000000,0.71006760,0.00700000
uniform,100,11029,pso_low_3x4,1.00000000,7,8216.94715709,82.16947157,18.94034115,0.00000000,0.61253992,0.00200000
uniform,100,11029,pso_mid_6x8,1.00000000,7,8546.64748237,85.46647482,2.32419962,0.00000000,0.53095059,0.00700000
uniform,100,11029,pso_high_12x16,1.00000000,7,9103.33103909,91.03331039,6.51245668,0.00000000,0.44542724,0.02800000
uniform,200,11100,kmeans_grid,0.88000000,10,13142.10308596,65.71051543,0.00000000,0.12000000,0.54666991,0.00100000
uniform,200,11100,gno,0.99500000,20,4653.31743567,23.26658718,3.73047719,0.00500000,0.49264735,0.00100000
uniform,200,11100,alns_no_refine,0.99500000,14,5547.41721167,27.73708606,2.98592032,0.00500000,0.50632748,0.01200000
uniform,200,11100,fixed_gno_refine,1.00000000,20,16327.68443740,81.63842219,18.43788692,0.00000000,0.81149108,0.01400000
uniform,200,11100,alns_sca_lite,1.00000000,13,7656.75482353,38.28377412,4.08688234,0.00000000,0.60919607,0.02300000
uniform,200,11100,pso_low_3x4,1.00000000,13,7391.59259553,36.95796298,2.72355835,0.00000000,0.29147202,0.00800000
uniform,200,11100,pso_mid_6x8,1.00000000,13,8051.17935058,40.25589675,7.08042072,0.00000000,0.58486737,0.02700000
uniform,200,11100,pso_high_12x16,1.00000000,13,9988.43222673,49.94216113,6.30117606,0.00000000,0.70242005,0.09600000
uniform,200,11101,kmeans_grid,0.93000000,10,14347.62388933,71.73811945,0.00000000,0.07000000,0.61944081,0.00200000
uniform,200,11101,gno,1.00000000,20,4381.00336400,21.90501682,4.76735682,0.00000000,0.58037740,0.00100000
uniform,200,11101,alns_no_refine,1.00000000,13,5511.67814416,27.55839072,4.49722036,0.00000000,0.55062455,0.01200000
uniform,200,11101,fixed_gno_refine,1.00000000,20,4381.00336400,21.90501682,4.76735682,0.00000000,0.58037740,0.01400000
uniform,200,11101,alns_sca_lite,1.00000000,12,5401.32560720,27.00662804,5.69803175,0.00000000,0.55093221,0.02500000
uniform,200,11101,pso_low_3x4,0.99500000,12,8173.51098843,40.86755494,2.79125412,0.00500000,0.56123712,0.00600000
uniform,200,11101,pso_mid_6x8,1.00000000,12,7845.54234651,39.22771173,7.18969161,0.00000000,0.63405852,0.02200000
uniform,200,11101,pso_high_12x16,1.00000000,12,9445.57206845,47.22786034,4.58470777,0.00000000,0.43696605,0.09400000
uniform,200,11102,kmeans_grid,0.91500000,10,13679.05567442,68.39527837,0.00000000,0.08500000,0.66816972,0.00200000
uniform,200,11102,gno,1.00000000,20,4059.37317681,20.29686588,2.77494675,0.00000000,0.47239907,0.00100000
uniform,200,11102,alns_no_refine,1.00000000,13,5312.46558782,26.56232794,3.14393110,0.00000000,0.44061981,0.01400000
uniform,200,11102,fixed_gno_refine,1.00000000,20,15319.17059186,76.59585296,18.38180426,0.00000000,0.79711451,0.01400000
uniform,200,11102,alns_sca_lite,1.00000000,14,14815.49602654,74.07748013,13.26817374,0.00000000,0.72648703,0.02500000
uniform,200,11102,pso_low_3x4,1.00000000,14,6946.22164249,34.73110821,2.64594906,0.00000000,0.71814570,0.00800000
uniform,200,11102,pso_mid_6x8,1.00000000,14,7302.73526177,36.51367631,2.98353796,0.00000000,0.65400215,0.02700000
uniform,200,11102,pso_high_12x16,1.00000000,14,10464.29289143,52.32146446,13.19390910,0.00000000,0.67837933,0.11800000
uniform,200,11103,kmeans_grid,0.89500000,10,12286.18282225,61.43091411,0.00000000,0.10500000,0.56436352,0.00100000
uniform,200,11103,gno,1.00000000,20,5455.03372666,27.27516863,2.43221583,0.00000000,0.57470066,0.00200000
uniform,200,11103,alns_no_refine,1.00000000,15,5851.28114379,29.25640572,2.18453569,0.00000000,0.58611623,0.01300000
uniform,200,11103,fixed_gno_refine,1.00000000,20,5455.03372666,27.27516863,2.43221583,0.00000000,0.57470066,0.01400000
uniform,200,11103,alns_sca_lite,1.00000000,13,9364.32044268,46.82160221,7.73956815,0.00000000,0.60225438,0.02400000
uniform,200,11103,pso_low_3x4,1.00000000,13,7615.17989451,38.07589947,5.47994234,0.00000000,0.64013721,0.00600000
uniform,200,11103,pso_mid_6x8,1.00000000,13,7675.62805237,38.37814026,2.05397793,0.00000000,0.72355492,0.02500000
uniform,200,11103,pso_high_12x16,1.00000000,13,10526.66934704,52.63334674,9.19011894,0.00000000,0.66162912,0.09200000
uniform,200,11104,kmeans_grid,0.98500000,10,13986.91578721,69.93457894,8.11203250,0.01500000,0.63380311,0.00100000
uniform,200,11104,gno,1.00000000,20,4158.04138953,20.79020695,3.06163063,0.00000000,0.51182828,0.00200000
uniform,200,11104,alns_no_refine,1.00000000,12,5253.41406787,26.26707034,3.23483379,0.00000000,0.52643621,0.01100000
uniform,200,11104,fixed_gno_refine,1.00000000,20,4158.04138953,20.79020695,3.06163063,0.00000000,0.51182828,0.01600000
uniform,200,11104,alns_sca_lite,1.00000000,12,5450.34813021,27.25174065,1.99431006,0.00000000,0.49324815,0.02500000
uniform,200,11104,pso_low_3x4,0.98000000,12,7494.78671980,37.47393360,6.01761466,0.02000000,0.47586887,0.00700000
uniform,200,11104,pso_mid_6x8,1.00000000,12,7183.16784377,35.91583922,3.41751233,0.00000000,0.49079318,0.02800000
uniform,200,11104,pso_high_12x16,1.00000000,12,8449.39387500,42.24696937,11.23878417,0.00000000,0.67925422,0.10200000
uniform,200,11105,kmeans_grid,0.93000000,10,13572.74711192,67.86373556,0.00000000,0.07000000,0.61367465,0.00100000
uniform,200,11105,gno,1.00000000,20,4321.49607293,21.60748036,3.33915542,0.00000000,0.55575178,0.00100000
uniform,200,11105,alns_no_refine,1.00000000,11,5713.22903727,28.56614519,2.30511610,0.00000000,0.52107254,0.01300000
uniform,200,11105,fixed_gno_refine,1.00000000,20,8512.04545286,42.56022726,6.51303000,0.00000000,0.63772117,0.01400000
uniform,200,11105,alns_sca_lite,1.00000000,13,7021.65078277,35.10825391,7.34406923,0.00000000,0.62792528,0.02700000
uniform,200,11105,pso_low_3x4,1.00000000,13,7302.84716051,36.51423580,2.53528600,0.00000000,0.32943591,0.00800000
uniform,200,11105,pso_mid_6x8,1.00000000,13,8395.10451293,41.97552256,5.57217170,0.00000000,0.55433514,0.02700000
uniform,200,11105,pso_high_12x16,1.00000000,13,9692.98019125,48.46490096,7.14803860,0.00000000,0.71590412,0.11100000
uniform,200,11106,kmeans_grid,0.93500000,10,13724.41225507,68.62206128,0.00000000,0.06500000,0.62037729,0.00200000
uniform,200,11106,gno,1.00000000,20,4019.67610108,20.09838051,2.28638791,0.00000000,0.57450383,0.00100000
uniform,200,11106,alns_no_refine,1.00000000,13,4455.20457384,22.27602287,2.73587158,0.00000000,0.50772660,0.01300000
uniform,200,11106,fixed_gno_refine,1.00000000,20,14715.04992638,73.57524963,19.89209594,0.00000000,0.78178022,0.01500000
uniform,200,11106,alns_sca_lite,1.00000000,13,10728.53485245,53.64267426,5.42805503,0.00000000,0.67419994,0.02400000
uniform,200,11106,pso_low_3x4,0.99500000,13,6684.26441011,33.42132205,1.28632817,0.00500000,0.54366532,0.00800000
uniform,200,11106,pso_mid_6x8,1.00000000,13,6993.31230394,34.96656152,3.87857401,0.00000000,0.65988342,0.02800000
uniform,200,11106,pso_high_12x16,1.00000000,13,8351.05537306,41.75527687,9.02859820,0.00000000,0.63656292,0.11000000
uniform,200,11107,kmeans_grid,0.93500000,10,14754.66186873,73.77330934,0.00000000,0.06500000,0.63880397,0.00100000
uniform,200,11107,gno,1.00000000,20,5885.25555892,29.42627779,4.58532575,0.00000000,0.55309458,0.00200000
uniform,200,11107,alns_no_refine,1.00000000,13,6814.00707392,34.07003537,5.39599103,0.00000000,0.56941425,0.01500000
uniform,200,11107,fixed_gno_refine,1.00000000,20,5885.25555892,29.42627779,4.58532575,0.00000000,0.55309458,0.01800000
uniform,200,11107,alns_sca_lite,1.00000000,13,10829.39730083,54.14698650,9.30010116,0.00000000,0.62807308,0.02700000
uniform,200,11107,pso_low_3x4,0.98500000,13,6492.06233388,32.46031167,1.11045644,0.01500000,0.54420151,0.00900000
uniform,200,11107,pso_mid_6x8,1.00000000,13,8215.63738319,41.07818692,5.33503092,0.00000000,0.28370926,0.02700000
uniform,200,11107,pso_high_12x16,1.00000000,13,8952.11053647,44.76055268,14.59656989,0.00000000,0.71901722,0.11100000
uniform,200,11108,kmeans_grid,0.96500000,10,15170.94016253,75.85470081,1.94879340,0.03500000,0.67911089,0.00200000
uniform,200,11108,gno,1.00000000,20,3575.03338355,17.87516692,2.22642773,0.00000000,0.53011602,0.00200000
uniform,200,11108,alns_no_refine,1.00000000,13,4379.27360033,21.89636800,1.62994527,0.00000000,0.54258924,0.01200000
uniform,200,11108,fixed_gno_refine,1.00000000,20,16316.13723683,81.58068618,20.45560724,0.00000000,0.79501322,0.01500000
uniform,200,11108,alns_sca_lite,1.00000000,12,16161.20270217,80.80601351,15.44949241,0.00000000,0.71443176,0.02200000
uniform,200,11108,pso_low_3x4,1.00000000,12,7708.27749344,38.54138747,5.73331877,0.00000000,0.61300224,0.00700000
uniform,200,11108,pso_mid_6x8,1.00000000,12,7386.08424988,36.93042125,3.71724968,0.00000000,0.58376979,0.02300000
uniform,200,11108,pso_high_12x16,1.00000000,12,9175.40634839,45.87703174,5.51293469,0.00000000,0.62507595,0.08800000
uniform,200,11109,kmeans_grid,0.93500000,10,13938.16169284,69.69080846,0.00000000,0.06500000,0.67926010,0.00100000
uniform,200,11109,gno,1.00000000,20,4135.06736844,20.67533684,4.19843695,0.00000000,0.55939278,0.00200000
uniform,200,11109,alns_no_refine,1.00000000,11,4846.53060926,24.23265305,3.41565762,0.00000000,0.55810439,0.01000000
uniform,200,11109,fixed_gno_refine,1.00000000,20,10073.16290383,50.36581452,6.17546052,0.00000000,0.67166135,0.01500000
uniform,200,11109,alns_sca_lite,1.00000000,15,11162.57068099,55.81285340,7.66098964,0.00000000,0.62443144,0.02400000
uniform,200,11109,pso_low_3x4,1.00000000,15,6921.34777483,34.60673887,5.37988800,0.00000000,0.62308213,0.00800000
uniform,200,11109,pso_mid_6x8,1.00000000,15,7463.22936556,37.31614683,8.38181235,0.00000000,0.69504784,0.02900000
uniform,200,11109,pso_high_12x16,1.00000000,15,8079.86511665,40.39932558,8.75714047,0.00000000,0.65160732,0.10400000
uniform,200,11110,kmeans_grid,0.91500000,10,13099.21473871,65.49607369,0.00000000,0.08500000,0.59508744,0.00200000
uniform,200,11110,gno,0.98500000,20,5596.39732351,27.98198662,2.51335975,0.01500000,0.49200684,0.00100000
uniform,200,11110,alns_no_refine,0.98500000,13,6368.29916900,31.84149585,2.80009496,0.01500000,0.48150653,0.01200000
uniform,200,11110,fixed_gno_refine,1.00000000,20,11359.39315161,56.79696576,15.56139868,0.00000000,0.66901168,0.01400000
uniform,200,11110,alns_sca_lite,1.00000000,15,14387.33642029,71.93668210,15.61331028,0.00000000,0.70197588,0.02700000
uniform,200,11110,pso_low_3x4,1.00000000,15,7331.83287937,36.65916440,6.92328096,0.00000000,0.71360373,0.00900000
uniform,200,11110,pso_mid_6x8,1.00000000,15,9090.18799196,45.45093996,1.83931483,0.00000000,0.50694073,0.03200000
uniform,200,11110,pso_high_12x16,1.00000000,15,9018.64131504,45.09320658,2.33424663,0.00000000,0.44269726,0.11400000
uniform,200,11111,kmeans_grid,0.93000000,10,14788.75260273,73.94376301,0.00000000,0.07000000,0.70786282,0.00100000
uniform,200,11111,gno,0.99500000,20,5624.64253720,28.12321269,4.94174454,0.00500000,0.45208120,0.00100000
uniform,200,11111,alns_no_refine,0.99500000,12,7873.84367276,39.36921836,5.19912940,0.00500000,0.47237347,0.01100000
uniform,200,11111,fixed_gno_refine,1.00000000,20,9817.92938062,49.08964690,6.54780683,0.00000000,0.64483557,0.01500000
uniform,200,11111,alns_sca_lite,1.00000000,15,10475.95213314,52.37976067,8.28421576,0.00000000,0.68166950,0.02600000
uniform,200,11111,pso_low_3x4,1.00000000,15,6789.62963557,33.94814818,3.76855091,0.00000000,0.30341710,0.00900000
uniform,200,11111,pso_mid_6x8,1.00000000,15,9233.83524885,46.16917624,2.04508104,0.00000000,0.44559055,0.02700000
uniform,200,11111,pso_high_12x16,1.00000000,15,9641.12835455,48.20564177,13.51445912,0.00000000,0.68114111,0.11300000
uniform,200,11112,kmeans_grid,0.96000000,10,13339.66185312,66.69830927,0.85210117,0.04000000,0.60306103,0.00100000
uniform,200,11112,gno,1.00000000,20,4661.73922801,23.30869614,3.31711453,0.00000000,0.45496022,0.00200000
uniform,200,11112,alns_no_refine,1.00000000,11,5326.67913326,26.63339567,2.72522332,0.00000000,0.45140528,0.01100000
uniform,200,11112,fixed_gno_refine,1.00000000,20,15328.95047915,76.64475240,15.68789801,0.00000000,0.75792500,0.01500000
uniform,200,11112,alns_sca_lite,1.00000000,15,11337.01730374,56.68508652,12.54587758,0.00000000,0.67078497,0.02700000
uniform,200,11112,pso_low_3x4,1.00000000,15,7143.63595795,35.71817979,4.58979077,0.00000000,0.57776954,0.00900000
uniform,200,11112,pso_mid_6x8,1.00000000,15,8659.41707788,43.29708539,12.09043286,0.00000000,0.67836362,0.03300000
uniform,200,11112,pso_high_12x16,1.00000000,15,8810.51829644,44.05259148,5.32140367,0.00000000,0.70302484,0.11500000
uniform,200,11113,kmeans_grid,0.87500000,10,13393.15334045,66.96576670,0.00000000,0.12500000,0.58230868,0.00200000
uniform,200,11113,gno,1.00000000,20,4823.04518159,24.11522591,5.16303797,0.00000000,0.51357657,0.00100000
uniform,200,11113,alns_no_refine,1.00000000,12,6680.76007306,33.40380037,5.52366007,0.00000000,0.52653542,0.01200000
uniform,200,11113,fixed_gno_refine,1.00000000,20,4823.04518159,24.11522591,5.16303797,0.00000000,0.51357657,0.01500000
uniform,200,11113,alns_sca_lite,1.00000000,12,6680.76007306,33.40380037,5.52366007,0.00000000,0.52653542,0.02300000
uniform,200,11113,pso_low_3x4,1.00000000,12,7718.17611229,38.59088056,5.47205268,0.00000000,0.67128216,0.00700000
uniform,200,11113,pso_mid_6x8,1.00000000,12,8243.34514378,41.21672572,3.72617026,0.00000000,0.67158926,0.02500000
uniform,200,11113,pso_high_12x16,1.00000000,12,9996.74422653,49.98372113,8.88105091,0.00000000,0.72157787,0.09100000
uniform,200,11114,kmeans_grid,0.94500000,10,15724.17118273,78.62085591,0.00000000,0.05500000,0.69762666,0.00100000
uniform,200,11114,gno,1.00000000,20,4056.97569163,20.28487846,3.17809521,0.00000000,0.58726569,0.00100000
uniform,200,11114,alns_no_refine,1.00000000,12,5039.63652056,25.19818260,1.85482340,0.00000000,0.52566256,0.01100000
uniform,200,11114,fixed_gno_refine,1.00000000,20,6211.07902454,31.05539512,3.07266378,0.00000000,0.61871877,0.01500000
uniform,200,11114,alns_sca_lite,1.00000000,14,10901.35883696,54.50679418,9.64321455,0.00000000,0.61787848,0.02400000
uniform,200,11114,pso_low_3x4,1.00000000,14,7759.37055997,38.79685280,4.14658887,0.00000000,0.69543908,0.00800000
uniform,200,11114,pso_mid_6x8,1.00000000,14,7901.93738855,39.50968694,6.20581209,0.00000000,0.73500230,0.02700000
uniform,200,11114,pso_high_12x16,1.00000000,14,11152.00154784,55.76000774,15.92997789,0.00000000,0.73423778,0.10500000
uniform,200,11115,kmeans_grid,0.95500000,10,14165.46134449,70.82730672,0.55403170,0.04500000,0.62482828,0.00200000
uniform,200,11115,gno,1.00000000,20,5860.85976261,29.30429881,3.24711033,0.00000000,0.53317754,0.00100000
uniform,200,11115,alns_no_refine,1.00000000,12,6449.70509481,32.24852547,1.30633711,0.00000000,0.52169346,0.01200000
uniform,200,11115,fixed_gno_refine,1.00000000,20,15113.30111650,75.56650558,17.33522518,0.00000000,0.74247424,0.01400000
uniform,200,11115,alns_sca_lite,1.00000000,12,16715.17862243,83.57589311,17.66512960,0.00000000,0.74832226,0.02400000
uniform,200,11115,pso_low_3x4,0.95000000,12,7343.62466929,36.71812335,0.00000000,0.05000000,0.49335913,0.00600000
uniform,200,11115,pso_mid_6x8,1.00000000,12,9618.96724816,48.09483624,10.15973280,0.00000000,0.45488045,0.02400000
uniform,200,11115,pso_high_12x16,1.00000000,12,10339.26999876,51.69634999,11.33036372,0.00000000,0.73190954,0.09200000
uniform,200,11116,kmeans_grid,0.94500000,10,14576.54846341,72.88274232,0.00000000,0.05500000,0.68438014,0.00100000
uniform,200,11116,gno,1.00000000,20,3972.30033832,19.86150169,3.31676397,0.00000000,0.54127930,0.00100000
uniform,200,11116,alns_no_refine,1.00000000,12,4582.27018255,22.91135091,2.54521103,0.00000000,0.55236005,0.01100000
uniform,200,11116,fixed_gno_refine,1.00000000,20,14397.23337877,71.98616689,18.95558087,0.00000000,0.80309249,0.01600000
uniform,200,11116,alns_sca_lite,1.00000000,14,13897.43518683,69.48717593,15.65669862,0.00000000,0.75537564,0.02300000
uniform,200,11116,pso_low_3x4,0.99500000,14,6985.40593614,34.92702968,2.15598543,0.00500000,0.59085537,0.00700000
uniform,200,11116,pso_mid_6x8,1.00000000,14,8218.97899775,41.09489499,3.80844621,0.00000000,0.65448006,0.02700000
uniform,200,11116,pso_high_12x16,1.00000000,14,10178.61114886,50.89305574,7.40493280,0.00000000,0.69237687,0.10000000
uniform,200,11117,kmeans_grid,0.93500000,10,13701.59045561,68.50795228,0.00000000,0.06500000,0.62553911,0.00200000
uniform,200,11117,gno,0.99500000,20,3384.71495610,16.92357478,1.77833507,0.00500000,0.42092518,0.00100000
uniform,200,11117,alns_no_refine,0.99500000,12,4110.24841471,20.55124207,1.38365969,0.00500000,0.42921459,0.01200000
uniform,200,11117,fixed_gno_refine,1.00000000,20,6300.20015830,31.50100079,7.23678045,0.00000000,0.62111976,0.01400000
uniform,200,11117,alns_sca_lite,1.00000000,12,6947.68045104,34.73840226,3.84109657,0.00000000,0.63877466,0.02200000
uniform,200,11117,pso_low_3x4,0.99500000,12,7638.75659604,38.19378298,4.50954784,0.00500000,0.49664197,0.00800000
uniform,200,11117,pso_mid_6x8,1.00000000,12,7188.78968900,35.94394844,7.02818301,0.00000000,0.71281666,0.02800000
uniform,200,11117,pso_high_12x16,1.00000000,12,10883.31878422,54.41659392,5.42694921,0.00000000,0.59632589,0.09900000
uniform,200,11118,kmeans_grid,0.90500000,10,13391.62231902,66.95811160,0.00000000,0.09500000,0.58314233,0.00200000
uniform,200,11118,gno,0.99500000,20,4610.43749670,23.05218748,3.78794366,0.00500000,0.54512779,0.00200000
uniform,200,11118,alns_no_refine,0.99500000,15,5233.92419555,26.16962098,2.96984339,0.00500000,0.57075215,0.01500000
uniform,200,11118,fixed_gno_refine,0.99500000,20,15755.43441294,78.77717206,17.09873933,0.00500000,0.76374889,0.01600000
uniform,200,11118,alns_sca_lite,0.99500000,13,15630.48011442,78.15240057,12.13536041,0.00500000,0.72599748,0.02500000
uniform,200,11118,pso_low_3x4,1.00000000,13,6275.22937500,31.37614688,10.73809756,0.00000000,0.73118431,0.00900000
uniform,200,11118,pso_mid_6x8,1.00000000,13,7327.44699577,36.63723498,6.81276341,0.00000000,0.48177557,0.02700000
uniform,200,11118,pso_high_12x16,1.00000000,13,10233.52966153,51.16764831,13.97856873,0.00000000,0.69591137,0.10800000
uniform,200,11119,kmeans_grid,0.95000000,10,13990.47255185,69.95236276,0.00000000,0.05000000,0.63901396,0.00100000
uniform,200,11119,gno,1.00000000,20,4522.70505111,22.61352526,2.10875045,0.00000000,0.52729309,0.00200000
uniform,200,11119,alns_no_refine,1.00000000,12,5562.44980482,27.81224902,2.09687954,0.00000000,0.50036905,0.01200000
uniform,200,11119,fixed_gno_refine,1.00000000,20,4522.70505111,22.61352526,2.10875045,0.00000000,0.52729309,0.01500000
uniform,200,11119,alns_sca_lite,1.00000000,11,5515.23349982,27.57616750,2.59072844,0.00000000,0.48616141,0.02200000
uniform,200,11119,pso_low_3x4,1.00000000,11,6403.35595511,32.01677978,3.17624004,0.00000000,0.64064790,0.00700000
uniform,200,11119,pso_mid_6x8,0.99500000,11,8092.98943360,40.46494717,3.91095733,0.00500000,0.66482773,0.02200000
uniform,200,11119,pso_high_12x16,1.00000000,11,8422.92392657,42.11461963,6.34021173,0.00000000,0.58341318,0.08700000
uniform,200,11120,kmeans_grid,0.93000000,10,13595.52368469,67.97761842,0.00000000,0.07000000,0.66200522,0.00200000
uniform,200,11120,gno,0.99500000,20,3914.65430767,19.57327154,2.28165962,0.00500000,0.52977814,0.00100000
uniform,200,11120,alns_no_refine,0.99500000,12,5070.26662515,25.35133313,2.75161610,0.00500000,0.49940947,0.01200000
uniform,200,11120,fixed_gno_refine,1.00000000,20,14345.76593365,71.72882967,17.17240910,0.00000000,0.74033569,0.01300000
uniform,200,11120,alns_sca_lite,1.00000000,14,13273.59340803,66.36796704,13.54751381,0.00000000,0.72887294,0.02500000
uniform,200,11120,pso_low_3x4,1.00000000,14,6376.58184590,31.88290923,1.20235326,0.00000000,0.50761633,0.00800000
uniform,200,11120,pso_mid_6x8,1.00000000,14,7984.89604536,39.92448023,3.30257385,0.00000000,0.68829208,0.02900000
uniform,200,11120,pso_high_12x16,1.00000000,14,9912.89439519,49.56447198,12.10549205,0.00000000,0.68982818,0.11100000
uniform,200,11121,kmeans_grid,0.95500000,10,14895.81823463,74.47909117,0.70206806,0.04500000,0.68736850,0.00100000
uniform,200,11121,gno,1.00000000,20,4622.31653251,23.11158266,4.19128668,0.00000000,0.58489025,0.00200000
uniform,200,11121,alns_no_refine,1.00000000,13,5417.32419776,27.08662099,2.14945321,0.00000000,0.52934864,0.01500000
uniform,200,11121,fixed_gno_refine,1.00000000,20,14548.92880614,72.74464403,17.85437203,0.00000000,0.77008128,0.01500000
uniform,200,11121,alns_sca_lite,1.00000000,13,15993.83439194,79.96917196,14.55868484,0.00000000,0.75790558,0.02300000
uniform,200,11121,pso_low_3x4,1.00000000,13,6249.10168586,31.24550843,2.48997278,0.00000000,0.64612402,0.00800000
uniform,200,11121,pso_mid_6x8,1.00000000,13,7206.88247608,36.03441238,10.73697736,0.00000000,0.67602226,0.02500000
uniform,200,11121,pso_high_12x16,1.00000000,13,9948.87708717,49.74438544,11.25059928,0.00000000,0.44371482,0.10400000
uniform,200,11122,kmeans_grid,0.95000000,10,15461.55205701,77.30776029,0.00000000,0.05000000,0.69544633,0.00100000
uniform,200,11122,gno,1.00000000,20,5443.31493558,27.21657468,4.26324706,0.00000000,0.59838166,0.00200000
uniform,200,11122,alns_no_refine,1.00000000,13,6681.00318766,33.40501594,3.50068512,0.00000000,0.57001804,0.01200000
uniform,200,11122,fixed_gno_refine,1.00000000,20,15468.70327753,77.34351639,19.05345434,0.00000000,0.78712585,0.01400000
uniform,200,11122,alns_sca_lite,1.00000000,13,6593.97692582,32.96988463,3.69643307,0.00000000,0.57314805,0.02400000
uniform,200,11122,pso_low_3x4,1.00000000,13,5969.22465332,29.84612327,2.43907546,0.00000000,0.45438723,0.00700000
uniform,200,11122,pso_mid_6x8,1.00000000,13,7773.95261673,38.86976308,4.67890927,0.00000000,0.65061324,0.02500000
uniform,200,11122,pso_high_12x16,1.00000000,13,10190.05527147,50.95027636,9.62107747,0.00000000,0.66419240,0.10400000
uniform,200,11123,kmeans_grid,0.95000000,10,14541.40121965,72.70700610,0.00000000,0.05000000,0.60650588,0.00100000
uniform,200,11123,gno,1.00000000,20,4949.78846327,24.74894232,1.96466380,0.00000000,0.62000750,0.00100000
uniform,200,11123,alns_no_refine,1.00000000,12,5498.77490793,27.49387454,1.95945990,0.00000000,0.58601245,0.01300000
uniform,200,11123,fixed_gno_refine,1.00000000,20,15678.41055446,78.39205277,18.69112956,0.00000000,0.79018395,0.01400000
uniform,200,11123,alns_sca_lite,1.00000000,14,7961.18164733,39.80590824,2.61421514,0.00000000,0.57514055,0.02600000
uniform,200,11123,pso_low_3x4,1.00000000,14,7362.84817203,36.81424086,3.80086882,0.00000000,0.47874441,0.00800000
uniform,200,11123,pso_mid_6x8,1.00000000,14,6935.96371868,34.67981859,4.63333384,0.00000000,0.67322735,0.03000000
uniform,200,11123,pso_high_12x16,1.00000000,14,10382.33791815,51.91168959,13.41780631,0.00000000,0.67175658,0.11500000
uniform,200,11124,kmeans_grid,0.86000000,10,13399.93514256,66.99967571,0.00000000,0.14000000,0.56943669,0.00100000
uniform,200,11124,gno,1.00000000,20,4244.10641204,21.22053206,1.70759703,0.00000000,0.53495451,0.00200000
uniform,200,11124,alns_no_refine,1.00000000,14,5208.02557746,26.04012789,1.89989716,0.00000000,0.54669083,0.01300000
uniform,200,11124,fixed_gno_refine,1.00000000,20,10261.75678005,51.30878390,8.30974634,0.00000000,0.69274408,0.01400000
uniform,200,11124,alns_sca_lite,1.00000000,14,11412.34692048,57.06173460,10.35935162,0.00000000,0.62777315,0.02600000
uniform,200,11124,pso_low_3x4,1.00000000,14,6731.08369150,33.65541846,2.49662991,0.00000000,0.49502659,0.00900000
uniform,200,11124,pso_mid_6x8,1.00000000,14,8740.28057990,43.70140290,3.42517158,0.00000000,0.58117856,0.03000000
uniform,200,11124,pso_high_12x16,1.00000000,14,9763.57322650,48.81786613,10.41042026,0.00000000,0.75227798,0.10400000
uniform,200,11125,kmeans_grid,0.97000000,10,13054.69278634,65.27346393,1.51437792,0.03000000,0.70082492,0.00200000
uniform,200,11125,gno,1.00000000,20,3775.61053488,18.87805267,3.48409203,0.00000000,0.56025687,0.00100000
uniform,200,11125,alns_no_refine,1.00000000,11,4286.98842379,21.43494212,2.86731346,0.00000000,0.55418718,0.01100000
uniform,200,11125,fixed_gno_refine,1.00000000,20,12885.78916457,64.42894582,11.92132981,0.00000000,0.68411098,0.01400000
uniform,200,11125,alns_sca_lite,1.00000000,15,10601.84349646,53.00921748,10.94630891,0.00000000,0.66587072,0.02400000
uniform,200,11125,pso_low_3x4,1.00000000,15,6018.15135605,30.09075678,7.58771275,0.00000000,0.65476657,0.00900000
uniform,200,11125,pso_mid_6x8,1.00000000,15,7846.33037109,39.23165186,1.98179266,0.00000000,0.57631379,0.03100000
uniform,200,11125,pso_high_12x16,1.00000000,15,10117.64693475,50.58823467,11.45117141,0.00000000,0.68767886,0.12800000
uniform,200,11126,kmeans_grid,0.92000000,10,14755.46299731,73.77731499,0.00000000,0.08000000,0.62348693,0.00100000
uniform,200,11126,gno,1.00000000,20,4421.83758993,22.10918795,3.11673448,0.00000000,0.55298361,0.00200000
uniform,200,11126,alns_no_refine,1.00000000,12,5191.39164862,25.95695824,3.07135447,0.00000000,0.52294734,0.01300000
uniform,200,11126,fixed_gno_refine,1.00000000,20,16238.44171247,81.19220856,17.04070167,0.00000000,0.75342989,0.01600000
uniform,200,11126,alns_sca_lite,1.00000000,13,15037.95372423,75.18976862,10.68786075,0.00000000,0.67424273,0.02200000
uniform,200,11126,pso_low_3x4,1.00000000,13,8366.10478621,41.83052393,6.23840776,0.00000000,0.64427948,0.00600000
uniform,200,11126,pso_mid_6x8,1.00000000,13,8731.09316419,43.65546582,3.99772157,0.00000000,0.66215557,0.02600000
uniform,200,11126,pso_high_12x16,1.00000000,13,11988.32209163,59.94161046,10.29557204,0.00000000,0.73509448,0.09400000
uniform,200,11127,kmeans_grid,0.91500000,10,12662.14083441,63.31070417,0.00000000,0.08500000,0.58023773,0.00100000
uniform,200,11127,gno,1.00000000,20,4270.44044240,21.35220221,2.00329975,0.00000000,0.59445317,0.00100000
uniform,200,11127,alns_no_refine,1.00000000,16,4586.39406473,22.93197032,2.03939340,0.00000000,0.59173015,0.01500000
uniform,200,11127,fixed_gno_refine,1.00000000,20,15864.95289470,79.32476447,18.23358056,0.00000000,0.79580603,0.01400000
uniform,200,11127,alns_sca_lite,1.00000000,13,9058.03577478,45.29017887,7.77349361,0.00000000,0.59249059,0.02400000
uniform,200,11127,pso_low_3x4,1.00000000,13,6464.58359823,32.32291799,2.50091522,0.00000000,0.60278699,0.00700000
uniform,200,11127,pso_mid_6x8,1.00000000,13,7334.25225973,36.67126130,4.46916779,0.00000000,0.54078880,0.02800000
uniform,200,11127,pso_high_12x16,1.00000000,13,10183.97298872,50.91986494,11.69786870,0.00000000,0.68392456,0.09600000
uniform,200,11128,kmeans_grid,0.95000000,10,12964.22456557,64.82112283,0.00000000,0.05000000,0.60030029,0.00200000
uniform,200,11128,gno,1.00000000,20,3989.17262045,19.94586310,2.80106791,0.00000000,0.59707249,0.00200000
uniform,200,11128,alns_no_refine,1.00000000,14,4219.21848504,21.09609243,2.35038783,0.00000000,0.58575012,0.01500000
uniform,200,11128,fixed_gno_refine,1.00000000,20,3989.17262045,19.94586310,2.80106791,0.00000000,0.59707249,0.01400000
uniform,200,11128,alns_sca_lite,1.00000000,14,4219.21848504,21.09609243,2.35038783,0.00000000,0.58575012,0.02600000
uniform,200,11128,pso_low_3x4,1.00000000,14,6078.21635157,30.39108176,3.16663291,0.00000000,0.59065159,0.00900000
uniform,200,11128,pso_mid_6x8,1.00000000,14,7958.71402900,39.79357014,1.69592820,0.00000000,0.66941920,0.02800000
uniform,200,11128,pso_high_12x16,1.00000000,14,9436.06022261,47.18030111,9.87174681,0.00000000,0.69605028,0.11600000
uniform,200,11129,kmeans_grid,0.85500000,10,11803.37029774,59.01685149,0.00000000,0.14500000,0.53913445,0.00100000
uniform,200,11129,gno,0.99000000,20,4725.06384570,23.62531923,4.98542355,0.01000000,0.48538747,0.00200000
uniform,200,11129,alns_no_refine,0.99000000,12,5610.36610688,28.05183053,4.16976066,0.01000000,0.48238514,0.01200000
uniform,200,11129,fixed_gno_refine,1.00000000,20,16966.00687355,84.83003437,19.68407537,0.00000000,0.81288010,0.01400000
uniform,200,11129,alns_sca_lite,1.00000000,14,16291.17544160,81.45587721,13.64361381,0.00000000,0.75978139,0.02600000
uniform,200,11129,pso_low_3x4,1.00000000,14,7410.03848423,37.05019242,8.54571922,0.00000000,0.56648341,0.00900000
uniform,200,11129,pso_mid_6x8,1.00000000,14,5469.81527584,27.34907638,1.41084282,0.00000000,0.54872374,0.02500000
uniform,200,11129,pso_high_12x16,1.00000000,14,8885.96092418,44.42980462,9.74058328,0.00000000,0.62394184,0.10600000
uniform,300,11200,kmeans_grid,0.95000000,15,19721.53197732,65.73843992,0.00000000,0.05000000,0.62404604,0.00300000
uniform,300,11200,gno,0.97333333,30,5296.77192421,17.65590641,0.87869195,0.02666667,0.49846294,0.00300000
uniform,300,11200,alns_no_refine,0.99000000,16,5387.97957465,17.95993192,1.04633049,0.01000000,0.43090606,0.03000000
uniform,300,11200,fixed_gno_refine,1.00000000,30,22931.73618346,76.43912061,18.61232641,0.00000000,0.78775162,0.02800000
uniform,300,11200,alns_sca_lite,1.00000000,21,21794.61495409,72.64871651,15.35776769,0.00000000,0.72828110,0.05300000
uniform,300,11200,pso_low_3x4,1.00000000,21,7651.80535264,25.50601784,5.40678536,0.00000000,0.61592644,0.01900000
uniform,300,11200,pso_mid_6x8,1.00000000,21,7613.60891367,25.37869638,6.53647940,0.00000000,0.63679661,0.06700000
uniform,300,11200,pso_high_12x16,1.00000000,21,11045.09828089,36.81699427,7.16648311,0.00000000,0.63427376,0.26300000
uniform,300,11201,kmeans_grid,0.92666667,15,20551.32297363,68.50440991,0.00000000,0.07333333,0.63623527,0.00400000
uniform,300,11201,gno,0.99666667,30,5564.30702801,18.54769009,3.37190076,0.00333333,0.52837657,0.00300000
uniform,300,11201,alns_no_refine,0.99666667,18,7891.57137583,26.30523792,2.10358030,0.00333333,0.51778029,0.02900000
uniform,300,11201,fixed_gno_refine,1.00000000,30,22437.09121948,74.79030406,19.77001834,0.00000000,0.82117821,0.02900000
uniform,300,11201,alns_sca_lite,1.00000000,19,22022.91167714,73.40970559,13.60620691,0.00000000,0.72696292,0.05400000
uniform,300,11201,pso_low_3x4,0.98666667,19,8290.63350734,27.63544502,1.34942601,0.01333333,0.59657420,0.01500000
uniform,300,11201,pso_mid_6x8,1.00000000,19,9127.79647990,30.42598827,5.15036510,0.00000000,0.73808977,0.05800000
uniform,300,11201,pso_high_12x16,1.00000000,19,11478.13061657,38.26043539,6.62243148,0.00000000,0.71414847,0.22700000
uniform,300,11202,kmeans_grid,0.92000000,15,20409.23977769,68.03079926,0.00000000,0.08000000,0.66397689,0.00300000
uniform,300,11202,gno,0.99666667,30,5006.42080708,16.68806936,2.36321485,0.00333333,0.50601920,0.00300000
uniform,300,11202,alns_no_refine,1.00000000,18,7057.56141929,23.52520473,2.24007269,0.00000000,0.45871473,0.03000000
uniform,300,11202,fixed_gno_refine,1.00000000,30,9393.18970674,31.31063236,4.59225081,0.00000000,0.60288108,0.03100000
uniform,300,11202,alns_sca_lite,1.00000000,19,10025.96352345,33.41987841,3.71575701,0.00000000,0.57473748,0.05600000
uniform,300,11202,pso_low_3x4,1.00000000,19,6102.72002368,20.34240008,5.30882470,0.00000000,0.72708996,0.01600000
uniform,300,11202,pso_mid_6x8,1.00000000,19,8030.08611185,26.76695371,2.53355485,0.00000000,0.58869369,0.05800000
uniform,300,11202,pso_high_12x16,1.00000000,19,8924.51835670,29.74839452,7.68420105,0.00000000,0.67345506,0.22000000
uniform,300,11203,kmeans_grid,0.89666667,15,19193.29730908,63.97765770,0.00000000,0.10333333,0.61843369,0.00200000
uniform,300,11203,gno,0.98666667,30,6216.67884521,20.72226282,1.82525994,0.01333333,0.50839213,0.00300000
uniform,300,11203,alns_no_refine,0.99333333,20,6022.01687536,20.07338958,2.08429285,0.00666667,0.48988283,0.02700000
uniform,300,11203,fixed_gno_refine,0.99000000,30,9980.24350683,33.26747836,2.91188494,0.01000000,0.60842371,0.02500000
uniform,300,11203,alns_sca_lite,0.99000000,19,12200.08152318,40.66693841,2.18274766,0.01000000,0.58953412,0.04700000
uniform,300,11203,pso_low_3x4,1.00000000,19,7166.01871595,23.88672905,3.27346837,0.00000000,0.71254726,0.01500000
uniform,300,11203,pso_mid_6x8,1.00000000,19,8952.71583989,29.84238613,1.98121385,0.00000000,0.63395942,0.05100000
uniform,300,11203,pso_high_12x16,1.00000000,19,9563.45222114,31.87817407,4.46248156,0.00000000,0.73314217,0.20100000
uniform,300,11204,kmeans_grid,0.94666667,15,19335.20494049,64.45068313,0.00000000,0.05333333,0.64482174,0.00300000
uniform,300,11204,gno,1.00000000,30,5314.88936371,17.71629788,3.02800673,0.00000000,0.57510006,0.00300000
uniform,300,11204,alns_no_refine,1.00000000,18,6298.70158713,20.99567196,2.10780199,0.00000000,0.50343594,0.02800000
uniform,300,11204,fixed_gno_refine,1.00000000,30,5314.88936371,17.71629788,3.02800673,0.00000000,0.57510006,0.02900000
uniform,300,11204,alns_sca_lite,1.00000000,19,12010.43795860,40.03479320,5.98750757,0.00000000,0.52294587,0.05500000
uniform,300,11204,pso_low_3x4,0.99666667,19,8498.21375048,28.32737917,2.44358069,0.00333333,0.64725210,0.01500000
uniform,300,11204,pso_mid_6x8,1.00000000,19,9248.07288711,30.82690962,4.44263671,0.00000000,0.57858004,0.06100000
uniform,300,11204,pso_high_12x16,1.00000000,19,11869.53232928,39.56510776,8.02032938,0.00000000,0.54771872,0.21900000
uniform,300,11205,kmeans_grid,0.94000000,15,22466.78644680,74.88928816,0.00000000,0.06000000,0.67800722,0.00200000
uniform,300,11205,gno,0.98000000,30,3861.60756423,12.87202521,0.97772865,0.02000000,0.58086761,0.00200000
uniform,300,11205,alns_no_refine,0.98333333,18,4546.21333977,15.15404447,1.13427019,0.01666667,0.58496904,0.02900000
uniform,300,11205,fixed_gno_refine,0.99666667,30,7442.40894260,24.80802981,1.21878644,0.00333333,0.53940005,0.02800000
uniform,300,11205,alns_sca_lite,1.00000000,21,6796.55366650,22.65517889,1.48105690,0.00000000,0.58027868,0.05500000
uniform,300,11205,pso_low_3x4,1.00000000,21,7333.72644211,24.44575481,4.90085676,0.00000000,0.59948473,0.01700000
uniform,300,11205,pso_mid_6x8,1.00000000,21,10917.38996651,36.39129989,9.89192857,0.00000000,0.75570794,0.06300000
uniform,300,11205,pso_high_12x16,1.00000000,21,10775.57988804,35.91859963,7.76081911,0.00000000,0.59701340,0.24100000
uniform,300,11206,kmeans_grid,0.94333333,15,20945.29765047,69.81765883,0.00000000,0.05666667,0.64725462,0.00200000
uniform,300,11206,gno,1.00000000,30,4802.99366377,16.00997888,1.65651020,0.00000000,0.51158437,0.00300000
uniform,300,11206,alns_no_refine,1.00000000,18,5550.32189768,18.50107299,1.60574430,0.00000000,0.46797074,0.03100000
uniform,300,11206,fixed_gno_refine,1.00000000,30,4802.99366377,16.00997888,1.65651020,0.00000000,0.51158437,0.02900000
uniform,300,11206,alns_sca_lite,1.00000000,18,5138.26227474,17.12754092,1.66080012,0.00000000,0.44298831,0.05200000
uniform,300,11206,pso_low_3x4,1.00000000,18,7728.49059694,25.76163532,2.18200157,0.00000000,0.67991869,0.01600000
uniform,300,11206,pso_mid_6x8,1.00000000,18,8721.37811041,29.07126037,7.63588368,0.00000000,0.67966906,0.05300000
uniform,300,11206,pso_high_12x16,1.00000000,18,9896.25074119,32.98750247,5.42357609,0.00000000,0.63409745,0.21000000
uniform,300,11207,kmeans_grid,0.92666667,15,19501.97538289,65.00658461,0.00000000,0.07333333,0.60367411,0.00200000
uniform,300,11207,gno,1.00000000,30,4874.41223245,16.24804077,1.69489249,0.00000000,0.56095861,0.00200000
uniform,300,11207,alns_no_refine,1.00000000,20,5376.52002435,17.92173341,1.77636538,0.00000000,0.53777844,0.03000000
uniform,300,11207,fixed_gno_refine,1.00000000,30,4874.41223245,16.24804077,1.69489249,0.00000000,0.56095861,0.02800000
uniform,300,11207,alns_sca_lite,1.00000000,22,5684.40284006,18.94800947,1.91419291,0.00000000,0.55919629,0.05300000
uniform,300,11207,pso_low_3x4,0.99666667,22,6171.65414590,20.57218049,3.38330417,0.00333333,0.63648568,0.01700000
uniform,300,11207,pso_mid_6x8,1.00000000,22,9310.18652439,31.03395508,8.72102718,0.00000000,0.71292601,0.06400000
uniform,300,11207,pso_high_12x16,1.00000000,22,11426.40662138,38.08802207,6.00811837,0.00000000,0.65250948,0.23900000
uniform,300,11208,kmeans_grid,0.92333333,15,19125.35875197,63.75119584,0.00000000,0.07666667,0.62588416,0.00300000
uniform,300,11208,gno,0.99666667,30,4104.36194520,13.68120648,1.41114653,0.00333333,0.51932706,0.00300000
uniform,300,11208,alns_no_refine,0.99666667,17,4871.10154235,16.23700514,1.28902346,0.00333333,0.47655607,0.02700000
uniform,300,11208,fixed_gno_refine,0.99666667,30,4104.36194520,13.68120648,1.41114653,0.00333333,0.51932706,0.02800000
uniform,300,11208,alns_sca_lite,1.00000000,16,5050.84733299,16.83615778,1.74821179,0.00000000,0.45700733,0.05100000
uniform,300,11208,pso_low_3x4,0.98666667,16,6147.11286870,20.49037623,2.45380352,0.01333333,0.56024482,0.01300000
uniform,300,11208,pso_mid_6x8,0.99666667,16,7109.63471947,23.69878240,5.32791367,0.00333333,0.63108417,0.04600000
uniform,300,11208,pso_high_12x16,1.00000000,16,7704.05033897,25.68016780,1.56345529,0.00000000,0.68986473,0.20400000
uniform,300,11209,kmeans_grid,0.92666667,15,21296.21759891,70.98739200,0.00000000,0.07333333,0.62710455,0.00300000
uniform,300,11209,gno,1.00000000,30,5343.18546737,17.81061822,1.87845230,0.00000000,0.53544255,0.00300000
uniform,300,11209,alns_no_refine,1.00000000,17,6452.08093956,21.50693647,1.34361403,0.00000000,0.50854795,0.03000000
uniform,300,11209,fixed_gno_refine,1.00000000,30,10069.19232653,33.56397442,3.58697816,0.00000000,0.56944441,0.02800000
uniform,300,11209,alns_sca_lite,1.00000000,21,11670.69757131,38.90232524,4.09261360,0.00000000,0.55040542,0.05400000
uniform,300,11209,pso_low_3x4,1.00000000,21,8222.40748652,27.40802496,5.44891214,0.00000000,0.66086060,0.01700000
uniform,300,11209,pso_mid_6x8,1.00000000,21,8916.53868954,29.72179563,4.44495385,0.00000000,0.53979338,0.06300000
uniform,300,11209,pso_high_12x16,1.00000000,21,10339.88988097,34.46629960,8.55870679,0.00000000,0.66642836,0.22600000
uniform,300,11210,kmeans_grid,0.89000000,15,19615.07999067,65.38359997,0.00000000,0.11000000,0.60953353,0.00300000
uniform,300,11210,gno,1.00000000,30,5503.27038972,18.34423463,1.46333162,0.00000000,0.50803311,0.00200000
uniform,300,11210,alns_no_refine,1.00000000,18,7072.67208939,23.57557363,1.18915471,0.00000000,0.42696507,0.03100000
uniform,300,11210,fixed_gno_refine,1.00000000,30,23184.96354173,77.28321181,17.78265862,0.00000000,0.80297666,0.02700000
uniform,300,11210,alns_sca_lite,1.00000000,20,24112.05988634,80.37353295,16.84376550,0.00000000,0.76094441,0.05300000
uniform,300,11210,pso_low_3x4,1.00000000,20,8852.25585601,29.50751952,2.02356393,0.00000000,0.69615126,0.01700000
uniform,300,11210,pso_mid_6x8,1.00000000,20,9130.19003888,30.43396680,4.68250673,0.00000000,0.63894534,0.06100000
uniform,300,11210,pso_high_12x16,1.00000000,20,9187.78127901,30.62593760,2.04544209,0.00000000,0.63620463,0.22700000
uniform,300,11211,kmeans_grid,0.93666667,15,20379.57224464,67.93190748,0.00000000,0.06333333,0.64844538,0.00200000
uniform,300,11211,gno,1.00000000,30,4855.90582338,16.18635274,2.19641532,0.00000000,0.53344714,0.00300000
uniform,300,11211,alns_no_refine,1.00000000,17,6486.53728976,21.62179097,1.61171865,0.00000000,0.44462367,0.03000000
uniform,300,11211,fixed_gno_refine,1.00000000,30,4855.90582338,16.18635274,2.19641532,0.00000000,0.53344714,0.03100000
uniform,300,11211,alns_sca_lite,1.00000000,23,13172.40359391,43.90801198,3.86587055,0.00000000,0.60789414,0.05400000
uniform,300,11211,pso_low_3x4,1.00000000,23,7803.95098597,26.01316995,9.28316002,0.00000000,0.70375575,0.02100000
uniform,300,11211,pso_mid_6x8,1.00000000,23,9339.19510561,31.13065035,4.11314869,0.00000000,0.65638223,0.06600000
uniform,300,11211,pso_high_12x16,1.00000000,23,10089.97008938,33.63323363,2.78506257,0.00000000,0.48628188,0.26000000
uniform,300,11212,kmeans_grid,0.90333333,15,19906.14485272,66.35381618,0.00000000,0.09666667,0.63767616,0.00300000
uniform,300,11212,gno,0.99000000,30,5254.67746096,17.51559154,1.75831904,0.01000000,0.44783468,0.00300000
uniform,300,11212,alns_no_refine,1.00000000,17,6217.00911563,20.72336372,1.69898997,0.00000000,0.43305952,0.02900000
uniform,300,11212,fixed_gno_refine,1.00000000,30,20896.39544478,69.65465148,16.44194207,0.00000000,0.79081787,0.02700000
uniform,300,11212,alns_sca_lite,0.99666667,21,20490.89744961,68.30299150,13.50863260,0.00333333,0.73555162,0.05400000
uniform,300,11212,pso_low_3x4,1.00000000,21,7834.28804553,26.11429349,5.82385661,0.00000000,0.59552670,0.01800000
uniform,300,11212,pso_mid_6x8,1.00000000,21,8214.41870341,27.38139568,8.49039696,0.00000000,0.70271149,0.06900000
uniform,300,11212,pso_high_12x16,1.00000000,21,12596.29771806,41.98765906,11.59152999,0.00000000,0.69562066,0.24300000
uniform,300,11213,kmeans_grid,0.92000000,15,18046.66560712,60.15555202,0.00000000,0.08000000,0.63296832,0.00300000
uniform,300,11213,gno,1.00000000,30,5303.74224777,17.67914083,2.06756029,0.00000000,0.48797131,0.00300000
uniform,300,11213,alns_no_refine,1.00000000,21,6093.94730070,20.31315767,2.20071327,0.00000000,0.48662244,0.03600000
uniform,300,11213,fixed_gno_refine,1.00000000,30,19842.39500197,66.14131667,15.00981612,0.00000000,0.76938706,0.03300000
uniform,300,11213,alns_sca_lite,1.00000000,21,22104.61898077,73.68206327,16.74653951,0.00000000,0.77363563,0.05900000
uniform,300,11213,pso_low_3x4,1.00000000,21,7690.81906383,25.63606355,8.14046433,0.00000000,0.63327586,0.02000000
uniform,300,11213,pso_mid_6x8,1.00000000,21,8733.77992601,29.11259975,3.61707804,0.00000000,0.73044659,0.06400000
uniform,300,11213,pso_high_12x16,1.00000000,21,10590.90827330,35.30302758,10.75652436,0.00000000,0.71837489,0.25700000
uniform,300,11214,kmeans_grid,0.88666667,15,18729.52018626,62.43173395,0.00000000,0.11333333,0.61343709,0.00300000
uniform,300,11214,gno,0.99666667,30,6088.51964468,20.29506548,1.81400243,0.00333333,0.43850563,0.00300000
uniform,300,11214,alns_no_refine,0.99666667,18,7896.19705328,26.32065684,1.70500257,0.00333333,0.45321496,0.03100000
uniform,300,11214,fixed_gno_refine,0.99666667,30,6088.51964468,20.29506548,1.81400243,0.00333333,0.43850563,0.03300000
uniform,300,11214,alns_sca_lite,0.99666667,19,11508.37665210,38.36125551,1.49486845,0.00333333,0.57160306,0.06600000
uniform,300,11214,pso_low_3x4,1.00000000,19,8380.19366552,27.93397889,7.22352993,0.00000000,0.59429570,0.01700000
uniform,300,11214,pso_mid_6x8,1.00000000,19,10515.98832883,35.05329443,2.81095767,0.00000000,0.64504526,0.06300000
uniform,300,11214,pso_high_12x16,1.00000000,19,10548.38191719,35.16127306,8.78951364,0.00000000,0.62645082,0.25200000
uniform,300,11215,kmeans_grid,0.90333333,15,19148.93230661,63.82977436,0.00000000,0.09666667,0.58101540,0.00400000
uniform,300,11215,gno,0.97333333,30,5991.39652642,19.97132175,2.17839463,0.02666667,0.45611309,0.00300000
uniform,300,11215,alns_no_refine,0.99666667,17,6296.17094623,20.98723649,1.78513030,0.00333333,0.40978217,0.03200000
uniform,300,11215,fixed_gno_refine,0.98333333,30,8703.88363229,29.01294544,2.03837017,0.01666667,0.55553030,0.03500000
uniform,300,11215,alns_sca_lite,0.99666667,18,10351.67218777,34.50557396,2.24681179,0.00333333,0.60487378,0.06100000
uniform,300,11215,pso_low_3x4,0.99000000,18,7747.71745641,25.82572485,4.78102661,0.01000000,0.64446176,0.01600000
uniform,300,11215,pso_mid_6x8,1.00000000,18,9735.96350894,32.45321170,4.74049335,0.00000000,0.62933278,0.06700000
uniform,300,11215,pso_high_12x16,1.00000000,18,8955.87579951,29.85291933,2.45713327,0.00000000,0.57261761,0.23700000
uniform,300,11216,kmeans_grid,0.94666667,15,19960.23784921,66.53412616,0.00000000,0.05333333,0.67333180,0.00300000
uniform,300,11216,gno,0.98333333,30,5414.19652329,18.04732174,1.78598103,0.01666667,0.46857375,0.00300000
uniform,300,11216,alns_no_refine,0.98666667,21,6911.62994381,23.03876648,1.47530084,0.01333333,0.46985791,0.03300000
uniform,300,11216,fixed_gno_refine,1.00000000,30,22711.05678557,75.70352262,20.98739877,0.00000000,0.80528548,0.03000000
uniform,300,11216,alns_sca_lite,1.00000000,21,23037.41824936,76.79139416,17.76466713,0.00000000,0.77812207,0.05600000
uniform,300,11216,pso_low_3x4,1.00000000,21,7799.36859404,25.99789531,7.05249060,0.00000000,0.74922455,0.01900000
uniform,300,11216,pso_mid_6x8,1.00000000,21,10014.52655089,33.38175517,6.10654086,0.00000000,0.59676594,0.06400000
uniform,300,11216,pso_high_12x16,1.00000000,21,10783.14529367,35.94381765,8.43788754,0.00000000,0.67746059,0.27300000
uniform,300,11217,kmeans_grid,0.91000000,15,19761.08180282,65.87027268,0.00000000,0.09000000,0.63808676,0.00300000
uniform,300,11217,gno,0.99666667,30,4459.06103164,14.86353677,2.32425476,0.00333333,0.62862312,0.00300000
uniform,300,11217,alns_no_refine,1.00000000,19,4876.32011034,16.25440037,2.11136809,0.00000000,0.57377629,0.03300000
uniform,300,11217,fixed_gno_refine,1.00000000,30,7900.99945814,26.33666486,4.49577082,0.00000000,0.55959344,0.03100000
uniform,300,11217,alns_sca_lite,1.00000000,21,19693.14226948,65.64380756,14.23951689,0.00000000,0.73659848,0.05900000
uniform,300,11217,pso_low_3x4,1.00000000,21,8522.47578719,28.40825262,7.53717818,0.00000000,0.58874435,0.01900000
uniform,300,11217,pso_mid_6x8,1.00000000,21,9937.60822674,33.12536076,7.80374454,0.00000000,0.72155148,0.07100000
uniform,300,11217,pso_high_12x16,1.00000000,21,11542.32549499,38.47441832,9.05789679,0.00000000,0.63658796,0.27900000
uniform,300,11218,kmeans_grid,0.95666667,15,21086.01244272,70.28670814,1.13607532,0.04333333,0.66460431,0.00400000
uniform,300,11218,gno,1.00000000,30,4376.93148833,14.58977163,2.32295251,0.00000000,0.54603543,0.00300000
uniform,300,11218,alns_no_refine,1.00000000,21,5315.12707535,17.71709025,1.99408089,0.00000000,0.53274950,0.03400000
uniform,300,11218,fixed_gno_refine,1.00000000,30,12136.90572561,40.45635242,7.55069128,0.00000000,0.67506659,0.03000000
uniform,300,11218,alns_sca_lite,1.00000000,23,13496.84858109,44.98949527,8.26337911,0.00000000,0.65374125,0.05900000
uniform,300,11218,pso_low_3x4,1.00000000,23,8800.99717959,29.33665727,6.65438035,0.00000000,0.64655212,0.02100000
uniform,300,11218,pso_mid_6x8,1.00000000,23,9966.04265402,33.22014218,8.62695315,0.00000000,0.75130001,0.06900000
uniform,300,11218,pso_high_12x16,1.00000000,23,11074.28224910,36.91427416,6.74885431,0.00000000,0.68947027,0.24300000
uniform,300,11219,kmeans_grid,0.94333333,15,20611.01546698,68.70338489,0.00000000,0.05666667,0.66364426,0.00300000
uniform,300,11219,gno,0.98000000,30,5044.74396835,16.81581323,1.76782330,0.02000000,0.48540908,0.00300000
uniform,300,11219,alns_no_refine,0.98666667,19,5846.49999324,19.48833331,1.92837724,0.01333333,0.46976614,0.03300000
uniform,300,11219,fixed_gno_refine,1.00000000,30,22037.59228914,73.45864096,21.45919111,0.00000000,0.82108821,0.02800000
uniform,300,11219,alns_sca_lite,0.99666667,20,23265.75580838,77.55251936,14.27378586,0.00333333,0.74341642,0.05500000
uniform,300,11219,pso_low_3x4,1.00000000,20,7142.24462583,23.80748209,3.66465220,0.00000000,0.52815538,0.01900000
uniform,300,11219,pso_mid_6x8,1.00000000,20,7770.29625253,25.90098751,7.60539878,0.00000000,0.50814610,0.06700000
uniform,300,11219,pso_high_12x16,1.00000000,20,9697.89525565,32.32631752,9.75122631,0.00000000,0.74970936,0.24900000
uniform,300,11220,kmeans_grid,0.89333333,15,18594.48399024,61.98161330,0.00000000,0.10666667,0.62265063,0.00300000
uniform,300,11220,gno,0.98666667,30,5469.52321281,18.23174404,2.48772325,0.01333333,0.44805745,0.00300000
uniform,300,11220,alns_no_refine,0.98666667,17,7780.11721087,25.93372404,2.20069715,0.01333333,0.46373959,0.02900000
uniform,300,11220,fixed_gno_refine,1.00000000,30,22805.33743791,76.01779146,19.24786728,0.00000000,0.79643448,0.02700000
uniform,300,11220,alns_sca_lite,1.00000000,22,24404.43887288,81.34812958,18.60071630,0.00000000,0.76696008,0.05500000
uniform,300,11220,pso_low_3x4,1.00000000,22,9519.28264109,31.73094214,3.43142519,0.00000000,0.63273693,0.02000000
uniform,300,11220,pso_mid_6x8,1.00000000,22,8637.81080719,28.79270269,5.13660910,0.00000000,0.62551089,0.06400000
uniform,300,11220,pso_high_12x16,1.00000000,22,11187.22238443,37.29074128,7.81120681,0.00000000,0.58915714,0.24800000
uniform,300,11221,kmeans_grid,0.92666667,15,19699.89642180,65.66632141,0.00000000,0.07333333,0.64680065,0.00300000
uniform,300,11221,gno,0.99666667,30,4724.86952284,15.74956508,1.41753810,0.00333333,0.46199229,0.00300000
uniform,300,11221,alns_no_refine,0.99666667,20,5818.23215308,19.39410718,1.24388566,0.00333333,0.44930277,0.02900000
uniform,300,11221,fixed_gno_refine,0.99666667,30,4724.86952284,15.74956508,1.41753810,0.00333333,0.46199229,0.03000000
uniform,300,11221,alns_sca_lite,1.00000000,17,6363.45801878,21.21152673,2.22602223,0.00000000,0.41061719,0.05000000
uniform,300,11221,pso_low_3x4,0.99333333,17,8373.40505189,27.91135017,1.94482319,0.00666667,0.58133551,0.01400000
uniform,300,11221,pso_mid_6x8,0.99666667,17,8293.22138994,27.64407130,3.32959305,0.00333333,0.66126434,0.05000000
uniform,300,11221,pso_high_12x16,1.00000000,17,10610.44942062,35.36816474,2.53175505,0.00000000,0.58281916,0.20200000
uniform,300,11222,kmeans_grid,0.95666667,15,20955.68795876,69.85229320,0.63298058,0.04333333,0.66934088,0.00300000
uniform,300,11222,gno,1.00000000,30,6007.52145498,20.02507152,2.17528129,0.00000000,0.50944447,0.00300000
uniform,300,11222,alns_no_refine,1.00000000,16,7628.81207775,25.42937359,1.46325286,0.00000000,0.41737420,0.03800000
uniform,300,11222,fixed_gno_refine,1.00000000,30,10002.10988495,33.34036628,3.66655768,0.00000000,0.61864646,0.03900000
uniform,300,11222,alns_sca_lite,1.00000000,22,11127.08841579,37.09029472,4.11342409,0.00000000,0.61892749,0.06000000
uniform,300,11222,pso_low_3x4,1.00000000,22,7192.80068261,23.97600228,4.47018599,0.00000000,0.49843344,0.02300000
uniform,300,11222,pso_mid_6x8,1.00000000,22,7882.38643163,26.27462144,7.36646545,0.00000000,0.59134458,0.07600000
uniform,300,11222,pso_high_12x16,1.00000000,22,9860.67389175,32.86891297,3.63308730,0.00000000,0.57691969,0.29300000
uniform,300,11223,kmeans_grid,0.94666667,15,20907.50411499,69.69168038,0.00000000,0.05333333,0.65655663,0.00300000
uniform,300,11223,gno,1.00000000,30,5027.47506620,16.75825022,2.24635257,0.00000000,0.51951918,0.00300000
uniform,300,11223,alns_no_refine,1.00000000,19,6777.41663441,22.59138878,2.56827044,0.00000000,0.50518756,0.03100000
uniform,300,11223,fixed_gno_refine,1.00000000,30,8952.00581786,29.84001939,3.77941365,0.00000000,0.58563882,0.03100000
uniform,300,11223,alns_sca_lite,1.00000000,20,16968.94126323,56.56313754,9.03383022,0.00000000,0.66649630,0.05700000
uniform,300,11223,pso_low_3x4,1.00000000,20,8047.60222552,26.82534075,5.81586704,0.00000000,0.71906139,0.01800000
uniform,300,11223,pso_mid_6x8,1.00000000,20,7745.55273062,25.81850910,7.62791894,0.00000000,0.63939919,0.07100000
uniform,300,11223,pso_high_12x16,1.00000000,20,11345.11786733,37.81705956,8.47749798,0.00000000,0.67871596,0.25000000
uniform,300,11224,kmeans_grid,0.90333333,15,19660.99809936,65.53666033,0.00000000,0.09666667,0.60940773,0.00300000
uniform,300,11224,gno,1.00000000,30,4785.18075999,15.95060253,2.33851071,0.00000000,0.49783760,0.00300000
uniform,300,11224,alns_no_refine,1.00000000,18,5652.36622182,18.84122074,1.72671789,0.00000000,0.51507383,0.03100000
uniform,300,11224,fixed_gno_refine,1.00000000,30,12288.97543691,40.96325146,7.95547260,0.00000000,0.67699190,0.03200000
uniform,300,11224,alns_sca_lite,1.00000000,21,13161.41155330,43.87137184,7.94368241,0.00000000,0.62433159,0.05700000
uniform,300,11224,pso_low_3x4,0.99666667,21,6422.21496877,21.40738323,1.94365379,0.00333333,0.69248800,0.02000000
uniform,300,11224,pso_mid_6x8,1.00000000,21,8852.27821256,29.50759404,7.40327995,0.00000000,0.70136983,0.07000000
uniform,300,11224,pso_high_12x16,1.00000000,21,10803.87469710,36.01291566,4.07073431,0.00000000,0.59575164,0.26700000
uniform,300,11225,kmeans_grid,0.92333333,15,19663.14128836,65.54380429,0.00000000,0.07666667,0.64805840,0.00300000
uniform,300,11225,gno,1.00000000,30,4020.56587780,13.40188626,2.11473054,0.00000000,0.60908077,0.00300000
uniform,300,11225,alns_no_refine,1.00000000,18,4720.51220480,15.73504068,2.11205981,0.00000000,0.52997174,0.03100000
uniform,300,11225,fixed_gno_refine,1.00000000,30,22433.84704341,74.77949014,21.60089338,0.00000000,0.82942986,0.03000000
uniform,300,11225,alns_sca_lite,1.00000000,19,23866.72200683,79.55574002,16.24278443,0.00000000,0.78821496,0.05200000
uniform,300,11225,pso_low_3x4,0.99000000,19,8738.34719778,29.12782399,2.36126219,0.01000000,0.61394756,0.01500000
uniform,300,11225,pso_mid_6x8,1.00000000,19,9700.53806239,32.33512687,4.74425733,0.00000000,0.72198660,0.06100000
uniform,300,11225,pso_high_12x16,1.00000000,19,9330.57576860,31.10191923,4.76054047,0.00000000,0.59319859,0.23700000
uniform,300,11226,kmeans_grid,0.89000000,15,19314.07912443,64.38026375,0.00000000,0.11000000,0.61602757,0.00300000
uniform,300,11226,gno,0.98666667,30,4924.57946522,16.41526488,1.21974299,0.01333333,0.53340393,0.00200000
uniform,300,11226,alns_no_refine,0.98666667,20,5586.92245685,18.62307486,1.11767598,0.01333333,0.50747031,0.03300000
uniform,300,11226,fixed_gno_refine,0.98666667,30,4924.57946522,16.41526488,1.21974299,0.01333333,0.53340393,0.03100000
uniform,300,11226,alns_sca_lite,0.99000000,21,5694.20258003,18.98067527,0.77277275,0.01000000,0.47972114,0.05700000
uniform,300,11226,pso_low_3x4,1.00000000,21,10257.85601196,34.19285337,7.76099958,0.00000000,0.65644921,0.01800000
uniform,300,11226,pso_mid_6x8,1.00000000,21,9637.61544319,32.12538481,6.06912914,0.00000000,0.59991563,0.06600000
uniform,300,11226,pso_high_12x16,1.00000000,21,11493.64307971,38.31214360,11.59452018,0.00000000,0.63104112,0.25800000
uniform,300,11227,kmeans_grid,0.93333333,15,21520.63645978,71.73545487,0.00000000,0.06666667,0.66083071,0.00300000
uniform,300,11227,gno,1.00000000,30,5275.80494038,17.58601647,2.03487618,0.00000000,0.62584523,0.00300000
uniform,300,11227,alns_no_refine,1.00000000,18,5929.14229947,19.76380766,1.58465057,0.00000000,0.60466759,0.03100000
uniform,300,11227,fixed_gno_refine,1.00000000,30,5275.80494038,17.58601647,2.03487618,0.00000000,0.62584523,0.03100000
uniform,300,11227,alns_sca_lite,1.00000000,23,13036.30701851,43.45435673,7.34603676,0.00000000,0.65285725,0.05800000
uniform,300,11227,pso_low_3x4,1.00000000,23,6552.03511363,21.84011705,6.76625333,0.00000000,0.64629819,0.02000000
uniform,300,11227,pso_mid_6x8,1.00000000,23,9544.66837993,31.81556127,9.37040449,0.00000000,0.66260208,0.07800000
uniform,300,11227,pso_high_12x16,1.00000000,23,11416.88046834,38.05626823,7.12715005,0.00000000,0.63396356,0.27000000
uniform,300,11228,kmeans_grid,0.93666667,15,20555.06932268,68.51689774,0.00000000,0.06333333,0.66254136,0.00200000
uniform,300,11228,gno,0.98666667,30,5793.39905589,19.31133019,1.68267214,0.01333333,0.55735469,0.00300000
uniform,300,11228,alns_no_refine,0.98666667,26,6128.64438414,20.42881461,1.59453139,0.01333333,0.54387782,0.04000000
uniform,300,11228,fixed_gno_refine,1.00000000,30,22261.69386472,74.20564622,18.01788984,0.00000000,0.78731537,0.02900000
uniform,300,11228,alns_sca_lite,0.99666667,21,17664.15344882,58.88051150,13.41819974,0.00333333,0.69384121,0.05300000
uniform,300,11228,pso_low_3x4,1.00000000,21,9730.12091180,32.43373637,3.45956672,0.00000000,0.64978105,0.02000000
uniform,300,11228,pso_mid_6x8,1.00000000,21,8224.12181743,27.41373939,2.36443449,0.00000000,0.52747030,0.06500000
uniform,300,11228,pso_high_12x16,1.00000000,21,10635.01177326,35.45003924,7.95578676,0.00000000,0.64096179,0.23600000
uniform,300,11229,kmeans_grid,0.90666667,15,20524.82075938,68.41606920,0.00000000,0.09333333,0.62267739,0.00300000
uniform,300,11229,gno,1.00000000,30,5338.87055934,17.79623520,1.66364051,0.00000000,0.50630068,0.00400000
uniform,300,11229,alns_no_refine,1.00000000,21,5991.36333816,19.97121113,1.72667964,0.00000000,0.47117676,0.03300000
uniform,300,11229,fixed_gno_refine,1.00000000,30,5338.87055934,17.79623520,1.66364051,0.00000000,0.50630068,0.03000000
uniform,300,11229,alns_sca_lite,1.00000000,24,5908.85290614,19.69617635,1.70453196,0.00000000,0.52240652,0.06100000
uniform,300,11229,pso_low_3x4,1.00000000,24,8484.34091669,28.28113639,5.69824808,0.00000000,0.64137626,0.02300000
uniform,300,11229,pso_mid_6x8,1.00000000,24,9387.88819282,31.29296064,6.66777665,0.00000000,0.67429571,0.07100000
uniform,300,11229,pso_high_12x16,1.00000000,24,10566.12265484,35.22040885,9.82290389,0.00000000,0.72530292,0.29700000
uniform,400,11300,kmeans_grid,0.92750000,20,25690.53677570,64.22634194,0.00000000,0.07250000,0.65643628,0.00500000
uniform,400,11300,gno,1.00000000,40,5211.20654540,13.02801636,1.14462987,0.00000000,0.49282150,0.00500000
uniform,400,11300,alns_no_refine,1.00000000,26,5880.08424526,14.70021061,1.04620938,0.00000000,0.48856346,0.05900000
uniform,400,11300,fixed_gno_refine,1.00000000,40,5211.20654540,13.02801636,1.14462987,0.00000000,0.49282150,0.05100000
uniform,400,11300,alns_sca_lite,1.00000000,29,5781.43110657,14.45357777,1.01505620,0.00000000,0.48863856,0.10200000
uniform,400,11300,pso_low_3x4,1.00000000,29,8649.33868127,21.62334670,3.25415363,0.00000000,0.65060880,0.03100000
uniform,400,11300,pso_mid_6x8,1.00000000,29,10412.19147041,26.03047868,3.73055468,0.00000000,0.65282121,0.12700000
uniform,400,11300,pso_high_12x16,1.00000000,29,12132.65909764,30.33164774,7.32132857,0.00000000,0.66374037,0.49600000
uniform,400,11301,kmeans_grid,0.95000000,20,26649.07822749,66.62269557,0.00000000,0.05000000,0.68376088,0.00600000
uniform,400,11301,gno,0.98500000,40,5460.74294325,13.65185736,0.97655201,0.01500000,0.57842604,0.00400000
uniform,400,11301,alns_no_refine,0.99000000,30,6074.61108764,15.18652772,1.51650780,0.01000000,0.54305750,0.05800000
uniform,400,11301,fixed_gno_refine,0.99000000,40,9741.17162095,24.35292905,2.72675441,0.01000000,0.57170317,0.05000000
uniform,400,11301,alns_sca_lite,0.99500000,25,15384.61500220,38.46153751,3.50426593,0.00500000,0.59746032,0.09600000
uniform,400,11301,pso_low_3x4,0.99250000,25,7578.55987042,18.94639968,1.56800445,0.00750000,0.62470152,0.02900000
uniform,400,11301,pso_mid_6x8,1.00000000,25,10997.07218013,27.49268045,4.84389679,0.00000000,0.61925725,0.10000000
uniform,400,11301,pso_high_12x16,1.00000000,25,9367.04259295,23.41760648,6.67861230,0.00000000,0.63011898,0.41300000
uniform,400,11302,kmeans_grid,0.93750000,20,25581.33158025,63.95332895,0.00000000,0.06250000,0.67185938,0.00500000
uniform,400,11302,gno,0.99750000,40,6278.65224407,15.69663061,1.57743479,0.00250000,0.45852417,0.00500000
uniform,400,11302,alns_no_refine,1.00000000,24,7179.32086790,17.94830217,1.89450540,0.00000000,0.42415884,0.06400000
uniform,400,11302,fixed_gno_refine,1.00000000,40,27587.79391364,68.96948478,20.39527419,0.00000000,0.82252352,0.05400000
uniform,400,11302,alns_sca_lite,1.00000000,29,28690.57143145,71.72642858,16.12529759,0.00000000,0.77164534,0.10600000
uniform,400,11302,pso_low_3x4,1.00000000,29,9037.32368671,22.59330922,5.07788338,0.00000000,0.66070685,0.03800000
uniform,400,11302,pso_mid_6x8,1.00000000,29,10216.75087655,25.54187719,3.59841791,0.00000000,0.64194092,0.12500000
uniform,400,11302,pso_high_12x16,1.00000000,29,11555.62640131,28.88906600,7.77751996,0.00000000,0.65051380,0.46800000
uniform,400,11303,kmeans_grid,0.88750000,20,26445.08410518,66.11271026,0.00000000,0.11250000,0.62430260,0.00400000
uniform,400,11303,gno,0.99500000,40,7082.16624193,17.70541560,1.19889366,0.00500000,0.52929152,0.00500000
uniform,400,11303,alns_no_refine,0.99750000,30,7121.34107231,17.80335268,1.71482047,0.00250000,0.51775362,0.06000000
uniform,400,11303,fixed_gno_refine,0.99500000,40,7082.16624193,17.70541560,1.19889366,0.00500000,0.52929152,0.05200000
uniform,400,11303,alns_sca_lite,0.99500000,29,7995.93989605,19.98984974,1.12901861,0.00500000,0.52727761,0.10900000
uniform,400,11303,pso_low_3x4,1.00000000,29,7825.00764694,19.56251912,4.09991725,0.00000000,0.64341301,0.03600000
uniform,400,11303,pso_mid_6x8,1.00000000,29,9367.40477760,23.41851194,2.46026545,0.00000000,0.60943476,0.13200000
uniform,400,11303,pso_high_12x16,1.00000000,29,12573.34733806,31.43336835,4.38145784,0.00000000,0.67637704,0.48200000
uniform,400,11304,kmeans_grid,0.94000000,20,26064.06210379,65.16015526,0.00000000,0.06000000,0.65748566,0.00500000
uniform,400,11304,gno,0.99750000,40,5302.24542809,13.25561357,1.00010795,0.00250000,0.46375067,0.00500000
uniform,400,11304,alns_no_refine,0.99750000,25,5978.43048893,14.94607622,1.06636532,0.00250000,0.43789917,0.06700000
uniform,400,11304,fixed_gno_refine,0.99750000,40,5302.24542809,13.25561357,1.00010795,0.00250000,0.46375067,0.05500000
uniform,400,11304,alns_sca_lite,0.99750000,27,6091.59379970,15.22898450,1.04726228,0.00250000,0.45505682,0.10500000
uniform,400,11304,pso_low_3x4,0.99500000,27,10520.08007782,26.30020019,6.53957396,0.00500000,0.67314339,0.03200000
uniform,400,11304,pso_mid_6x8,1.00000000,27,9380.39726522,23.45099316,4.41070138,0.00000000,0.71289229,0.11400000
uniform,400,11304,pso_high_12x16,1.00000000,27,10112.36366770,25.28090917,5.68188553,0.00000000,0.59936313,0.46300000
uniform,400,11305,kmeans_grid,0.92750000,20,26277.78135196,65.69445338,0.00000000,0.07250000,0.64861745,0.00500000
uniform,400,11305,gno,0.99250000,40,5674.58877226,14.18647193,0.97810451,0.00750000,0.50895712,0.00400000
uniform,400,11305,alns_no_refine,0.99250000,29,7071.57881279,17.67894703,1.00037586,0.00750000,0.50156096,0.05800000
uniform,400,11305,fixed_gno_refine,0.99250000,40,5674.58877226,14.18647193,0.97810451,0.00750000,0.50895712,0.04800000
uniform,400,11305,alns_sca_lite,0.99250000,28,11058.11872923,27.64529682,2.56974227,0.00750000,0.51731900,0.10100000
uniform,400,11305,pso_low_3x4,1.00000000,28,6628.32515953,16.57081290,2.64348284,0.00000000,0.74038815,0.03100000
uniform,400,11305,pso_mid_6x8,1.00000000,28,10220.34353177,25.55085883,5.89763479,0.00000000,0.68945130,0.12000000
uniform,400,11305,pso_high_12x16,1.00000000,28,11454.61599102,28.63653998,4.08876393,0.00000000,0.57230319,0.46300000
uniform,400,11306,kmeans_grid,0.94000000,20,26618.18703696,66.54546759,0.00000000,0.06000000,0.67880689,0.00600000
uniform,400,11306,gno,0.99750000,40,5285.50090424,13.21375226,2.32472841,0.00250000,0.60029114,0.00600000
uniform,400,11306,alns_no_refine,1.00000000,32,5452.00806151,13.63002015,2.30947768,0.00000000,0.57365641,0.06100000
uniform,400,11306,fixed_gno_refine,0.99750000,40,5285.50090424,13.21375226,2.32472841,0.00250000,0.60029114,0.04800000
uniform,400,11306,alns_sca_lite,1.00000000,32,5402.48246416,13.50620616,2.39719208,0.00000000,0.59432680,0.10300000
uniform,400,11306,pso_low_3x4,1.00000000,32,8668.17313107,21.67043283,4.68894337,0.00000000,0.65584055,0.03900000
uniform,400,11306,pso_mid_6x8,1.00000000,32,9463.45820300,23.65864551,6.27592441,0.00000000,0.63468425,0.11800000
uniform,400,11306,pso_high_12x16,1.00000000,32,13147.90722208,32.86976806,8.36912863,0.00000000,0.69133430,0.46700000
uniform,400,11307,kmeans_grid,0.89250000,20,26188.23528186,65.47058820,0.00000000,0.10750000,0.62999855,0.00400000
uniform,400,11307,gno,0.99750000,40,6809.70056047,17.02425140,2.56442189,0.00250000,0.55705238,0.00500000
uniform,400,11307,alns_no_refine,0.99750000,23,7897.63171586,19.74407929,2.12130054,0.00250000,0.52882221,0.05400000
uniform,400,11307,fixed_gno_refine,1.00000000,40,11271.13103762,28.17782759,4.14543462,0.00000000,0.62916646,0.04700000
uniform,400,11307,alns_sca_lite,1.00000000,29,12119.26364545,30.29815911,4.35316715,0.00000000,0.60752619,0.10700000
uniform,400,11307,pso_low_3x4,1.00000000,29,8256.31974840,20.64079937,4.16255972,0.00000000,0.66695862,0.03700000
uniform,400,11307,pso_mid_6x8,1.00000000,29,10566.21855906,26.41554640,8.47775651,0.00000000,0.61868268,0.11300000
uniform,400,11307,pso_high_12x16,1.00000000,29,10169.92231336,25.42480578,7.13424258,0.00000000,0.64841485,0.45600000
uniform,400,11308,kmeans_grid,0.91750000,20,24177.34316694,60.44335792,0.00000000,0.08250000,0.65569836,0.00400000
uniform,400,11308,gno,1.00000000,40,6208.30701884,15.52076755,2.53356175,0.00000000,0.56761259,0.00500000
uniform,400,11308,alns_no_refine,1.00000000,30,7486.66270121,18.71665675,2.87432989,0.00000000,0.57264959,0.06400000
uniform,400,11308,fixed_gno_refine,1.00000000,40,6208.30701884,15.52076755,2.53356175,0.00000000,0.56761259,0.04900000
uniform,400,11308,alns_sca_lite,1.00000000,32,7143.80370705,17.85950927,2.74450825,0.00000000,0.56742323,0.10800000
uniform,400,11308,pso_low_3x4,1.00000000,32,7941.79649365,19.85449123,6.57314094,0.00000000,0.70811488,0.04000000
uniform,400,11308,pso_mid_6x8,1.00000000,32,10414.52895633,26.03632239,8.45820754,0.00000000,0.69738648,0.12900000
uniform,400,11308,pso_high_12x16,1.00000000,32,12431.07696373,31.07769241,10.34733076,0.00000000,0.76358361,0.48700000
uniform,400,11309,kmeans_grid,0.91750000,20,24640.90089578,61.60225224,0.00000000,0.08250000,0.65072426,0.00400000
uniform,400,11309,gno,0.99750000,40,6094.47508877,15.23618772,1.15661455,0.00250000,0.53565380,0.00600000
uniform,400,11309,alns_no_refine,0.99750000,30,7446.76328099,18.61690820,1.13025717,0.00250000,0.50253678,0.05900000
uniform,400,11309,fixed_gno_refine,0.99750000,40,6094.47508877,15.23618772,1.15661455,0.00250000,0.53565380,0.05200000
uniform,400,11309,alns_sca_lite,0.99750000,27,6775.72066122,16.93930165,1.30460368,0.00250000,0.52065694,0.09800000
uniform,400,11309,pso_low_3x4,1.00000000,27,7735.79608976,19.33949022,4.60714081,0.00000000,0.63358652,0.03100000
uniform,400,11309,pso_mid_6x8,1.00000000,27,9915.67742411,24.78919356,7.08901276,0.00000000,0.74204243,0.10900000
uniform,400,11309,pso_high_12x16,1.00000000,27,10341.50857096,25.85377143,5.13024997,0.00000000,0.62713825,0.42000000
uniform,400,11310,kmeans_grid,0.94500000,20,26141.77850924,65.35444627,0.00000000,0.05500000,0.67272954,0.00400000
uniform,400,11310,gno,1.00000000,40,5998.49122166,14.99622805,2.27986023,0.00000000,0.47797031,0.00500000
uniform,400,11310,alns_no_refine,1.00000000,31,6885.11913443,17.21279784,2.04235697,0.00000000,0.48089146,0.07300000
uniform,400,11310,fixed_gno_refine,1.00000000,40,5998.49122166,14.99622805,2.27986023,0.00000000,0.47797031,0.05400000
uniform,400,11310,alns_sca_lite,1.00000000,33,6518.22904427,16.29557261,2.16691302,0.00000000,0.47727095,0.11900000
uniform,400,11310,pso_low_3x4,1.00000000,33,7460.16711738,18.65041779,4.61498611,0.00000000,0.69922354,0.04200000
uniform,400,11310,pso_mid_6x8,1.00000000,33,10415.24018630,26.03810047,3.63649242,0.00000000,0.71010972,0.14600000
uniform,400,11310,pso_high_12x16,1.00000000,33,9741.12233992,24.35280585,5.18818236,0.00000000,0.63062028,0.55500000
uniform,400,11311,kmeans_grid,0.97250000,20,27280.49373791,68.20123434,1.85755726,0.02750000,0.70647463,0.00500000
uniform,400,11311,gno,0.99000000,40,6118.01260681,15.29503152,1.85511778,0.01000000,0.50150879,0.00500000
uniform,400,11311,alns_no_refine,0.99750000,31,7017.22859584,17.54307149,1.48954212,0.00250000,0.45970145,0.06800000
uniform,400,11311,fixed_gno_refine,0.99750000,40,11080.51528995,27.70128822,3.68006950,0.00250000,0.61652726,0.05700000
uniform,400,11311,alns_sca_lite,0.99750000,34,11888.25496851,29.72063742,3.12838705,0.00250000,0.61588415,0.12100000
uniform,400,11311,pso_low_3x4,1.00000000,34,8512.02115596,21.28005289,8.44139733,0.00000000,0.73629278,0.06700000
uniform,400,11311,pso_mid_6x8,1.00000000,34,9323.41593483,23.30853984,6.61980574,0.00000000,0.56763651,0.18700000
uniform,400,11311,pso_high_12x16,1.00000000,34,11052.57865079,27.63144663,6.20651279,0.00000000,0.61549646,0.58900000
uniform,400,11312,kmeans_grid,0.92000000,20,23818.09951994,59.54524880,0.00000000,0.08000000,0.64082129,0.00500000
uniform,400,11312,gno,0.99750000,40,5063.77409668,12.65943524,1.63548393,0.00250000,0.56873206,0.00500000
uniform,400,11312,alns_no_refine,1.00000000,25,5978.71447844,14.94678620,1.88171183,0.00000000,0.52700840,0.16100000
uniform,400,11312,fixed_gno_refine,0.99750000,40,5063.77409668,12.65943524,1.63548393,0.00250000,0.56873206,0.06100000
uniform,400,11312,alns_sca_lite,0.99750000,26,6075.11878007,15.18779695,1.39678793,0.00250000,0.52600659,0.11700000
uniform,400,11312,pso_low_3x4,1.00000000,26,8558.00674483,21.39501686,4.99105699,0.00000000,0.71260824,0.03700000
uniform,400,11312,pso_mid_6x8,1.00000000,26,8262.07152896,20.65517882,5.15169564,0.00000000,0.65554287,0.12600000
uniform,400,11312,pso_high_12x16,1.00000000,26,11398.94387652,28.49735969,3.78088884,0.00000000,0.61070298,0.42400000
uniform,400,11313,kmeans_grid,0.94750000,20,26613.18482754,66.53296207,0.00000000,0.05250000,0.66156518,0.00400000
uniform,400,11313,gno,0.99000000,40,5304.05291064,13.26013228,1.56860949,0.01000000,0.53100998,0.00500000
uniform,400,11313,alns_no_refine,0.99000000,28,6828.04114524,17.07010286,1.49541928,0.01000000,0.50120729,0.05900000
uniform,400,11313,fixed_gno_refine,1.00000000,40,14114.82233266,35.28705583,2.13266111,0.00000000,0.62271561,0.04900000
uniform,400,11313,alns_sca_lite,1.00000000,29,15690.85404162,39.22713510,1.31393795,0.00000000,0.57471557,0.10400000
uniform,400,11313,pso_low_3x4,1.00000000,29,9107.44633177,22.76861583,5.44106079,0.00000000,0.60140595,0.03700000
uniform,400,11313,pso_mid_6x8,1.00000000,29,9267.27533637,23.16818834,7.15135229,0.00000000,0.60977448,0.12700000
uniform,400,11313,pso_high_12x16,1.00000000,29,11236.40499915,28.09101250,3.96695694,0.00000000,0.70250453,0.43400000
uniform,400,11314,kmeans_grid,0.93750000,20,25725.80215224,64.31450538,0.00000000,0.06250000,0.65435193,0.00500000
uniform,400,11314,gno,0.99250000,40,5125.61079918,12.81402700,1.54554165,0.00750000,0.49484390,0.00600000
uniform,400,11314,alns_no_refine,0.99250000,23,6909.36855556,17.27342139,1.24268815,0.00750000,0.48115325,0.06100000
uniform,400,11314,fixed_gno_refine,1.00000000,40,19339.76754051,48.34941885,11.13656349,0.00000000,0.72145133,0.05200000
uniform,400,11314,alns_sca_lite,1.00000000,26,25651.41889201,64.12854723,12.96991998,0.00000000,0.71609585,0.10000000
uniform,400,11314,pso_low_3x4,1.00000000,26,7732.14695354,19.33036738,2.23403718,0.00000000,0.68446067,0.03300000
uniform,400,11314,pso_mid_6x8,1.00000000,26,9458.83815953,23.64709540,3.65497106,0.00000000,0.60502295,0.11900000
uniform,400,11314,pso_high_12x16,1.00000000,26,10415.93109539,26.03982774,2.21354936,0.00000000,0.59282589,0.43600000
uniform,400,11315,kmeans_grid,0.95000000,20,27265.84376331,68.16460941,0.00000000,0.05000000,0.66369538,0.00500000
uniform,400,11315,gno,0.98000000,40,6930.34593611,17.32586484,1.51790851,0.02000000,0.47117152,0.00500000
uniform,400,11315,alns_no_refine,0.98250000,24,8284.75375540,20.71188439,1.38241543,0.01750000,0.49359121,0.06100000
uniform,400,11315,fixed_gno_refine,1.00000000,40,26481.22098870,66.20305247,19.94470448,0.00000000,0.81520620,0.05100000
uniform,400,11315,alns_sca_lite,1.00000000,31,28538.90702359,71.34726756,18.92330619,0.00000000,0.78867210,0.10900000
uniform,400,11315,pso_low_3x4,1.00000000,31,8931.36379296,22.32840948,4.59604029,0.00000000,0.71419889,0.03900000
uniform,400,11315,pso_mid_6x8,1.00000000,31,10089.98069087,25.22495173,5.04137210,0.00000000,0.66946689,0.14900000
uniform,400,11315,pso_high_12x16,1.00000000,31,12250.60628508,30.62651571,9.90891792,0.00000000,0.69315007,0.62000000
uniform,400,11316,kmeans_grid,0.93500000,20,25740.85463434,64.35213659,0.00000000,0.06500000,0.62861581,0.00600000
uniform,400,11316,gno,1.00000000,40,6085.94738118,15.21486845,1.56997952,0.00000000,0.46979990,0.00600000
uniform,400,11316,alns_no_refine,1.00000000,25,7462.85727666,18.65714319,1.15583896,0.00000000,0.44875075,0.07100000
uniform,400,11316,fixed_gno_refine,1.00000000,40,10407.32514508,26.01831286,4.44678302,0.00000000,0.59552843,0.06400000
uniform,400,11316,alns_sca_lite,1.00000000,29,11297.99590569,28.24498976,3.78817717,0.00000000,0.57531643,0.12200000
uniform,400,11316,pso_low_3x4,1.00000000,29,9520.02847230,23.80007118,1.90294544,0.00000000,0.67589420,0.04000000
uniform,400,11316,pso_mid_6x8,1.00000000,29,9979.53109370,24.94882773,5.01204551,0.00000000,0.57563769,0.15600000
uniform,400,11316,pso_high_12x16,1.00000000,29,12714.84714824,31.78711787,7.04795034,0.00000000,0.62957987,0.69500000
uniform,400,11317,kmeans_grid,0.90750000,20,26270.85226394,65.67713066,0.00000000,0.09250000,0.62542317,0.00500000
uniform,400,11317,gno,0.99500000,40,5596.85834816,13.99214587,2.08609365,0.00500000,0.47390002,0.00700000
uniform,400,11317,alns_no_refine,0.99750000,24,6851.22886687,17.12807217,2.33470649,0.00250000,0.47180989,0.06500000
uniform,400,11317,fixed_gno_refine,1.00000000,40,27500.22175641,68.75055439,19.04630045,0.00000000,0.80045443,0.05200000
uniform,400,11317,alns_sca_lite,1.00000000,27,30188.75663292,75.47189158,16.08574455,0.00000000,0.76203695,0.10400000
uniform,400,11317,pso_low_3x4,1.00000000,27,8955.47205507,22.38868014,6.22633947,0.00000000,0.70034794,0.03300000
uniform,400,11317,pso_mid_6x8,1.00000000,27,9034.38418896,22.58596047,3.54826998,0.00000000,0.68303913,0.12100000
uniform,400,11317,pso_high_12x16,1.00000000,27,12102.12025167,30.25530063,8.63154079,0.00000000,0.63713342,0.44000000
uniform,400,11318,kmeans_grid,0.91750000,20,24969.94447796,62.42486119,0.00000000,0.08250000,0.63242483,0.00500000
uniform,400,11318,gno,0.99250000,40,6252.10237268,15.63025593,1.66423262,0.00750000,0.45339768,0.00500000
uniform,400,11318,alns_no_refine,0.99500000,25,7454.96377870,18.63740945,1.22501113,0.00500000,0.45693732,0.06400000
uniform,400,11318,fixed_gno_refine,0.99250000,40,6252.10237268,15.63025593,1.66423262,0.00750000,0.45339768,0.05700000
uniform,400,11318,alns_sca_lite,0.99250000,26,7573.40661572,18.93351654,1.34446603,0.00750000,0.44987109,0.12100000
uniform,400,11318,pso_low_3x4,0.99750000,26,6753.96907338,16.88492268,4.54761851,0.00250000,0.61714416,0.03600000
uniform,400,11318,pso_mid_6x8,1.00000000,26,9791.39602951,24.47849007,4.55159621,0.00000000,0.64141048,0.12700000
uniform,400,11318,pso_high_12x16,1.00000000,26,11334.77346073,28.33693365,6.87322588,0.00000000,0.66984918,0.44100000
uniform,400,11319,kmeans_grid,0.90250000,20,25829.82369038,64.57455923,0.00000000,0.09750000,0.65900292,0.00400000
uniform,400,11319,gno,0.99750000,40,5497.61211438,13.74403029,1.61995277,0.00250000,0.37975412,0.00500000
uniform,400,11319,alns_no_refine,0.99750000,24,6009.60906821,15.02402267,1.05600738,0.00250000,0.38471081,0.06300000
uniform,400,11319,fixed_gno_refine,0.99750000,40,5497.61211438,13.74403029,1.61995277,0.00250000,0.37975412,0.05800000
uniform,400,11319,alns_sca_lite,0.99750000,30,14859.65644524,37.14914111,5.26253607,0.00250000,0.62343281,0.10700000
uniform,400,11319,pso_low_3x4,1.00000000,30,8592.06355294,21.48015888,6.77815418,0.00000000,0.67688182,0.03600000
uniform,400,11319,pso_mid_6x8,1.00000000,30,8981.69874680,22.45424687,6.77190632,0.00000000,0.63053183,0.12600000
uniform,400,11319,pso_high_12x16,1.00000000,30,11910.39786108,29.77599465,6.74180610,0.00000000,0.61231823,0.50700000
uniform,400,11320,kmeans_grid,0.92750000,20,26541.37512199,66.35343780,0.00000000,0.07250000,0.67625340,0.00500000
uniform,400,11320,gno,0.99500000,40,6717.14200724,16.79285502,1.72264298,0.00500000,0.57269803,0.00500000
uniform,400,11320,alns_no_refine,0.99500000,28,9005.29230959,22.51323077,1.58772890,0.00500000,0.48469672,0.07300000
uniform,400,11320,fixed_gno_refine,0.99500000,40,6717.14200724,16.79285502,1.72264298,0.00500000,0.57269803,0.06000000
uniform,400,11320,alns_sca_lite,1.00000000,26,8610.63028730,21.52657572,1.82116351,0.00000000,0.46302418,0.12200000
uniform,400,11320,pso_low_3x4,0.99750000,26,8272.20834536,20.68052086,2.97493570,0.00250000,0.65708452,0.04100000
uniform,400,11320,pso_mid_6x8,1.00000000,26,9451.55196550,23.62887991,6.68401590,0.00000000,0.65434200,0.14600000
uniform,400,11320,pso_high_12x16,1.00000000,26,12068.44802691,30.17112007,4.90187771,0.00000000,0.55754515,0.52800000
uniform,400,11321,kmeans_grid,0.88000000,20,23330.59318031,58.32648295,0.00000000,0.12000000,0.59493445,0.00500000
uniform,400,11321,gno,1.00000000,40,5688.60764773,14.22151912,1.79187525,0.00000000,0.51996942,0.00600000
uniform,400,11321,alns_no_refine,1.00000000,27,6644.53226434,16.61133066,2.03993144,0.00000000,0.51027148,0.06900000
uniform,400,11321,fixed_gno_refine,1.00000000,40,27645.96622629,69.11491557,16.99448118,0.00000000,0.79378599,0.05100000
uniform,400,11321,alns_sca_lite,1.00000000,28,30113.69778934,75.28424447,15.53333059,0.00000000,0.76413690,0.10000000
uniform,400,11321,pso_low_3x4,1.00000000,28,8134.69280994,20.33673202,6.61828224,0.00000000,0.62819389,0.03600000
uniform,400,11321,pso_mid_6x8,1.00000000,28,9014.64742796,22.53661857,6.12960143,0.00000000,0.68712722,0.12200000
uniform,400,11321,pso_high_12x16,1.00000000,28,11650.18860855,29.12547152,8.01014443,0.00000000,0.59819323,0.49800000
uniform,400,11322,kmeans_grid,0.90250000,20,24312.21881180,60.78054703,0.00000000,0.09750000,0.63799735,0.00500000
uniform,400,11322,gno,0.99000000,40,5412.09560716,13.53023902,1.55602065,0.01000000,0.49050546,0.00500000
uniform,400,11322,alns_no_refine,0.99250000,28,6250.67498474,15.62668746,1.28610422,0.00750000,0.47697690,0.07400000
uniform,400,11322,fixed_gno_refine,1.00000000,40,10627.59314777,26.56898287,3.07890792,0.00000000,0.59643860,0.05700000
uniform,400,11322,alns_sca_lite,1.00000000,30,11698.22879117,29.24557198,3.10548465,0.00000000,0.59162237,0.11500000
uniform,400,11322,pso_low_3x4,1.00000000,30,9285.44980444,23.21362451,6.02184275,0.00000000,0.70221771,0.04300000
uniform,400,11322,pso_mid_6x8,1.00000000,30,7429.18842878,18.57297107,6.13857023,0.00000000,0.69948310,0.14100000
uniform,400,11322,pso_high_12x16,1.00000000,30,11510.75459799,28.77688649,6.39513231,0.00000000,0.62428671,0.58000000
uniform,400,11323,kmeans_grid,0.90250000,20,24845.88494964,62.11471237,0.00000000,0.09750000,0.63325851,0.00800000
uniform,400,11323,gno,0.99750000,40,7200.99486528,18.00248716,2.98479496,0.00250000,0.53177736,0.01000000
uniform,400,11323,alns_no_refine,0.99750000,28,9298.54245248,23.24635613,3.42826522,0.00250000,0.54029824,0.07400000
uniform,400,11323,fixed_gno_refine,0.99750000,40,7200.99486528,18.00248716,2.98479496,0.00250000,0.53177736,0.05700000
uniform,400,11323,alns_sca_lite,0.99750000,26,13069.67857513,32.67419644,4.01231261,0.00250000,0.58194315,0.11000000
uniform,400,11323,pso_low_3x4,1.00000000,26,8290.61131136,20.72652828,4.26998654,0.00000000,0.73989053,0.03500000
uniform,400,11323,pso_mid_6x8,1.00000000,26,10906.00894127,27.26502235,6.95335678,0.00000000,0.65659312,0.12300000
uniform,400,11323,pso_high_12x16,1.00000000,26,9089.39263864,22.72348160,6.90799672,0.00000000,0.63606758,0.44300000
uniform,400,11324,kmeans_grid,0.90500000,20,24431.38773350,61.07846933,0.00000000,0.09500000,0.64480455,0.00400000
uniform,400,11324,gno,0.99500000,40,5903.96541704,14.75991354,1.69826869,0.00500000,0.46547117,0.00600000
uniform,400,11324,alns_no_refine,0.99500000,25,7905.32436718,19.76331092,1.64259654,0.00500000,0.49259749,0.05900000
uniform,400,11324,fixed_gno_refine,0.99500000,40,5903.96541704,14.75991354,1.69826869,0.00500000,0.46547117,0.05200000
uniform,400,11324,alns_sca_lite,0.99500000,26,7590.86690881,18.97716727,1.88714656,0.00500000,0.48682656,0.10700000
uniform,400,11324,pso_low_3x4,0.99250000,26,7937.73011382,19.84432528,3.15226633,0.00750000,0.63036783,0.03100000
uniform,400,11324,pso_mid_6x8,1.00000000,26,9512.49817742,23.78124544,3.28004794,0.00000000,0.67467941,0.11400000
uniform,400,11324,pso_high_12x16,1.00000000,26,11663.06346823,29.15765867,4.52060171,0.00000000,0.71465509,0.41200000
uniform,400,11325,kmeans_grid,0.85000000,20,21314.66531385,53.28666328,0.00000000,0.15000000,0.55684162,0.00400000
uniform,400,11325,gno,0.99250000,40,5372.69988309,13.43174971,1.60521353,0.00750000,0.48780722,0.00500000
uniform,400,11325,alns_no_refine,0.99250000,33,5879.60847378,14.69902118,1.55283508,0.00750000,0.49356377,0.06800000
uniform,400,11325,fixed_gno_refine,0.99500000,40,9944.27270953,24.86068177,1.99481321,0.00500000,0.55020226,0.05000000
uniform,400,11325,alns_sca_lite,1.00000000,25,17660.41906786,44.15104767,3.41553229,0.00000000,0.59066554,0.10200000
uniform,400,11325,pso_low_3x4,0.99750000,25,8077.37480206,20.19343701,3.84706260,0.00250000,0.66254649,0.03100000
uniform,400,11325,pso_mid_6x8,1.00000000,25,9603.62861605,24.00907154,3.56065681,0.00000000,0.67479302,0.10500000
uniform,400,11325,pso_high_12x16,1.00000000,25,11126.20232376,27.81550581,3.26427615,0.00000000,0.62340939,0.38400000
uniform,400,11326,kmeans_grid,0.90000000,20,25533.47659177,63.83369148,0.00000000,0.10000000,0.63042496,0.00400000
uniform,400,11326,gno,0.99500000,40,5846.51863675,14.61629659,1.90475571,0.00500000,0.45418324,0.00500000
uniform,400,11326,alns_no_refine,0.99750000,27,6664.31035322,16.66077588,1.80441255,0.00250000,0.45322851,0.06000000
uniform,400,11326,fixed_gno_refine,1.00000000,40,9727.86558662,24.31966397,4.68417318,0.00000000,0.60661556,0.04900000
uniform,400,11326,alns_sca_lite,1.00000000,27,10997.32822662,27.49332057,4.05922706,0.00000000,0.56556129,0.10600000
uniform,400,11326,pso_low_3x4,1.00000000,27,8249.17952421,20.62294881,4.52440249,0.00000000,0.68309598,0.03000000
uniform,400,11326,pso_mid_6x8,1.00000000,27,8739.82291103,21.84955728,5.30992097,0.00000000,0.65608348,0.11600000
uniform,400,11326,pso_high_12x16,1.00000000,27,11638.58859004,29.09647148,5.90768705,0.00000000,0.63003835,0.43600000
uniform,400,11327,kmeans_grid,0.92750000,20,27233.08676018,68.08271690,0.00000000,0.07250000,0.66557009,0.00500000
uniform,400,11327,gno,0.98500000,40,5578.79708158,13.94699270,1.14469298,0.01500000,0.46178228,0.00500000
uniform,400,11327,alns_no_refine,0.98500000,25,7173.43404017,17.93358510,1.23314413,0.01500000,0.45583120,0.06200000
uniform,400,11327,fixed_gno_refine,1.00000000,40,9505.59730709,23.76399327,3.55341332,0.00000000,0.57864820,0.04900000
uniform,400,11327,alns_sca_lite,1.00000000,27,11601.63271864,29.00408180,3.23321379,0.00000000,0.55718865,0.09900000
uniform,400,11327,pso_low_3x4,1.00000000,27,7573.20072009,18.93300180,2.48230755,0.00000000,0.61831277,0.03400000
uniform,400,11327,pso_mid_6x8,1.00000000,27,11026.52253252,27.56630633,3.88403883,0.00000000,0.66924004,0.11200000
uniform,400,11327,pso_high_12x16,1.00000000,27,11718.57034330,29.29642586,5.30331325,0.00000000,0.74461311,0.43400000
uniform,400,11328,kmeans_grid,0.89500000,20,25525.65912203,63.81414781,0.00000000,0.10500000,0.65458023,0.00500000
uniform,400,11328,gno,0.99500000,40,4539.32867000,11.34832168,1.76448358,0.00500000,0.55389675,0.00600000
uniform,400,11328,alns_no_refine,0.99500000,22,6052.46942149,15.13117355,1.92027405,0.00500000,0.49333282,0.06200000
uniform,400,11328,fixed_gno_refine,1.00000000,40,27373.12013990,68.43280035,20.38568886,0.00000000,0.81201460,0.05600000
uniform,400,11328,alns_sca_lite,1.00000000,26,28151.40753324,70.37851883,18.17922071,0.00000000,0.77977959,0.10900000
uniform,400,11328,pso_low_3x4,1.00000000,26,7899.00123404,19.74750309,6.96731555,0.00000000,0.70217622,0.03000000
uniform,400,11328,pso_mid_6x8,1.00000000,26,8234.95176884,20.58737942,1.39271459,0.00000000,0.53431880,0.12100000
uniform,400,11328,pso_high_12x16,1.00000000,26,11861.95855671,29.65489639,7.32392432,0.00000000,0.67881346,0.45500000
uniform,400,11329,kmeans_grid,0.94500000,20,27193.02936893,67.98257342,0.00000000,0.05500000,0.67366436,0.00500000
uniform,400,11329,gno,0.99250000,40,7917.85306441,19.79463266,1.50542156,0.00750000,0.52493316,0.00600000
uniform,400,11329,alns_no_refine,0.99250000,26,8701.58606554,21.75396516,1.58604469,0.00750000,0.53054883,0.06600000
uniform,400,11329,fixed_gno_refine,0.99250000,40,7917.85306441,19.79463266,1.50542156,0.00750000,0.52493316,0.05300000
uniform,400,11329,alns_sca_lite,0.99500000,25,8143.35140300,20.35837851,1.59755039,0.00500000,0.50744208,0.10700000
uniform,400,11329,pso_low_3x4,0.99500000,25,8228.68373897,20.57170935,1.59250243,0.00500000,0.59386797,0.03200000
uniform,400,11329,pso_mid_6x8,1.00000000,25,7905.84535866,19.76461340,1.93919410,0.00000000,0.59617862,0.11200000
uniform,400,11329,pso_high_12x16,1.00000000,25,10537.97560836,26.34493902,4.58252791,0.00000000,0.55565311,0.41900000
hotspot,100,12000,kmeans_grid,0.78000000,5,6253.37962456,62.53379625,0.00000000,0.22000000,0.54775310,0.00000000
hotspot,100,12000,gno,0.99000000,10,2522.15558298,25.22155583,6.35947749,0.01000000,0.60080912,0.00100000
hotspot,100,12000,alns_no_refine,0.99000000,7,3276.71225541,32.76712255,1.87487917,0.01000000,0.59135665,0.00400000
hotspot,100,12000,fixed_gno_refine,1.00000000,10,6331.42186741,63.31421867,15.81825992,0.00000000,0.73482848,0.00700000
hotspot,100,12000,alns_sca_lite,1.00000000,7,5956.92771405,59.56927714,15.15248034,0.00000000,0.74784940,0.01000000
hotspot,100,12000,pso_low_3x4,1.00000000,7,1987.45382070,19.87453821,1.31806627,0.00000000,0.47283607,0.00200000
hotspot,100,12000,pso_mid_6x8,1.00000000,7,2137.87594992,21.37875950,0.74912030,0.00000000,0.42556769,0.01100000
hotspot,100,12000,pso_high_12x16,1.00000000,7,3291.88318676,32.91883187,0.68231078,0.00000000,0.38486827,0.04300000
hotspot,100,12001,kmeans_grid,0.80000000,5,7096.32356135,70.96323561,0.00000000,0.20000000,0.54422004,0.00000000
hotspot,100,12001,gno,1.00000000,10,3388.52040039,33.88520400,6.71166013,0.00000000,0.52392494,0.00100000
hotspot,100,12001,alns_no_refine,1.00000000,6,5139.96614400,51.39966144,3.21240966,0.00000000,0.44312186,0.00300000
hotspot,100,12001,fixed_gno_refine,1.00000000,10,5369.22318271,53.69223183,17.84607343,0.00000000,0.63054631,0.00600000
hotspot,100,12001,alns_sca_lite,1.00000000,6,5988.49849576,59.88498496,14.20618061,0.00000000,0.64560990,0.00900000
hotspot,100,12001,pso_low_3x4,1.00000000,6,2211.57045238,22.11570452,2.04477325,0.00000000,0.42704390,0.00300000
hotspot,100,12001,pso_mid_6x8,1.00000000,6,2489.49552341,24.89495523,1.01577819,0.00000000,0.52920142,0.00900000
hotspot,100,12001,pso_high_12x16,1.00000000,6,4904.15060329,49.04150603,1.67869206,0.00000000,0.25882556,0.03100000
hotspot,100,12002,kmeans_grid,0.83000000,5,6108.50325158,61.08503252,0.00000000,0.17000000,0.47538225,0.00100000
hotspot,100,12002,gno,0.98000000,10,3194.52381946,31.94523819,6.62247648,0.02000000,0.48018303,0.00100000
hotspot,100,12002,alns_no_refine,0.98000000,7,3858.28031891,38.58280319,1.96748375,0.02000000,0.54468302,0.00500000
hotspot,100,12002,fixed_gno_refine,1.00000000,10,7721.10798585,77.21107986,23.27303628,0.00000000,0.78016823,0.00700000
hotspot,100,12002,alns_sca_lite,1.00000000,6,7735.20380452,77.35203805,15.46280713,0.00000000,0.74835768,0.00800000
hotspot,100,12002,pso_low_3x4,0.97000000,6,3068.55966413,30.68559664,4.50370246,0.03000000,0.30764609,0.00300000
hotspot,100,12002,pso_mid_6x8,1.00000000,6,2930.55204301,29.30552043,1.81333678,0.00000000,0.38613872,0.00800000
hotspot,100,12002,pso_high_12x16,1.00000000,6,5028.07748410,50.28077484,7.63861094,0.00000000,0.29552050,0.03100000
hotspot,100,12003,kmeans_grid,0.85000000,5,6742.71793995,67.42717940,0.00000000,0.15000000,0.49657985,0.00000000
hotspot,100,12003,gno,1.00000000,10,3962.94850066,39.62948501,6.05543770,0.00000000,0.35933023,0.00100000
hotspot,100,12003,alns_no_refine,1.00000000,6,4769.26132971,47.69261330,4.85158595,0.00000000,0.32990180,0.00400000
hotspot,100,12003,fixed_gno_refine,1.00000000,10,6538.77812317,65.38778123,22.33614961,0.00000000,0.62615613,0.00600000
hotspot,100,12003,alns_sca_lite,1.00000000,6,6729.11974734,67.29119747,8.43624147,0.00000000,0.60107101,0.00900000
hotspot,100,12003,pso_low_3x4,0.92000000,6,3233.65388456,32.33653885,0.00000000,0.08000000,0.43939895,0.00300000
hotspot,100,12003,pso_mid_6x8,0.99000000,6,2537.31103294,25.37311033,0.97581057,0.01000000,0.29719599,0.00900000
hotspot,100,12003,pso_high_12x16,1.00000000,6,3671.26938823,36.71269388,1.39729246,0.00000000,0.25851939,0.03700000
hotspot,100,12004,kmeans_grid,0.80000000,5,5836.58028260,58.36580283,0.00000000,0.20000000,0.45519038,0.00100000
hotspot,100,12004,gno,0.98000000,10,3746.45516789,37.46455168,5.96463646,0.02000000,0.41587923,0.00000000
hotspot,100,12004,alns_no_refine,0.98000000,6,5530.54440215,55.30544402,1.14913352,0.02000000,0.55853099,0.00400000
hotspot,100,12004,fixed_gno_refine,1.00000000,10,6944.64327394,69.44643274,16.06634306,0.00000000,0.68437400,0.00600000
hotspot,100,12004,alns_sca_lite,1.00000000,7,6315.28853609,63.15288536,10.98616991,0.00000000,0.61078671,0.01100000
hotspot,100,12004,pso_low_3x4,0.99000000,7,3109.24761853,31.09247619,3.79220417,0.01000000,0.34137551,0.00300000
hotspot,100,12004,pso_mid_6x8,1.00000000,7,3340.14570259,33.40145703,2.29689989,0.00000000,0.34522885,0.01000000
hotspot,100,12004,pso_high_12x16,1.00000000,7,5137.75013278,51.37750133,3.08946059,0.00000000,0.58228229,0.04300000
hotspot,100,12005,kmeans_grid,0.77000000,5,7519.79487233,75.19794872,0.00000000,0.23000000,0.47801684,0.00100000
hotspot,100,12005,gno,0.96000000,10,2974.81514310,29.74815143,5.48407361,0.04000000,0.60646245,0.00000000
hotspot,100,12005,alns_no_refine,0.96000000,5,5767.76049949,57.67760499,0.57022085,0.04000000,0.60388510,0.00400000
hotspot,100,12005,fixed_gno_refine,1.00000000,10,7850.61594832,78.50615948,18.93546332,0.00000000,0.73352487,0.00500000
hotspot,100,12005,alns_sca_lite,1.00000000,7,6247.62617825,62.47626178,12.91185832,0.00000000,0.65005360,0.00800000
hotspot,100,12005,pso_low_3x4,1.00000000,7,3178.45392395,31.78453924,1.56584311,0.00000000,0.39891650,0.00400000
hotspot,100,12005,pso_mid_6x8,1.00000000,7,5578.54457787,55.78544578,8.56692582,0.00000000,0.40207770,0.00900000
hotspot,100,12005,pso_high_12x16,1.00000000,7,6633.84175666,66.33841757,2.37262089,0.00000000,0.37133547,0.02900000
hotspot,100,12006,kmeans_grid,0.69000000,5,6174.27297950,61.74272980,0.00000000,0.31000000,0.38726883,0.00100000
hotspot,100,12006,gno,0.98000000,10,3720.94503493,37.20945035,10.04265389,0.02000000,0.46499534,0.00000000
hotspot,100,12006,alns_no_refine,0.98000000,6,4894.80241692,48.94802417,8.50797202,0.02000000,0.48350764,0.00500000
hotspot,100,12006,fixed_gno_refine,1.00000000,10,6851.33991075,68.51339911,19.45503322,0.00000000,0.61383986,0.00600000
hotspot,100,12006,alns_sca_lite,1.00000000,7,6300.74143496,63.00741435,11.58901292,0.00000000,0.64411305,0.00900000
hotspot,100,12006,pso_low_3x4,0.91000000,7,2060.29521106,20.60295211,0.00000000,0.09000000,0.37784914,0.00200000
hotspot,100,12006,pso_mid_6x8,1.00000000,7,2355.02144970,23.55021450,0.83780005,0.00000000,0.15156735,0.01000000
hotspot,100,12006,pso_high_12x16,1.00000000,7,3242.41541059,32.42415411,1.49670008,0.00000000,0.32570867,0.04200000
hotspot,100,12007,kmeans_grid,0.82000000,5,6673.95418038,66.73954180,0.00000000,0.18000000,0.51262754,0.00100000
hotspot,100,12007,gno,0.99000000,10,4021.82174889,40.21821749,7.16001590,0.01000000,0.37510639,0.00100000
hotspot,100,12007,alns_no_refine,0.99000000,6,5147.41627650,51.47416277,5.51756527,0.01000000,0.47850349,0.00400000
hotspot,100,12007,fixed_gno_refine,1.00000000,10,7692.10013191,76.92100132,20.83022608,0.00000000,0.66378671,0.00600000
hotspot,100,12007,alns_sca_lite,0.99000000,6,7531.56808529,75.31568085,5.21417466,0.01000000,0.64342374,0.00800000
hotspot,100,12007,pso_low_3x4,1.00000000,6,2783.01556466,27.83015565,1.12331941,0.00000000,0.26562236,0.00300000
hotspot,100,12007,pso_mid_6x8,1.00000000,6,3723.18775683,37.23187757,1.10641710,0.00000000,0.43503305,0.00900000
hotspot,100,12007,pso_high_12x16,1.00000000,6,3409.15992365,34.09159924,1.56963783,0.00000000,0.46518500,0.04200000
hotspot,100,12008,kmeans_grid,0.81000000,5,6945.89826869,69.45898269,0.00000000,0.19000000,0.40770710,0.00000000
hotspot,100,12008,gno,0.99000000,10,3241.58172001,32.41581720,7.14495338,0.01000000,0.57805155,0.00100000
hotspot,100,12008,alns_no_refine,0.99000000,6,4547.82429957,45.47824300,8.62651407,0.01000000,0.52757345,0.00300000
hotspot,100,12008,fixed_gno_refine,1.00000000,10,8317.93580460,83.17935805,20.85434771,0.00000000,0.65431625,0.00700000
hotspot,100,12008,alns_sca_lite,0.99000000,6,4295.06435021,42.95064350,4.27643062,0.01000000,0.50601368,0.00900000
hotspot,100,12008,pso_low_3x4,0.99000000,6,2911.97170603,29.11971706,2.10135953,0.01000000,0.25303896,0.00200000
hotspot,100,12008,pso_mid_6x8,0.99000000,6,3833.24870046,38.33248700,2.70667994,0.01000000,0.35791098,0.00800000
hotspot,100,12008,pso_high_12x16,1.00000000,6,7136.24162488,71.36241625,3.37943017,0.00000000,0.33116712,0.03000000
hotspot,100,12009,kmeans_grid,0.87000000,5,5348.05519309,53.48055193,0.00000000,0.13000000,0.54032112,0.00000000
hotspot,100,12009,gno,1.00000000,10,2752.80798206,27.52807982,6.23129774,0.00000000,0.50963765,0.00000000
hotspot,100,12009,alns_no_refine,1.00000000,6,3999.19407657,39.99194077,3.44826403,0.00000000,0.49202865,0.00500000
hotspot,100,12009,fixed_gno_refine,1.00000000,10,5651.90007693,56.51900077,15.05248165,0.00000000,0.74480548,0.00800000
hotspot,100,12009,alns_sca_lite,1.00000000,7,5911.67339027,59.11673390,14.39258180,0.00000000,0.69902814,0.01000000
hotspot,100,12009,pso_low_3x4,0.94000000,7,1807.84557437,18.07845574,0.00000000,0.06000000,0.39855977,0.00200000
hotspot,100,12009,pso_mid_6x8,1.00000000,7,2798.24862906,27.98248629,3.03319820,0.00000000,0.48187007,0.01100000
hotspot,100,12009,pso_high_12x16,1.00000000,7,3008.11555922,30.08115559,1.50764559,0.00000000,0.54114508,0.04100000
hotspot,100,12010,kmeans_grid,0.81000000,5,6884.83304771,68.84833048,0.00000000,0.19000000,0.46350829,0.00100000
hotspot,100,12010,gno,0.98000000,10,2943.12285822,29.43122858,5.71450846,0.02000000,0.54527415,0.00000000
hotspot,100,12010,alns_no_refine,0.98000000,6,4324.43306875,43.24433069,3.44304249,0.02000000,0.51354192,0.00400000
hotspot,100,12010,fixed_gno_refine,1.00000000,10,6439.01514999,64.39015150,17.75665988,0.00000000,0.72723862,0.00700000
hotspot,100,12010,alns_sca_lite,0.98000000,7,5304.25938729,53.04259387,14.76146444,0.02000000,0.70849139,0.00900000
hotspot,100,12010,pso_low_3x4,1.00000000,7,2869.83915714,28.69839157,2.79409814,0.00000000,0.33574254,0.00300000
hotspot,100,12010,pso_mid_6x8,1.00000000,7,3513.93865339,35.13938653,5.85260675,0.00000000,0.47938073,0.01100000
hotspot,100,12010,pso_high_12x16,1.00000000,7,4095.46420916,40.95464209,1.91600087,0.00000000,0.33109988,0.04500000
hotspot,100,12011,kmeans_grid,0.81000000,5,7871.23343103,78.71233431,0.00000000,0.19000000,0.48890346,0.00000000
hotspot,100,12011,gno,0.97000000,10,3897.33318269,38.97333183,5.97232117,0.03000000,0.55767578,0.00000000
hotspot,100,12011,alns_no_refine,0.97000000,8,4367.73374005,43.67733740,5.56154843,0.03000000,0.57088703,0.00500000
hotspot,100,12011,fixed_gno_refine,1.00000000,10,6672.65939489,66.72659395,14.01029473,0.00000000,0.65451591,0.00600000
hotspot,100,12011,alns_sca_lite,1.00000000,7,6559.04170558,65.59041706,13.95673158,0.00000000,0.70122777,0.01100000
hotspot,100,12011,pso_low_3x4,0.95000000,7,3318.42801972,33.18428020,0.00000000,0.05000000,0.29099614,0.00200000
hotspot,100,12011,pso_mid_6x8,1.00000000,7,4217.29047435,42.17290474,2.29528701,0.00000000,0.41587392,0.00900000
hotspot,100,12011,pso_high_12x16,1.00000000,7,5228.61398348,52.28613983,12.36332192,0.00000000,0.54644351,0.04500000
hotspot,100,12012,kmeans_grid,0.70000000,5,5150.06203533,51.50062035,0.00000000,0.30000000,0.36526182,0.00100000
hotspot,100,12012,gno,1.00000000,10,3297.01815969,32.97018160,7.89094360,0.00000000,0.39871252,0.00000000
hotspot,100,12012,alns_no_refine,1.00000000,6,4579.32589172,45.79325892,9.02472065,0.00000000,0.54869293,0.00400000
hotspot,100,12012,fixed_gno_refine,1.00000000,10,6482.54385421,64.82543854,20.02432521,0.00000000,0.67358588,0.00700000
hotspot,100,12012,alns_sca_lite,1.00000000,7,6198.85219310,61.98852193,17.09369210,0.00000000,0.66223194,0.01000000
hotspot,100,12012,pso_low_3x4,0.87000000,7,2721.93275579,27.21932756,0.00000000,0.13000000,0.37771240,0.00200000
hotspot,100,12012,pso_mid_6x8,1.00000000,7,2916.95208878,29.16952089,3.05638814,0.00000000,0.31627151,0.01000000
hotspot,100,12012,pso_high_12x16,1.00000000,7,3569.14076862,35.69140769,4.78824791,0.00000000,0.45779048,0.04400000
hotspot,100,12013,kmeans_grid,0.67000000,5,4734.64183538,47.34641835,0.00000000,0.33000000,0.30794579,0.00000000
hotspot,100,12013,gno,0.98000000,10,3610.87909804,36.10879098,7.52687690,0.02000000,0.35268709,0.00100000
hotspot,100,12013,alns_no_refine,0.98000000,6,4533.70120479,45.33701205,6.70305634,0.02000000,0.35669099,0.00300000
hotspot,100,12013,fixed_gno_refine,1.00000000,10,6022.55646150,60.22556462,15.64776221,0.00000000,0.64448095,0.00700000
hotspot,100,12013,alns_sca_lite,1.00000000,7,6118.48105874,61.18481059,19.32933325,0.00000000,0.67681580,0.01000000
hotspot,100,12013,pso_low_3x4,0.98000000,7,2513.28491031,25.13284910,1.43598874,0.02000000,0.51444634,0.00200000
hotspot,100,12013,pso_mid_6x8,1.00000000,7,3459.26094617,34.59260946,0.88714117,0.00000000,0.42375921,0.01000000
hotspot,100,12013,pso_high_12x16,1.00000000,7,4162.03923921,41.62039239,1.24344949,0.00000000,0.26629442,0.03800000
hotspot,100,12014,kmeans_grid,0.86000000,5,6543.63359645,65.43633596,0.00000000,0.14000000,0.58048406,0.00100000
hotspot,100,12014,gno,1.00000000,10,2943.51086843,29.43510868,9.34899352,0.00000000,0.51512554,0.00100000
hotspot,100,12014,alns_no_refine,1.00000000,7,4088.15652370,40.88156524,10.16059608,0.00000000,0.64112075,0.00500000
hotspot,100,12014,fixed_gno_refine,1.00000000,10,5006.97271775,50.06972718,16.84645832,0.00000000,0.68358194,0.00700000
hotspot,100,12014,alns_sca_lite,1.00000000,7,6978.85658797,69.78856588,15.60213831,0.00000000,0.73688638,0.01100000
hotspot,100,12014,pso_low_3x4,0.99000000,7,1699.45912776,16.99459128,1.71268300,0.01000000,0.52102332,0.00200000
hotspot,100,12014,pso_mid_6x8,1.00000000,7,2831.96703167,28.31967032,0.83853558,0.00000000,0.37629331,0.01500000
hotspot,100,12014,pso_high_12x16,1.00000000,7,3317.15045342,33.17150453,2.39052376,0.00000000,0.28118488,0.05100000
hotspot,100,12015,kmeans_grid,0.81000000,5,7749.35593831,77.49355938,0.00000000,0.19000000,0.57171725,0.00000000
hotspot,100,12015,gno,1.00000000,10,3815.59184098,38.15591841,9.55640274,0.00000000,0.48390016,0.00100000
hotspot,100,12015,alns_no_refine,1.00000000,7,4281.92228916,42.81922289,7.30821405,0.00000000,0.54939223,0.00600000
hotspot,100,12015,fixed_gno_refine,1.00000000,10,7190.78622168,71.90786222,17.88135534,0.00000000,0.65519414,0.00600000
hotspot,100,12015,alns_sca_lite,1.00000000,7,6996.91697348,69.96916973,14.80642234,0.00000000,0.72013783,0.00900000
hotspot,100,12015,pso_low_3x4,0.91000000,7,2150.02795309,21.50027953,0.00000000,0.09000000,0.43676980,0.00200000
hotspot,100,12015,pso_mid_6x8,1.00000000,7,3273.55087207,32.73550872,0.88313995,0.00000000,0.23379104,0.01000000
hotspot,100,12015,pso_high_12x16,1.00000000,7,5932.65075473,59.32650755,2.66073383,0.00000000,0.34239612,0.03500000
hotspot,100,12016,kmeans_grid,0.78000000,5,6047.71722145,60.47717221,0.00000000,0.22000000,0.47623341,0.00100000
hotspot,100,12016,gno,1.00000000,10,3142.25542724,31.42255427,6.05670162,0.00000000,0.46387092,0.00100000
hotspot,100,12016,alns_no_refine,1.00000000,6,4094.40679185,40.94406792,5.74993181,0.00000000,0.54755820,0.00400000
hotspot,100,12016,fixed_gno_refine,1.00000000,10,6038.84975479,60.38849755,18.67117117,0.00000000,0.69834423,0.00700000
hotspot,100,12016,alns_sca_lite,1.00000000,7,5169.20832495,51.69208325,10.26975958,0.00000000,0.65433885,0.01100000
hotspot,100,12016,pso_low_3x4,0.98000000,7,3097.17057590,30.97170576,0.69367033,0.02000000,0.28652428,0.00300000
hotspot,100,12016,pso_mid_6x8,1.00000000,7,2488.32035731,24.88320357,2.20899076,0.00000000,0.44844000,0.01200000
hotspot,100,12016,pso_high_12x16,1.00000000,7,3521.10376409,35.21103764,1.57457527,0.00000000,0.32822111,0.04800000
hotspot,100,12017,kmeans_grid,0.75000000,5,6670.50342481,66.70503425,0.00000000,0.25000000,0.48438149,0.00000000
hotspot,100,12017,gno,1.00000000,10,4038.68455073,40.38684551,8.11032713,0.00000000,0.37827658,0.00100000
hotspot,100,12017,alns_no_refine,1.00000000,6,5691.37595442,56.91375954,12.97399300,0.00000000,0.52032468,0.00500000
hotspot,100,12017,fixed_gno_refine,1.00000000,10,4038.68455073,40.38684551,8.11032713,0.00000000,0.37827658,0.00700000
hotspot,100,12017,alns_sca_lite,1.00000000,6,5653.35521027,56.53355210,9.50961042,0.00000000,0.54739120,0.00900000
hotspot,100,12017,pso_low_3x4,0.99000000,6,1954.88144810,19.54881448,1.54713023,0.01000000,0.31187033,0.00200000
hotspot,100,12017,pso_mid_6x8,0.99000000,6,2233.82286590,22.33822866,1.42284454,0.01000000,0.30398641,0.01000000
hotspot,100,12017,pso_high_12x16,1.00000000,6,3520.57884754,35.20578848,1.17361891,0.00000000,0.29691627,0.03800000
hotspot,100,12018,kmeans_grid,0.81000000,5,6238.59924150,62.38599241,0.00000000,0.19000000,0.49437361,0.00000000
hotspot,100,12018,gno,0.98000000,10,2832.17717267,28.32177173,5.22881396,0.02000000,0.57112927,0.00100000
hotspot,100,12018,alns_no_refine,0.98000000,6,3896.51377451,38.96513775,2.64569207,0.02000000,0.65680487,0.00500000
hotspot,100,12018,fixed_gno_refine,1.00000000,10,6135.13005449,61.35130054,16.83337184,0.00000000,0.78956342,0.00800000
hotspot,100,12018,alns_sca_lite,1.00000000,7,4816.44192231,48.16441922,12.21031916,0.00000000,0.70194076,0.01200000
hotspot,100,12018,pso_low_3x4,0.98000000,7,2169.11365908,21.69113659,1.19159870,0.02000000,0.37604785,0.00400000
hotspot,100,12018,pso_mid_6x8,0.97000000,7,2484.31391107,24.84313911,1.87889553,0.03000000,0.24129514,0.01100000
hotspot,100,12018,pso_high_12x16,1.00000000,7,4207.24003121,42.07240031,7.11487784,0.00000000,0.41681271,0.04800000
hotspot,100,12019,kmeans_grid,0.63000000,5,5693.75897266,56.93758973,0.00000000,0.37000000,0.33565091,0.00000000
hotspot,100,12019,gno,0.96000000,10,3310.17107670,33.10171077,4.47270753,0.04000000,0.53130202,0.00100000
hotspot,100,12019,alns_no_refine,0.96000000,6,4575.96815665,45.75968157,9.17967302,0.04000000,0.57656734,0.00500000
hotspot,100,12019,fixed_gno_refine,1.00000000,10,6354.98453848,63.54984538,20.29416439,0.00000000,0.67517619,0.00600000
hotspot,100,12019,alns_sca_lite,0.99000000,6,6921.97685035,69.21976850,17.11996904,0.01000000,0.66569654,0.01000000
hotspot,100,12019,pso_low_3x4,0.90000000,6,2986.08845071,29.86088451,0.00000000,0.10000000,0.29803662,0.00100000
hotspot,100,12019,pso_mid_6x8,1.00000000,6,2712.22231043,27.12222310,3.32096326,0.00000000,0.39991872,0.00900000
hotspot,100,12019,pso_high_12x16,1.00000000,6,3462.58398176,34.62583982,3.10807952,0.00000000,0.34155172,0.03900000
hotspot,100,12020,kmeans_grid,0.82000000,5,6118.15697236,61.18156972,0.00000000,0.18000000,0.48750894,0.00000000
hotspot,100,12020,gno,0.99000000,10,3159.96810406,31.59968104,3.50182656,0.01000000,0.47516506,0.00100000
hotspot,100,12020,alns_no_refine,0.99000000,6,4336.48384947,43.36483849,2.16185117,0.01000000,0.55633567,0.02300000
hotspot,100,12020,fixed_gno_refine,1.00000000,10,6235.85678350,62.35856783,18.91293634,0.00000000,0.74555075,0.00900000
hotspot,100,12020,alns_sca_lite,0.99000000,7,6796.54317034,67.96543170,14.86642369,0.01000000,0.68378336,0.01200000
hotspot,100,12020,pso_low_3x4,0.98000000,7,2504.54851662,25.04548517,1.98568081,0.02000000,0.27238190,0.00300000
hotspot,100,12020,pso_mid_6x8,1.00000000,7,3413.65914578,34.13659146,2.70647949,0.00000000,0.37365512,0.00700000
hotspot,100,12020,pso_high_12x16,1.00000000,7,3277.90890868,32.77908909,2.44329529,0.00000000,0.26459270,0.04000000
hotspot,100,12021,kmeans_grid,0.76000000,5,6658.04931454,66.58049315,0.00000000,0.24000000,0.47016490,0.00100000
hotspot,100,12021,gno,0.99000000,10,3474.62626408,34.74626264,7.25326184,0.01000000,0.48379798,0.00000000
hotspot,100,12021,alns_no_refine,0.99000000,6,4397.22792485,43.97227925,9.16238205,0.01000000,0.49939640,0.00500000
hotspot,100,12021,fixed_gno_refine,1.00000000,10,7831.95881845,78.31958818,20.77804897,0.00000000,0.70949695,0.00600000
hotspot,100,12021,alns_sca_lite,1.00000000,7,6859.73425818,68.59734258,14.96491399,0.00000000,0.60386930,0.01100000
hotspot,100,12021,pso_low_3x4,1.00000000,7,2489.31792802,24.89317928,1.06131186,0.00000000,0.52125147,0.00300000
hotspot,100,12021,pso_mid_6x8,1.00000000,7,3922.97690653,39.22976907,2.14620154,0.00000000,0.20949653,0.01200000
hotspot,100,12021,pso_high_12x16,1.00000000,7,3463.09507879,34.63095079,1.56776473,0.00000000,0.30080125,0.04000000
hotspot,100,12022,kmeans_grid,0.78000000,5,7054.65926092,70.54659261,0.00000000,0.22000000,0.51829806,0.00000000
hotspot,100,12022,gno,0.99000000,10,3842.10357378,38.42103574,7.54242372,0.01000000,0.57840365,0.00100000
hotspot,100,12022,alns_no_refine,0.99000000,6,4521.44458579,45.21444586,8.17632886,0.01000000,0.62626888,0.00400000
hotspot,100,12022,fixed_gno_refine,1.00000000,10,6325.94854730,63.25948547,21.31037815,0.00000000,0.69814729,0.00600000
hotspot,100,12022,alns_sca_lite,1.00000000,8,5614.18968659,56.14189687,15.38075794,0.00000000,0.71554578,0.01200000
hotspot,100,12022,pso_low_3x4,0.95000000,8,3267.97138388,32.67971384,0.00000000,0.05000000,0.32446646,0.00300000
hotspot,100,12022,pso_mid_6x8,1.00000000,8,2945.66262759,29.45662628,4.23026123,0.00000000,0.39933529,0.01000000
hotspot,100,12022,pso_high_12x16,1.00000000,8,4350.11985081,43.50119851,2.34608606,0.00000000,0.32739151,0.05200000
hotspot,100,12023,kmeans_grid,0.75000000,5,4868.24095374,48.68240954,0.00000000,0.25000000,0.34507970,0.00100000
hotspot,100,12023,gno,1.00000000,10,2455.71111770,24.55711118,6.71453426,0.00000000,0.40164203,0.00000000
hotspot,100,12023,alns_no_refine,1.00000000,6,3085.01489526,30.85014895,3.41624634,0.00000000,0.48179898,0.00500000
hotspot,100,12023,fixed_gno_refine,1.00000000,10,6178.58041613,61.78580416,18.38062507,0.00000000,0.76412626,0.00800000
hotspot,100,12023,alns_sca_lite,1.00000000,7,4942.14327590,49.42143276,3.67858354,0.00000000,0.62976090,0.01100000
hotspot,100,12023,pso_low_3x4,1.00000000,7,1784.29892257,17.84298923,1.36000403,0.00000000,0.31339484,0.00300000
hotspot,100,12023,pso_mid_6x8,1.00000000,7,2143.39240220,21.43392402,0.86052599,0.00000000,0.25451783,0.01100000
hotspot,100,12023,pso_high_12x16,1.00000000,7,3338.29927865,33.38299279,1.20813243,0.00000000,0.20605772,0.07700000
hotspot,100,12024,kmeans_grid,0.80000000,5,5836.44584629,58.36445846,0.00000000,0.20000000,0.45788842,0.00000000
hotspot,100,12024,gno,1.00000000,10,3284.52378372,32.84523784,9.49462356,0.00000000,0.52845676,0.00100000
hotspot,100,12024,alns_no_refine,1.00000000,6,5118.72597394,51.18725974,7.55299484,0.00000000,0.52660799,0.00600000
hotspot,100,12024,fixed_gno_refine,1.00000000,10,6699.27737608,66.99277376,17.87992525,0.00000000,0.70463221,0.00900000
hotspot,100,12024,alns_sca_lite,1.00000000,8,4726.07332339,47.26073323,10.57014079,0.00000000,0.67092964,0.01300000
hotspot,100,12024,pso_low_3x4,1.00000000,8,1986.00286993,19.86002870,1.20429093,0.00000000,0.28401679,0.00300000
hotspot,100,12024,pso_mid_6x8,1.00000000,8,3231.54232356,32.31542324,1.29153363,0.00000000,0.41137897,0.02000000
hotspot,100,12024,pso_high_12x16,1.00000000,8,4042.55748699,40.42557487,1.44553297,0.00000000,0.37698759,0.05700000
hotspot,100,12025,kmeans_grid,0.73000000,5,5937.88077299,59.37880773,0.00000000,0.27000000,0.41944782,0.00000000
hotspot,100,12025,gno,0.99000000,10,2683.35976859,26.83359769,5.55233393,0.01000000,0.47162575,0.00100000
hotspot,100,12025,alns_no_refine,0.99000000,6,3727.69163973,37.27691640,9.99313890,0.01000000,0.61560584,0.00400000
hotspot,100,12025,fixed_gno_refine,1.00000000,10,5691.01780294,56.91017803,17.49923699,0.00000000,0.61008595,0.01200000
hotspot,100,12025,alns_sca_lite,0.99000000,6,7206.18301912,72.06183019,8.74389643,0.01000000,0.53187875,0.01500000
hotspot,100,12025,pso_low_3x4,0.94000000,6,1995.69405928,19.95694059,0.00000000,0.06000000,0.40416368,0.00200000
hotspot,100,12025,pso_mid_6x8,1.00000000,6,3100.50156078,31.00501561,1.60702876,0.00000000,0.26969911,0.02300000
hotspot,100,12025,pso_high_12x16,1.00000000,6,4722.79871893,47.22798719,1.83830233,0.00000000,0.27215560,0.05100000
hotspot,100,12026,kmeans_grid,0.66000000,5,4891.72310830,48.91723108,0.00000000,0.34000000,0.33962887,0.00000000
hotspot,100,12026,gno,0.99000000,10,3692.37183606,36.92371836,9.80613469,0.01000000,0.50777634,0.00100000
hotspot,100,12026,alns_no_refine,0.99000000,6,5264.67129410,52.64671294,12.76844262,0.01000000,0.63860682,0.00600000
hotspot,100,12026,fixed_gno_refine,1.00000000,10,5347.48683395,53.47486834,15.07918693,0.00000000,0.71397223,0.01100000
hotspot,100,12026,alns_sca_lite,1.00000000,7,6289.12689910,62.89126899,17.63536589,0.00000000,0.67561467,0.01400000
hotspot,100,12026,pso_low_3x4,1.00000000,7,2729.68857661,27.29688577,0.80134387,0.00000000,0.24322546,0.00400000
hotspot,100,12026,pso_mid_6x8,1.00000000,7,3035.05417441,30.35054174,1.11991380,0.00000000,0.49835459,0.01800000
hotspot,100,12026,pso_high_12x16,1.00000000,7,3418.13748928,34.18137489,2.23827439,0.00000000,0.28112065,0.05300000
hotspot,100,12027,kmeans_grid,0.78000000,5,6855.42630503,68.55426305,0.00000000,0.22000000,0.45745514,0.00100000
hotspot,100,12027,gno,0.99000000,10,2932.70590555,29.32705906,6.77676421,0.01000000,0.58571505,0.00100000
hotspot,100,12027,alns_no_refine,0.99000000,6,4966.83832179,49.66838322,10.54121725,0.01000000,0.49827258,0.00400000
hotspot,100,12027,fixed_gno_refine,1.00000000,10,5373.84177391,53.73841774,15.31876901,0.00000000,0.67544930,0.00800000
hotspot,100,12027,alns_sca_lite,1.00000000,6,6889.27760395,68.89277604,14.41309820,0.00000000,0.70847916,0.01100000
hotspot,100,12027,pso_low_3x4,0.95000000,6,2376.73393223,23.76733932,0.00000000,0.05000000,0.25354084,0.00300000
hotspot,100,12027,pso_mid_6x8,0.99000000,6,3011.04072626,30.11040726,3.36570227,0.01000000,0.39027434,0.01000000
hotspot,100,12027,pso_high_12x16,1.00000000,6,4675.03654406,46.75036544,7.30350229,0.00000000,0.37677069,0.03500000
hotspot,100,12028,kmeans_grid,0.79000000,5,6784.19677235,67.84196772,0.00000000,0.21000000,0.55701460,0.00100000
hotspot,100,12028,gno,1.00000000,10,3595.84881777,35.95848818,7.51896795,0.00000000,0.52260612,0.00000000
hotspot,100,12028,alns_no_refine,1.00000000,6,5082.88885937,50.82888859,5.70847270,0.00000000,0.55918894,0.00600000
hotspot,100,12028,fixed_gno_refine,1.00000000,10,6455.74962490,64.55749625,17.15135366,0.00000000,0.77407056,0.00900000
hotspot,100,12028,alns_sca_lite,1.00000000,6,6872.41302048,68.72413020,16.31666730,0.00000000,0.72297723,0.01100000
hotspot,100,12028,pso_low_3x4,0.92000000,6,2872.23921912,28.72239219,0.00000000,0.08000000,0.22764293,0.00300000
hotspot,100,12028,pso_mid_6x8,1.00000000,6,4047.88083994,40.47880840,1.18767961,0.00000000,0.34449963,0.01100000
hotspot,100,12028,pso_high_12x16,1.00000000,6,4925.22563694,49.25225637,6.05775334,0.00000000,0.46364271,0.04700000
hotspot,100,12029,kmeans_grid,0.75000000,5,7130.79120446,71.30791204,0.00000000,0.25000000,0.53609371,0.00100000
hotspot,100,12029,gno,0.99000000,10,3961.17272985,39.61172730,6.29462450,0.01000000,0.48470990,0.00100000
hotspot,100,12029,alns_no_refine,0.99000000,8,4554.54783168,45.54547832,7.98015514,0.01000000,0.55356064,0.00500000
hotspot,100,12029,fixed_gno_refine,1.00000000,10,7411.24698686,74.11246987,17.23800002,0.00000000,0.71734731,0.00700000
hotspot,100,12029,alns_sca_lite,1.00000000,7,7547.30430631,75.47304306,14.99173485,0.00000000,0.68146160,0.01100000
hotspot,100,12029,pso_low_3x4,1.00000000,7,2800.07180240,28.00071802,0.55656650,0.00000000,0.51055990,0.00300000
hotspot,100,12029,pso_mid_6x8,1.00000000,7,3086.07726337,30.86077263,0.61916861,0.00000000,0.23251254,0.01000000
hotspot,100,12029,pso_high_12x16,1.00000000,7,6907.05947983,69.07059480,1.01651082,0.00000000,0.34878723,0.03900000
hotspot,200,12100,kmeans_grid,0.83000000,10,10149.25912351,50.74629562,0.00000000,0.17000000,0.48733981,0.00200000
hotspot,200,12100,gno,0.99500000,20,3943.18360577,19.71591803,3.55863172,0.00500000,0.39818231,0.00300000
hotspot,200,12100,alns_no_refine,0.99500000,11,5424.08228710,27.12041144,4.18484129,0.00500000,0.41035248,0.02200000
hotspot,200,12100,fixed_gno_refine,1.00000000,20,9741.14936426,48.70574682,15.87204244,0.00000000,0.64226525,0.02700000
hotspot,200,12100,alns_sca_lite,1.00000000,13,10535.96446927,52.67982235,12.09863558,0.00000000,0.63930587,0.04500000
hotspot,200,12100,pso_low_3x4,0.84000000,13,2746.93567276,13.73467836,0.00000000,0.16000000,0.32114415,0.01100000
hotspot,200,12100,pso_mid_6x8,0.99000000,13,3343.67910319,16.71839552,1.05745448,0.01000000,0.39755761,0.05100000
hotspot,200,12100,pso_high_12x16,1.00000000,13,3077.34820578,15.38674103,2.23221472,0.00000000,0.47709223,0.17700000
hotspot,200,12101,kmeans_grid,0.76500000,10,10608.93103080,53.04465515,0.00000000,0.23500000,0.46584315,0.00200000
hotspot,200,12101,gno,0.97500000,20,4124.33658816,20.62168294,1.33598778,0.02500000,0.44725405,0.00200000
hotspot,200,12101,alns_no_refine,0.97500000,11,6185.60425688,30.92802128,1.36379803,0.02500000,0.39233439,0.01800000
hotspot,200,12101,fixed_gno_refine,1.00000000,20,10335.15485226,51.67577426,14.99293333,0.00000000,0.59280270,0.02400000
hotspot,200,12101,alns_sca_lite,1.00000000,13,10746.70774608,53.73353873,13.12708886,0.00000000,0.64284199,0.05000000
hotspot,200,12101,pso_low_3x4,0.90500000,13,2997.28044544,14.98640223,0.00000000,0.09500000,0.31628347,0.00900000
hotspot,200,12101,pso_mid_6x8,0.99500000,13,3432.20106265,17.16100531,0.97834447,0.00500000,0.47502838,0.04700000
hotspot,200,12101,pso_high_12x16,1.00000000,13,3382.91504368,16.91457522,1.50875699,0.00000000,0.22949345,0.15900000
hotspot,200,12102,kmeans_grid,0.83000000,10,10743.03590264,53.71517951,0.00000000,0.17000000,0.43079440,0.00200000
hotspot,200,12102,gno,1.00000000,20,3769.01521017,18.84507605,3.29232777,0.00000000,0.44491251,0.00200000
hotspot,200,12102,alns_no_refine,1.00000000,13,4757.30454261,23.78652271,3.70711221,0.00000000,0.49739864,0.02100000
hotspot,200,12102,fixed_gno_refine,1.00000000,20,9490.31573268,47.45157866,15.73251045,0.00000000,0.60910789,0.02300000
hotspot,200,12102,alns_sca_lite,1.00000000,12,10998.31372147,54.99156861,12.09294617,0.00000000,0.49695107,0.03800000
hotspot,200,12102,pso_low_3x4,0.88500000,12,3061.81331784,15.30906659,0.00000000,0.11500000,0.32751747,0.00900000
hotspot,200,12102,pso_mid_6x8,0.98500000,12,2684.26679587,13.42133398,0.89789963,0.01500000,0.24519717,0.03300000
hotspot,200,12102,pso_high_12x16,1.00000000,12,4830.73201940,24.15366010,1.44233272,0.00000000,0.26775032,0.15400000
hotspot,200,12103,kmeans_grid,0.87000000,10,11460.08924524,57.30044623,0.00000000,0.13000000,0.54787007,0.00200000
hotspot,200,12103,gno,0.99000000,20,3536.94926771,17.68474634,3.61633795,0.01000000,0.57342091,0.00200000
hotspot,200,12103,alns_no_refine,0.99000000,12,5206.74370420,26.03371852,2.78835488,0.01000000,0.50400881,0.01900000
hotspot,200,12103,fixed_gno_refine,1.00000000,20,8608.33540995,43.04167705,13.99220553,0.00000000,0.62105850,0.02000000
hotspot,200,12103,alns_sca_lite,1.00000000,12,10202.94183049,51.01470915,7.69968417,0.00000000,0.53907190,0.03700000
hotspot,200,12103,pso_low_3x4,0.93000000,12,3237.82811177,16.18914056,0.00000000,0.07000000,0.34192053,0.00900000
hotspot,200,12103,pso_mid_6x8,0.96000000,12,3687.46050758,18.43730254,0.71035320,0.04000000,0.21057194,0.03100000
hotspot,200,12103,pso_high_12x16,1.00000000,12,4135.68493164,20.67842466,0.78468499,0.00000000,0.29907337,0.14400000
hotspot,200,12104,kmeans_grid,0.80500000,10,10723.65246163,53.61826231,0.00000000,0.19500000,0.52955822,0.00200000
hotspot,200,12104,gno,1.00000000,20,4125.88108062,20.62940540,3.91239999,0.00000000,0.47213622,0.00200000
hotspot,200,12104,alns_no_refine,1.00000000,11,5991.24805322,29.95624027,5.12343373,0.00000000,0.45737494,0.01900000
hotspot,200,12104,fixed_gno_refine,1.00000000,20,9066.30100947,45.33150505,14.48844121,0.00000000,0.66872766,0.02200000
hotspot,200,12104,alns_sca_lite,1.00000000,14,9658.75629759,48.29378149,9.98312782,0.00000000,0.67979847,0.04000000
hotspot,200,12104,pso_low_3x4,0.97500000,14,4330.67875136,21.65339376,0.77467282,0.02500000,0.40766486,0.01400000
hotspot,200,12104,pso_mid_6x8,1.00000000,14,3936.74560360,19.68372802,1.37313742,0.00000000,0.34601716,0.04000000
hotspot,200,12104,pso_high_12x16,1.00000000,14,4756.38359608,23.78191798,1.15246049,0.00000000,0.37351618,0.18000000
hotspot,200,12105,kmeans_grid,0.79500000,10,10225.73659643,51.12868298,0.00000000,0.20500000,0.50273606,0.00200000
hotspot,200,12105,gno,1.00000000,20,4642.14929831,23.21074649,3.40875193,0.00000000,0.50676365,0.00200000
hotspot,200,12105,alns_no_refine,1.00000000,11,6596.12116772,32.98060584,2.02069310,0.00000000,0.55347157,0.02000000
hotspot,200,12105,fixed_gno_refine,1.00000000,20,9620.49493259,48.10247466,15.89443362,0.00000000,0.71963456,0.02300000
hotspot,200,12105,alns_sca_lite,1.00000000,14,10207.34284288,51.03671421,13.67791280,0.00000000,0.68197830,0.04300000
hotspot,200,12105,pso_low_3x4,0.97000000,14,2396.66756225,11.98333781,0.63261434,0.03000000,0.27808746,0.01000000
hotspot,200,12105,pso_mid_6x8,0.97500000,14,4325.48466063,21.62742330,0.69484376,0.02500000,0.37280151,0.04700000
hotspot,200,12105,pso_high_12x16,1.00000000,14,4637.89550447,23.18947752,2.26555049,0.00000000,0.23701996,0.18000000
hotspot,200,12106,kmeans_grid,0.80500000,10,11298.65417069,56.49327085,0.00000000,0.19500000,0.52078062,0.00200000
hotspot,200,12106,gno,1.00000000,20,4336.25401845,21.68127009,5.51370417,0.00000000,0.60105584,0.00200000
hotspot,200,12106,alns_no_refine,1.00000000,11,5871.63364222,29.35816821,3.23734980,0.00000000,0.52296476,0.01900000
hotspot,200,12106,fixed_gno_refine,1.00000000,20,10171.29954733,50.85649774,16.14325499,0.00000000,0.66240513,0.03500000
hotspot,200,12106,alns_sca_lite,1.00000000,12,11666.36741983,58.33183710,13.48061597,0.00000000,0.57753581,0.04100000
hotspot,200,12106,pso_low_3x4,0.91000000,12,2536.06092164,12.68030461,0.00000000,0.09000000,0.37587741,0.01200000
hotspot,200,12106,pso_mid_6x8,0.97000000,12,3279.20501932,16.39602510,1.39323093,0.03000000,0.30952247,0.03700000
hotspot,200,12106,pso_high_12x16,0.99000000,12,2916.05297259,14.58026486,0.59587167,0.01000000,0.48856405,0.15600000
hotspot,200,12107,kmeans_grid,0.75500000,10,8998.55041827,44.99275209,0.00000000,0.24500000,0.48887118,0.00200000
hotspot,200,12107,gno,0.99000000,20,3937.36702787,19.68683514,4.49880389,0.01000000,0.44201685,0.00200000
hotspot,200,12107,alns_no_refine,0.99000000,12,5168.22620544,25.84113103,2.84633731,0.01000000,0.53546506,0.02300000
hotspot,200,12107,fixed_gno_refine,1.00000000,20,8199.11929590,40.99559648,12.51786529,0.00000000,0.63555348,0.02300000
hotspot,200,12107,alns_sca_lite,1.00000000,12,8311.21178816,41.55605894,10.78442029,0.00000000,0.64356170,0.03800000
hotspot,200,12107,pso_low_3x4,0.91500000,12,2813.27604600,14.06638023,0.00000000,0.08500000,0.46286045,0.01000000
hotspot,200,12107,pso_mid_6x8,0.96000000,12,3061.52232734,15.30761164,0.54380621,0.04000000,0.35187743,0.03800000
hotspot,200,12107,pso_high_12x16,1.00000000,12,4036.24325803,20.18121629,0.77290404,0.00000000,0.19584782,0.16200000
hotspot,200,12108,kmeans_grid,0.81500000,10,10514.25681506,52.57128408,0.00000000,0.18500000,0.54117276,0.00200000
hotspot,200,12108,gno,0.99000000,20,4036.96732964,20.18483665,3.57509076,0.01000000,0.53352497,0.00200000
hotspot,200,12108,alns_no_refine,0.99000000,11,5524.19421277,27.62097106,2.36774740,0.01000000,0.54615704,0.02100000
hotspot,200,12108,fixed_gno_refine,1.00000000,20,8581.21435756,42.90607179,15.07794078,0.00000000,0.68804650,0.02500000
hotspot,200,12108,alns_sca_lite,1.00000000,14,11107.99260983,55.53996305,12.23459756,0.00000000,0.62275864,0.04200000
hotspot,200,12108,pso_low_3x4,0.94500000,14,2619.47973030,13.09739865,0.00000000,0.05500000,0.32171884,0.01300000
hotspot,200,12108,pso_mid_6x8,1.00000000,14,3083.33903464,15.41669517,0.97738328,0.00000000,0.48307720,0.04600000
hotspot,200,12108,pso_high_12x16,1.00000000,14,3923.85974633,19.61929873,1.10388253,0.00000000,0.40834645,0.15900000
hotspot,200,12109,kmeans_grid,0.76500000,10,9492.98951316,47.46494757,0.00000000,0.23500000,0.49408218,0.00100000
hotspot,200,12109,gno,0.99000000,20,3652.59687701,18.26298439,4.22592763,0.01000000,0.51467894,0.00300000
hotspot,200,12109,alns_no_refine,0.99000000,12,5604.82367928,28.02411840,4.11112354,0.01000000,0.64159442,0.02100000
hotspot,200,12109,fixed_gno_refine,1.00000000,20,9028.83650275,45.14418251,13.46852262,0.00000000,0.51482531,0.02400000
hotspot,200,12109,alns_sca_lite,1.00000000,13,11019.25412335,55.09627062,14.82532386,0.00000000,0.58554526,0.04100000
hotspot,200,12109,pso_low_3x4,0.94500000,13,3771.61312219,18.85806561,0.00000000,0.05500000,0.17422205,0.01300000
hotspot,200,12109,pso_mid_6x8,0.91000000,13,1597.17163206,7.98585816,0.00000000,0.09000000,0.32758624,0.03400000
hotspot,200,12109,pso_high_12x16,1.00000000,13,3719.51866291,18.59759331,2.04230101,0.00000000,0.18102525,0.15800000
hotspot,200,12110,kmeans_grid,0.83500000,10,9329.51111810,46.64755559,0.00000000,0.16500000,0.54225438,0.00200000
hotspot,200,12110,gno,0.99500000,20,4656.38568828,23.28192844,3.76294323,0.00500000,0.43804478,0.00200000
hotspot,200,12110,alns_no_refine,0.99500000,12,6167.14047272,30.83570236,2.36307076,0.00500000,0.50736477,0.02000000
hotspot,200,12110,fixed_gno_refine,1.00000000,20,9333.16265137,46.66581326,17.41898037,0.00000000,0.76965103,0.02300000
hotspot,200,12110,alns_sca_lite,1.00000000,13,10234.35283007,51.17176415,11.84754100,0.00000000,0.58663517,0.03900000
hotspot,200,12110,pso_low_3x4,0.94000000,13,2430.34444197,12.15172221,0.00000000,0.06000000,0.17584735,0.01300000
hotspot,200,12110,pso_mid_6x8,0.99500000,13,2684.65993691,13.42329968,1.21020529,0.00500000,0.33288840,0.04100000
hotspot,200,12110,pso_high_12x16,1.00000000,13,2751.61540814,13.75807704,1.85388225,0.00000000,0.24205661,0.14700000
hotspot,200,12111,kmeans_grid,0.87000000,10,11688.59654483,58.44298272,0.00000000,0.13000000,0.45836942,0.00200000
hotspot,200,12111,gno,1.00000000,20,6424.84257188,32.12421286,3.96238732,0.00000000,0.30046261,0.00200000
hotspot,200,12111,alns_no_refine,1.00000000,11,8299.34771625,41.49673858,4.21501792,0.00000000,0.41021397,0.01900000
hotspot,200,12111,fixed_gno_refine,1.00000000,20,10715.35549474,53.57677747,17.39932283,0.00000000,0.49035446,0.02400000
hotspot,200,12111,alns_sca_lite,1.00000000,12,10943.75264835,54.71876324,3.29646763,0.00000000,0.56762315,0.03900000
hotspot,200,12111,pso_low_3x4,0.87500000,12,3523.89252110,17.61946261,0.00000000,0.12500000,0.23049023,0.01000000
hotspot,200,12111,pso_mid_6x8,0.96500000,12,2481.91703756,12.40958519,0.55549410,0.03500000,0.35456632,0.03400000
hotspot,200,12111,pso_high_12x16,1.00000000,12,2623.41867511,13.11709338,1.20999929,0.00000000,0.40242541,0.14600000
hotspot,200,12112,kmeans_grid,0.78000000,10,10648.47621078,53.24238105,0.00000000,0.22000000,0.49235856,0.00200000
hotspot,200,12112,gno,1.00000000,20,5350.22874636,26.75114373,4.92003969,0.00000000,0.41933587,0.00200000
hotspot,200,12112,alns_no_refine,1.00000000,12,7885.22696079,39.42613480,4.86469248,0.00000000,0.54427591,0.02500000
hotspot,200,12112,fixed_gno_refine,1.00000000,20,10349.44006943,51.74720035,16.75222394,0.00000000,0.68849700,0.02200000
hotspot,200,12112,alns_sca_lite,1.00000000,13,10076.41778312,50.38208892,6.40112596,0.00000000,0.54533258,0.03900000
hotspot,200,12112,pso_low_3x4,0.89000000,13,2266.49554904,11.33247775,0.00000000,0.11000000,0.29336896,0.01100000
hotspot,200,12112,pso_mid_6x8,0.96000000,13,2891.91394438,14.45956972,0.64232828,0.04000000,0.34499230,0.04100000
hotspot,200,12112,pso_high_12x16,1.00000000,13,3899.58458356,19.49792292,2.40783566,0.00000000,0.16875931,0.14200000
hotspot,200,12113,kmeans_grid,0.79000000,10,8551.77833717,42.75889169,0.00000000,0.21000000,0.49085694,0.00200000
hotspot,200,12113,gno,0.99000000,20,3381.23123914,16.90615620,2.93773870,0.01000000,0.53166104,0.00200000
hotspot,200,12113,alns_no_refine,0.99000000,11,5330.21839570,26.65109198,3.62731531,0.01000000,0.57658653,0.02200000
hotspot,200,12113,fixed_gno_refine,1.00000000,20,7810.11453679,39.05057268,16.50160466,0.00000000,0.71965608,0.02300000
hotspot,200,12113,alns_sca_lite,1.00000000,13,8751.96790187,43.75983951,11.68103503,0.00000000,0.60583622,0.04200000
hotspot,200,12113,pso_low_3x4,0.95000000,13,2301.69614207,11.50848071,0.00000000,0.05000000,0.32214754,0.01100000
hotspot,200,12113,pso_mid_6x8,0.98500000,13,2337.76347961,11.68881740,0.93819526,0.01500000,0.29757017,0.04500000
hotspot,200,12113,pso_high_12x16,1.00000000,13,2231.93624596,11.15968123,0.68205012,0.00000000,0.49394119,0.16100000
hotspot,200,12114,kmeans_grid,0.76500000,10,9630.66837361,48.15334187,0.00000000,0.23500000,0.49071772,0.00200000
hotspot,200,12114,gno,0.99500000,20,5223.94849909,26.11974250,3.80991774,0.00500000,0.29453134,0.00200000
hotspot,200,12114,alns_no_refine,0.99500000,12,6484.21825067,32.42109125,3.90776224,0.00500000,0.37340024,0.02100000
hotspot,200,12114,fixed_gno_refine,1.00000000,20,9602.28090344,48.01140452,15.04934405,0.00000000,0.67791235,0.02300000
hotspot,200,12114,alns_sca_lite,1.00000000,13,11338.18423583,56.69092118,12.58670096,0.00000000,0.57393126,0.04300000
hotspot,200,12114,pso_low_3x4,0.83500000,13,3406.53091437,17.03265457,0.00000000,0.16500000,0.46313839,0.01200000
hotspot,200,12114,pso_mid_6x8,0.99500000,13,3299.98195179,16.49990976,1.20629885,0.00500000,0.35700564,0.04800000
hotspot,200,12114,pso_high_12x16,1.00000000,13,3470.25050580,17.35125253,0.78635120,0.00000000,0.22389457,0.16000000
hotspot,200,12115,kmeans_grid,0.79000000,10,9672.28610647,48.36143053,0.00000000,0.21000000,0.36669770,0.00300000
hotspot,200,12115,gno,0.98500000,20,3833.53946829,19.16769734,4.21298476,0.01500000,0.43425962,0.00300000
hotspot,200,12115,alns_no_refine,0.98500000,11,6993.57918477,34.96789592,4.85557520,0.01500000,0.49985141,0.02300000
hotspot,200,12115,fixed_gno_refine,1.00000000,20,8973.03810070,44.86519050,13.70879053,0.00000000,0.55693643,0.02400000
hotspot,200,12115,alns_sca_lite,1.00000000,12,10780.68486351,53.90342432,7.85950299,0.00000000,0.46861198,0.03800000
hotspot,200,12115,pso_low_3x4,0.84000000,12,2428.77473597,12.14387368,0.00000000,0.16000000,0.31441053,0.00900000
hotspot,200,12115,pso_mid_6x8,0.96000000,12,3526.77632256,17.63388161,0.59235378,0.04000000,0.16560322,0.03900000
hotspot,200,12115,pso_high_12x16,1.00000000,12,4897.99681744,24.48998409,1.11666139,0.00000000,0.20654646,0.14500000
hotspot,200,12116,kmeans_grid,0.87000000,10,11498.76153022,57.49380765,0.00000000,0.13000000,0.52989815,0.00300000
hotspot,200,12116,gno,1.00000000,20,4515.89522153,22.57947611,4.24595090,0.00000000,0.52079669,0.00300000
hotspot,200,12116,alns_no_refine,1.00000000,11,6593.84998165,32.96924991,4.87582792,0.00000000,0.57183510,0.01900000
hotspot,200,12116,fixed_gno_refine,1.00000000,20,9863.13171982,49.31565860,13.65488692,0.00000000,0.67719190,0.02300000
hotspot,200,12116,alns_sca_lite,1.00000000,13,10614.73650977,53.07368255,11.64541141,0.00000000,0.58799431,0.04200000
hotspot,200,12116,pso_low_3x4,0.89000000,13,5019.08376360,25.09541882,0.00000000,0.11000000,0.25602175,0.01100000
hotspot,200,12116,pso_mid_6x8,0.92500000,13,2806.97441647,14.03487208,0.00000000,0.07500000,0.18537482,0.03500000
hotspot,200,12116,pso_high_12x16,1.00000000,13,2868.50805992,14.34254030,2.05404233,0.00000000,0.34894548,0.15800000
hotspot,200,12117,kmeans_grid,0.86000000,10,11450.77803523,57.25389018,0.00000000,0.14000000,0.53473373,0.00200000
hotspot,200,12117,gno,0.99500000,20,4476.43253236,22.38216266,3.47551395,0.00500000,0.33849188,0.00300000
hotspot,200,12117,alns_no_refine,0.99500000,12,6192.98438940,30.96492195,5.22550749,0.00500000,0.43171709,0.02200000
hotspot,200,12117,fixed_gno_refine,1.00000000,20,8299.21135804,41.49605679,13.04958062,0.00000000,0.52160439,0.02500000
hotspot,200,12117,alns_sca_lite,1.00000000,13,9902.80441963,49.51402210,12.58738528,0.00000000,0.61757790,0.04100000
hotspot,200,12117,pso_low_3x4,0.85000000,13,2563.92480720,12.81962404,0.00000000,0.15000000,0.36249182,0.01000000
hotspot,200,12117,pso_mid_6x8,0.98500000,13,3354.12076048,16.77060380,1.22315464,0.01500000,0.40879362,0.05400000
hotspot,200,12117,pso_high_12x16,1.00000000,13,2555.51243502,12.77756218,0.74314338,0.00000000,0.27470441,0.16000000
hotspot,200,12118,kmeans_grid,0.90000000,10,10186.79689774,50.93398449,0.00000000,0.10000000,0.53152840,0.00200000
hotspot,200,12118,gno,1.00000000,20,4269.73437304,21.34867187,5.18881966,0.00000000,0.41707659,0.00300000
hotspot,200,12118,alns_no_refine,1.00000000,12,6018.51120609,30.09255603,4.72037497,0.00000000,0.44935515,0.02300000
hotspot,200,12118,fixed_gno_refine,1.00000000,20,9579.14399384,47.89571997,14.89400981,0.00000000,0.62459822,0.02300000
hotspot,200,12118,alns_sca_lite,1.00000000,14,9852.40099241,49.26200496,13.72536245,0.00000000,0.55094798,0.04300000
hotspot,200,12118,pso_low_3x4,0.94500000,14,2634.62670820,13.17313354,0.00000000,0.05500000,0.27302315,0.01200000
hotspot,200,12118,pso_mid_6x8,0.98500000,14,2304.95848137,11.52479241,0.79164768,0.01500000,0.32619589,0.03700000
hotspot,200,12118,pso_high_12x16,1.00000000,14,3561.66875025,17.80834375,1.20509269,0.00000000,0.41841722,0.19300000
hotspot,200,12119,kmeans_grid,0.88000000,10,12386.15177408,61.93075887,0.00000000,0.12000000,0.50732930,0.00200000
hotspot,200,12119,gno,1.00000000,20,5289.06200280,26.44531001,4.79315145,0.00000000,0.37502155,0.00200000
hotspot,200,12119,alns_no_refine,1.00000000,11,7176.66158734,35.88330794,5.29506955,0.00000000,0.42377030,0.02500000
hotspot,200,12119,fixed_gno_refine,1.00000000,20,8486.58437258,42.43292186,13.58018210,0.00000000,0.55728675,0.02600000
hotspot,200,12119,alns_sca_lite,1.00000000,12,11744.39814664,58.72199073,10.22646224,0.00000000,0.55252070,0.04300000
hotspot,200,12119,pso_low_3x4,0.96500000,12,3066.40540855,15.33202704,0.68710234,0.03500000,0.28351996,0.01200000
hotspot,200,12119,pso_mid_6x8,0.98000000,12,2498.82278740,12.49411394,1.09552769,0.02000000,0.36681141,0.03800000
hotspot,200,12119,pso_high_12x16,0.99500000,12,3506.12686686,17.53063433,0.99176341,0.00500000,0.36274663,0.18800000
hotspot,200,12120,kmeans_grid,0.75500000,10,9713.48353698,48.56741768,0.00000000,0.24500000,0.46316684,0.00200000
hotspot,200,12120,gno,1.00000000,20,4719.90894764,23.59954474,3.90204370,0.00000000,0.27942187,0.00300000
hotspot,200,12120,alns_no_refine,1.00000000,12,6307.14200408,31.53571002,4.31500866,0.00000000,0.39768514,0.02400000
hotspot,200,12120,fixed_gno_refine,1.00000000,20,9306.67151479,46.53335757,14.55500505,0.00000000,0.56899679,0.02500000
hotspot,200,12120,alns_sca_lite,1.00000000,13,9518.22523674,47.59112618,9.03584341,0.00000000,0.53987072,0.04300000
hotspot,200,12120,pso_low_3x4,0.88000000,13,3082.28368840,15.41141844,0.00000000,0.12000000,0.30830153,0.01100000
hotspot,200,12120,pso_mid_6x8,0.94000000,13,2884.20605561,14.42103028,0.00000000,0.06000000,0.31934865,0.04200000
hotspot,200,12120,pso_high_12x16,1.00000000,13,2276.98452089,11.38492260,1.11633133,0.00000000,0.17001151,0.15800000
hotspot,200,12121,kmeans_grid,0.77000000,10,9509.36037479,47.54680187,0.00000000,0.23000000,0.49519193,0.00200000
hotspot,200,12121,gno,1.00000000,20,3660.99936169,18.30499681,3.21987285,0.00000000,0.39833120,0.00300000
hotspot,200,12121,alns_no_refine,1.00000000,12,4799.62370193,23.99811851,2.50902760,0.00000000,0.45977775,0.02500000
hotspot,200,12121,fixed_gno_refine,1.00000000,20,7832.51160883,39.16255804,13.85394186,0.00000000,0.67916934,0.02600000
hotspot,200,12121,alns_sca_lite,1.00000000,13,9221.64254223,46.10821271,11.94638717,0.00000000,0.68465070,0.04600000
hotspot,200,12121,pso_low_3x4,0.99500000,13,2170.04715463,10.85023577,1.06696264,0.00500000,0.45329112,0.01300000
hotspot,200,12121,pso_mid_6x8,0.94500000,13,2331.61703587,11.65808518,0.00000000,0.05500000,0.34105672,0.04300000
hotspot,200,12121,pso_high_12x16,1.00000000,13,2367.90594646,11.83952973,0.80720540,0.00000000,0.28151590,0.17500000
hotspot,200,12122,kmeans_grid,0.76000000,10,10618.59377339,53.09296887,0.00000000,0.24000000,0.43467994,0.00200000
hotspot,200,12122,gno,0.99500000,20,4921.58476360,24.60792382,4.78754254,0.00500000,0.53472665,0.00300000
hotspot,200,12122,alns_no_refine,0.99500000,14,6009.48358290,30.04741791,4.62935995,0.00500000,0.56930189,0.03000000
hotspot,200,12122,fixed_gno_refine,1.00000000,20,10478.85652122,52.39428261,10.98477592,0.00000000,0.65317561,0.03100000
hotspot,200,12122,alns_sca_lite,1.00000000,13,10506.45557793,52.53227789,13.24556641,0.00000000,0.63110710,0.05100000
hotspot,200,12122,pso_low_3x4,0.99500000,13,3882.50774538,19.41253873,0.83133461,0.00500000,0.47840851,0.01500000
hotspot,200,12122,pso_mid_6x8,0.97500000,13,4034.25194721,20.17125974,0.76536781,0.02500000,0.30110927,0.04800000
hotspot,200,12122,pso_high_12x16,1.00000000,13,5092.30072517,25.46150363,2.17894621,0.00000000,0.24012792,0.17800000
hotspot,200,12123,kmeans_grid,0.83500000,10,10895.89225464,54.47946127,0.00000000,0.16500000,0.50060803,0.00300000
hotspot,200,12123,gno,0.98500000,20,3888.64453466,19.44322267,2.78730253,0.01500000,0.30242144,0.00200000
hotspot,200,12123,alns_no_refine,0.98500000,12,5479.07960363,27.39539802,2.79025304,0.01500000,0.41505643,0.02700000
hotspot,200,12123,fixed_gno_refine,1.00000000,20,10473.77786637,52.36888933,17.42996985,0.00000000,0.63314810,0.02900000
hotspot,200,12123,alns_sca_lite,1.00000000,13,9394.57137846,46.97285689,10.83238458,0.00000000,0.59388937,0.05500000
hotspot,200,12123,pso_low_3x4,0.96500000,13,3288.72611389,16.44363057,0.73258909,0.03500000,0.35553603,0.01500000
hotspot,200,12123,pso_mid_6x8,0.99500000,13,3077.82871551,15.38914358,1.40196224,0.00500000,0.36948633,0.06100000
hotspot,200,12123,pso_high_12x16,1.00000000,13,2621.92990516,13.10964953,1.78608569,0.00000000,0.32670963,0.20000000
hotspot,200,12124,kmeans_grid,0.75500000,10,10106.41576254,50.53207881,0.00000000,0.24500000,0.45175291,0.00300000
hotspot,200,12124,gno,0.99000000,20,3833.12331512,19.16561658,3.41390798,0.01000000,0.38885572,0.00400000
hotspot,200,12124,alns_no_refine,0.99000000,12,5919.64628180,29.59823141,4.91263770,0.01000000,0.39664068,0.03200000
hotspot,200,12124,fixed_gno_refine,1.00000000,20,8658.14498151,43.29072491,15.77219318,0.00000000,0.70953398,0.03300000
hotspot,200,12124,alns_sca_lite,0.99500000,13,9794.48489373,48.97242447,8.73385290,0.00500000,0.55552421,0.05800000
hotspot,200,12124,pso_low_3x4,0.92000000,13,2204.57569358,11.02287847,0.00000000,0.08000000,0.43776625,0.01600000
hotspot,200,12124,pso_mid_6x8,0.99500000,13,2903.86521368,14.51932607,1.22518186,0.00500000,0.24816678,0.05900000
hotspot,200,12124,pso_high_12x16,1.00000000,13,3237.48314520,16.18741573,1.02059269,0.00000000,0.42357000,0.28800000
hotspot,200,12125,kmeans_grid,0.80500000,10,10376.80320224,51.88401601,0.00000000,0.19500000,0.54106538,0.00300000
hotspot,200,12125,gno,1.00000000,20,4834.31017727,24.17155089,3.77898375,0.00000000,0.48607105,0.00300000
hotspot,200,12125,alns_no_refine,1.00000000,12,7611.02264158,38.05511321,5.20927886,0.00000000,0.45241027,0.03000000
hotspot,200,12125,fixed_gno_refine,1.00000000,20,9844.32614191,49.22163071,16.58878621,0.00000000,0.76246893,0.03300000
hotspot,200,12125,alns_sca_lite,1.00000000,12,10370.41829249,51.85209146,6.02820856,0.00000000,0.47304947,0.05600000
hotspot,200,12125,pso_low_3x4,0.95500000,12,2802.50369352,14.01251847,0.53480671,0.04500000,0.36114096,0.01700000
hotspot,200,12125,pso_mid_6x8,0.98000000,12,3890.86876132,19.45434381,0.94334470,0.02000000,0.35392398,0.06600000
hotspot,200,12125,pso_high_12x16,1.00000000,12,3137.52164883,15.68760824,1.80838213,0.00000000,0.34586146,0.47100000
hotspot,200,12126,kmeans_grid,0.84500000,10,10464.72455450,52.32362277,0.00000000,0.15500000,0.46263303,0.00400000
hotspot,200,12126,gno,1.00000000,20,5160.42380005,25.80211900,4.28754073,0.00000000,0.46560642,0.00300000
hotspot,200,12126,alns_no_refine,1.00000000,14,6767.02932860,33.83514664,5.40224575,0.00000000,0.56665364,0.03700000
hotspot,200,12126,fixed_gno_refine,1.00000000,20,9101.92969984,45.50964850,14.61299047,0.00000000,0.55914659,0.03600000
hotspot,200,12126,alns_sca_lite,1.00000000,13,11161.90829611,55.80954148,8.50582252,0.00000000,0.58365432,0.05900000
hotspot,200,12126,pso_low_3x4,0.96000000,13,3324.60211160,16.62301056,0.72390499,0.04000000,0.48470376,0.01600000
hotspot,200,12126,pso_mid_6x8,0.99500000,13,4211.28248049,21.05641240,1.55866178,0.00500000,0.40937667,0.07700000
hotspot,200,12126,pso_high_12x16,1.00000000,13,3740.26935496,18.70134677,1.07263954,0.00000000,0.30668060,0.23000000
hotspot,200,12127,kmeans_grid,0.80000000,10,10471.52512132,52.35762561,0.00000000,0.20000000,0.52747973,0.00300000
hotspot,200,12127,gno,1.00000000,20,4840.19935046,24.20099675,7.69991971,0.00000000,0.55504317,0.00400000
hotspot,200,12127,alns_no_refine,1.00000000,11,7908.86279933,39.54431400,5.88923603,0.00000000,0.41670429,0.03400000
hotspot,200,12127,fixed_gno_refine,1.00000000,20,9404.36012744,47.02180064,15.75636601,0.00000000,0.72966458,0.03100000
hotspot,200,12127,alns_sca_lite,1.00000000,13,11021.43231632,55.10716158,11.41985844,0.00000000,0.55042196,0.06200000
hotspot,200,12127,pso_low_3x4,0.89000000,13,2958.79044698,14.79395223,0.00000000,0.11000000,0.36773133,0.01500000
hotspot,200,12127,pso_mid_6x8,0.99500000,13,2460.26628598,12.30133143,0.84185851,0.00500000,0.40479213,0.06600000
hotspot,200,12127,pso_high_12x16,1.00000000,13,2813.14907145,14.06574536,2.05925214,0.00000000,0.46633532,0.26900000
hotspot,200,12128,kmeans_grid,0.76000000,10,9269.68227554,46.34841138,0.00000000,0.24000000,0.49588022,0.00400000
hotspot,200,12128,gno,0.99000000,20,4379.13324201,21.89566621,3.02460990,0.01000000,0.47482740,0.00400000
hotspot,200,12128,alns_no_refine,0.99000000,12,6697.72653910,33.48863270,3.21860216,0.01000000,0.55729623,0.04000000
hotspot,200,12128,fixed_gno_refine,1.00000000,20,9411.43727173,47.05718636,16.55992099,0.00000000,0.72297515,0.03800000
hotspot,200,12128,alns_sca_lite,1.00000000,13,10603.91171663,53.01955858,11.75241183,0.00000000,0.61901549,0.06500000
hotspot,200,12128,pso_low_3x4,0.96500000,13,3099.24229053,15.49621145,0.60173736,0.03500000,0.31507652,0.02000000
hotspot,200,12128,pso_mid_6x8,1.00000000,13,3089.85225637,15.44926128,1.60839194,0.00000000,0.28472743,0.06600000
hotspot,200,12128,pso_high_12x16,1.00000000,13,4452.03854076,22.26019270,2.95844943,0.00000000,0.15989914,0.31600000
hotspot,200,12129,kmeans_grid,0.87000000,10,11593.85031205,57.96925156,0.00000000,0.13000000,0.52022058,0.00400000
hotspot,200,12129,gno,0.99500000,20,4450.20987436,22.25104937,4.04949947,0.00500000,0.41242894,0.00400000
hotspot,200,12129,alns_no_refine,0.99500000,14,6023.21037499,30.11605187,5.15384572,0.00500000,0.45512280,0.04100000
hotspot,200,12129,fixed_gno_refine,1.00000000,20,8973.10837961,44.86554190,12.56476557,0.00000000,0.59653304,0.04500000
hotspot,200,12129,alns_sca_lite,1.00000000,12,10537.52600885,52.68763004,5.07537106,0.00000000,0.48232825,0.06400000
hotspot,200,12129,pso_low_3x4,0.90500000,12,3126.24082818,15.63120414,0.00000000,0.09500000,0.36360767,0.01600000
hotspot,200,12129,pso_mid_6x8,0.99500000,12,2902.27386788,14.51136934,0.98964994,0.00500000,0.35545737,0.07100000
hotspot,200,12129,pso_high_12x16,1.00000000,12,4040.00793350,20.20003967,0.89144284,0.00000000,0.39651443,0.26700000
hotspot,300,12200,kmeans_grid,0.79333333,15,13564.59617143,45.21532057,0.00000000,0.20666667,0.47770761,0.00700000
hotspot,300,12200,gno,0.99666667,30,4716.24241219,15.72080804,2.36222474,0.00333333,0.34492901,0.00800000
hotspot,300,12200,alns_no_refine,0.99666667,16,7057.92268271,23.52640894,3.70078593,0.00333333,0.44682072,0.08700000
hotspot,300,12200,fixed_gno_refine,1.00000000,30,11891.45070701,39.63816902,11.88718634,0.00000000,0.54984705,0.09000000
hotspot,300,12200,alns_sca_lite,1.00000000,18,14252.44879243,47.50816264,6.33866628,0.00000000,0.46067173,0.19300000
hotspot,300,12200,pso_low_3x4,0.94666667,18,4476.95421155,14.92318071,0.00000000,0.05333333,0.36774764,0.06000000
hotspot,300,12200,pso_mid_6x8,0.94000000,18,3433.56023917,11.44520080,0.00000000,0.06000000,0.32294646,0.16800000
hotspot,300,12200,pso_high_12x16,0.99666667,18,5935.93141923,19.78643806,0.74563213,0.00333333,0.34700325,0.69000000
hotspot,300,12201,kmeans_grid,0.80000000,15,12536.02347385,41.78674491,0.00000000,0.20000000,0.48467414,0.00800000
hotspot,300,12201,gno,0.99666667,30,4064.87863000,13.54959543,2.42240812,0.00333333,0.36084221,0.01100000
hotspot,300,12201,alns_no_refine,0.99666667,19,5402.14985605,18.00716619,3.26930502,0.00333333,0.46027302,0.15800000
hotspot,300,12201,fixed_gno_refine,1.00000000,30,11207.13510869,37.35711703,11.60677040,0.00000000,0.62346309,0.17700000
hotspot,300,12201,alns_sca_lite,1.00000000,19,13091.41824082,43.63806080,10.80945153,0.00000000,0.58739557,0.27500000
hotspot,300,12201,pso_low_3x4,0.89333333,19,2676.49766269,8.92165888,0.00000000,0.10666667,0.31477278,0.05600000
hotspot,300,12201,pso_mid_6x8,0.94000000,19,3002.29251509,10.00764172,0.00000000,0.06000000,0.24979757,0.21100000
hotspot,300,12201,pso_high_12x16,1.00000000,19,3220.37959297,10.73459864,0.92335643,0.00000000,0.43688061,0.97600000
hotspot,300,12202,kmeans_grid,0.79666667,15,13155.47225033,43.85157417,0.00000000,0.20333333,0.53701829,0.01100000
hotspot,300,12202,gno,0.99333333,30,5104.18252012,17.01394173,2.39581706,0.00666667,0.43127226,0.01700000
hotspot,300,12202,alns_no_refine,0.99333333,17,7622.54372756,25.40847909,3.40686085,0.00666667,0.44063794,0.16600000
hotspot,300,12202,fixed_gno_refine,1.00000000,30,10117.47540568,33.72491802,10.41837713,0.00000000,0.63143017,0.14200000
hotspot,300,12202,alns_sca_lite,1.00000000,21,11470.50394786,38.23501316,12.47105544,0.00000000,0.64842187,0.21800000
hotspot,300,12202,pso_low_3x4,0.97666667,21,3286.24180145,10.95413934,0.67446041,0.02333333,0.37738203,0.07100000
hotspot,300,12202,pso_mid_6x8,0.93666667,21,4488.53669449,14.96178898,0.00000000,0.06333333,0.33293557,0.27500000
hotspot,300,12202,pso_high_12x16,1.00000000,21,3810.40590130,12.70135300,1.12316496,0.00000000,0.46572456,1.32200000
hotspot,300,12203,kmeans_grid,0.81333333,15,12509.37540614,41.69791802,0.00000000,0.18666667,0.53072137,0.00800000
hotspot,300,12203,gno,0.99000000,30,4356.95103291,14.52317011,2.53042316,0.01000000,0.39516490,0.01100000
hotspot,300,12203,alns_no_refine,0.99000000,19,6011.89171350,20.03963904,2.74322192,0.01000000,0.52546729,0.12300000
hotspot,300,12203,fixed_gno_refine,1.00000000,30,10180.59854860,33.93532850,11.64738441,0.00000000,0.59504794,0.09800000
hotspot,300,12203,alns_sca_lite,1.00000000,20,12547.18456798,41.82394856,12.68780090,0.00000000,0.66786586,0.25100000
hotspot,300,12203,pso_low_3x4,0.86666667,20,3588.29240947,11.96097470,0.00000000,0.13333333,0.40607409,0.08000000
hotspot,300,12203,pso_mid_6x8,0.98000000,20,3473.18938930,11.57729796,0.75360998,0.02000000,0.41993438,0.28500000
hotspot,300,12203,pso_high_12x16,0.98333333,20,2478.81498170,8.26271661,0.92640161,0.01666667,0.26012022,0.62300000
hotspot,300,12204,kmeans_grid,0.78000000,15,12551.15551322,41.83718504,0.00000000,0.22000000,0.51272954,0.01000000
hotspot,300,12204,gno,0.99333333,30,5323.34365495,17.74447885,1.66578675,0.00666667,0.39386570,0.01200000
hotspot,300,12204,alns_no_refine,0.99333333,19,7727.23482986,25.75744943,1.96218843,0.00666667,0.37393813,0.13300000
hotspot,300,12204,fixed_gno_refine,1.00000000,30,11748.29540107,39.16098467,12.56732540,0.00000000,0.64008649,0.11300000
hotspot,300,12204,alns_sca_lite,1.00000000,18,12948.95906654,43.16319689,7.86821073,0.00000000,0.56720831,0.18900000
hotspot,300,12204,pso_low_3x4,0.97000000,18,3183.90322492,10.61301075,0.57584636,0.03000000,0.32452695,0.05100000
hotspot,300,12204,pso_mid_6x8,0.97666667,18,4163.49140360,13.87830468,0.57525527,0.02333333,0.28259047,0.18500000
hotspot,300,12204,pso_high_12x16,0.99333333,18,4320.28546719,14.40095156,1.00542602,0.00666667,0.11697371,0.80300000
hotspot,300,12205,kmeans_grid,0.81000000,15,14290.56302517,47.63521008,0.00000000,0.19000000,0.50499481,0.01000000
hotspot,300,12205,gno,0.98666667,30,4314.17423707,14.38058079,2.86787656,0.01333333,0.49990415,0.01100000
hotspot,300,12205,alns_no_refine,0.98666667,20,5867.15696118,19.55718987,3.06075878,0.01333333,0.49473665,0.11200000
hotspot,300,12205,fixed_gno_refine,1.00000000,30,10837.32159183,36.12440531,10.98901846,0.00000000,0.58646298,0.11300000
hotspot,300,12205,alns_sca_lite,1.00000000,20,14509.87616443,48.36625388,11.99920474,0.00000000,0.55281899,0.31500000
hotspot,300,12205,pso_low_3x4,0.92666667,20,3416.88691451,11.38962305,0.00000000,0.07333333,0.29853401,0.07600000
hotspot,300,12205,pso_mid_6x8,0.97333333,20,4682.76039828,15.60920133,0.99173638,0.02666667,0.40629681,0.26300000
hotspot,300,12205,pso_high_12x16,1.00000000,20,5607.31901674,18.69106339,1.89154993,0.00000000,0.24699121,1.16500000
hotspot,300,12206,kmeans_grid,0.79000000,15,11934.90672640,39.78302242,0.00000000,0.21000000,0.44618351,0.01300000
hotspot,300,12206,gno,0.99666667,30,4612.48398720,15.37494662,2.50600650,0.00333333,0.37922268,0.01800000
hotspot,300,12206,alns_no_refine,0.99666667,17,7315.91608693,24.38638696,3.30722069,0.00333333,0.37966899,0.14800000
hotspot,300,12206,fixed_gno_refine,1.00000000,30,10434.15393130,34.78051310,11.65151151,0.00000000,0.61221243,0.12000000
hotspot,300,12206,alns_sca_lite,1.00000000,22,10887.46620427,36.29155401,10.14156422,0.00000000,0.56111751,0.21700000
hotspot,300,12206,pso_low_3x4,0.94666667,22,3384.18693301,11.28062311,0.00000000,0.05333333,0.31845961,0.05600000
hotspot,300,12206,pso_mid_6x8,0.97666667,22,4361.57651648,14.53858839,0.88942687,0.02333333,0.27881349,0.25200000
hotspot,300,12206,pso_high_12x16,1.00000000,22,3519.17003678,11.73056679,1.14007249,0.00000000,0.39356599,0.89300000
hotspot,300,12207,kmeans_grid,0.74333333,15,12652.97642344,42.17658808,0.00000000,0.25666667,0.47625758,0.00800000
hotspot,300,12207,gno,1.00000000,30,4498.29480022,14.99431600,2.85854252,0.00000000,0.54097802,0.01000000
hotspot,300,12207,alns_no_refine,1.00000000,18,7208.91305085,24.02971017,3.83571830,0.00000000,0.47843198,0.13500000
hotspot,300,12207,fixed_gno_refine,1.00000000,30,11381.25578435,37.93751928,13.06185600,0.00000000,0.64220073,0.13200000
hotspot,300,12207,alns_sca_lite,1.00000000,21,9413.78280902,31.37927603,7.71857342,0.00000000,0.62960859,0.25600000
hotspot,300,12207,pso_low_3x4,0.86666667,21,3185.26855509,10.61756185,0.00000000,0.13333333,0.34292815,0.05200000
hotspot,300,12207,pso_mid_6x8,0.98000000,21,3165.82036976,10.55273457,0.68060152,0.02000000,0.43377431,0.22700000
hotspot,300,12207,pso_high_12x16,1.00000000,21,2996.12639808,9.98708799,1.18146386,0.00000000,0.41557153,1.03700000
hotspot,300,12208,kmeans_grid,0.80666667,15,12204.21458791,40.68071529,0.00000000,0.19333333,0.54575797,0.00700000
hotspot,300,12208,gno,0.99000000,30,3962.75735608,13.20919119,2.82091527,0.01000000,0.45152392,0.00800000
hotspot,300,12208,alns_no_refine,0.99000000,20,5402.67678621,18.00892262,2.88500777,0.01000000,0.49988259,0.12600000
hotspot,300,12208,fixed_gno_refine,1.00000000,30,10029.75658062,33.43252194,12.20868390,0.00000000,0.58434900,0.12100000
hotspot,300,12208,alns_sca_lite,1.00000000,19,11452.03947588,38.17346492,12.26531787,0.00000000,0.61240505,0.24400000
hotspot,300,12208,pso_low_3x4,0.84333333,19,2426.51143904,8.08837146,0.00000000,0.15666667,0.28202983,0.06900000
hotspot,300,12208,pso_mid_6x8,0.90333333,19,2555.84862193,8.51949541,0.00000000,0.09666667,0.33139221,0.21200000
hotspot,300,12208,pso_high_12x16,0.99666667,19,3204.20104497,10.68067015,1.01544447,0.00333333,0.41411104,0.90700000
hotspot,300,12209,kmeans_grid,0.84000000,15,14154.16792836,47.18055976,0.00000000,0.16000000,0.43498761,0.01100000
hotspot,300,12209,gno,0.99666667,30,5206.55363502,17.35517878,2.34919028,0.00333333,0.33562286,0.01100000
hotspot,300,12209,alns_no_refine,0.99666667,17,7858.32406318,26.19441354,3.77704749,0.00333333,0.37960487,0.09900000
hotspot,300,12209,fixed_gno_refine,1.00000000,30,11547.65140554,38.49217135,10.37108543,0.00000000,0.55124437,0.09200000
hotspot,300,12209,alns_sca_lite,1.00000000,19,13533.74808448,45.11249361,11.26749127,0.00000000,0.57563768,0.15000000
hotspot,300,12209,pso_low_3x4,0.86000000,19,2837.47110286,9.45823701,0.00000000,0.14000000,0.39978733,0.04600000
hotspot,300,12209,pso_mid_6x8,0.99000000,19,2941.72608865,9.80575363,0.74566916,0.01000000,0.16793227,0.16000000
hotspot,300,12209,pso_high_12x16,1.00000000,19,2556.91903881,8.52306346,1.18713157,0.00000000,0.26785455,0.48500000
hotspot,300,12210,kmeans_grid,0.76000000,15,11288.45157156,37.62817191,0.00000000,0.24000000,0.46158598,0.01000000
hotspot,300,12210,gno,1.00000000,30,4738.62015719,15.79540052,3.21114943,0.00000000,0.37489980,0.01100000
hotspot,300,12210,alns_no_refine,1.00000000,17,6647.97679601,22.15992265,2.71824574,0.00000000,0.43823933,0.09900000
hotspot,300,12210,fixed_gno_refine,1.00000000,30,9796.57756945,32.65525856,10.68310881,0.00000000,0.48202997,0.08500000
hotspot,300,12210,alns_sca_lite,1.00000000,18,12378.39656577,41.26132189,11.96347905,0.00000000,0.53931900,0.17600000
hotspot,300,12210,pso_low_3x4,0.87000000,18,2473.87211144,8.24624037,0.00000000,0.13000000,0.31276451,0.04400000
hotspot,300,12210,pso_mid_6x8,0.87666667,18,2743.23943265,9.14413144,0.00000000,0.12333333,0.35719794,0.15200000
hotspot,300,12210,pso_high_12x16,0.99000000,18,2548.61525159,8.49538417,0.88324789,0.01000000,0.35359301,0.55600000
hotspot,300,12211,kmeans_grid,0.83000000,15,14067.96847602,46.89322825,0.00000000,0.17000000,0.51693376,0.00700000
hotspot,300,12211,gno,0.99666667,30,3919.39499221,13.06464997,2.55627795,0.00333333,0.37666752,0.00800000
hotspot,300,12211,alns_no_refine,0.99666667,17,6204.77553949,20.68258513,2.72833738,0.00333333,0.34623876,0.08100000
hotspot,300,12211,fixed_gno_refine,1.00000000,30,10909.57712624,36.36525709,10.88614905,0.00000000,0.60717735,0.07600000
hotspot,300,12211,alns_sca_lite,1.00000000,18,13371.82834066,44.57276114,11.90313777,0.00000000,0.62798079,0.15800000
hotspot,300,12211,pso_low_3x4,0.80666667,18,3848.71805163,12.82906017,0.00000000,0.19333333,0.22507715,0.03400000
hotspot,300,12211,pso_mid_6x8,0.92666667,18,3388.32326132,11.29441087,0.00000000,0.07333333,0.30853377,0.13100000
hotspot,300,12211,pso_high_12x16,0.98666667,18,4929.88918475,16.43296395,0.88603081,0.01333333,0.32975141,0.58300000
hotspot,300,12212,kmeans_grid,0.82666667,15,12806.08504363,42.68695015,0.00000000,0.17333333,0.50596359,0.00600000
hotspot,300,12212,gno,1.00000000,30,5088.42075231,16.96140251,3.45369420,0.00000000,0.39783580,0.00700000
hotspot,300,12212,alns_no_refine,1.00000000,17,7961.68587254,26.53895291,4.23204257,0.00000000,0.46683230,0.07300000
hotspot,300,12212,fixed_gno_refine,1.00000000,30,11911.44875335,39.70482918,10.83760442,0.00000000,0.58237268,0.06500000
hotspot,300,12212,alns_sca_lite,1.00000000,22,11948.20906630,39.82736355,10.11441936,0.00000000,0.57431246,0.13700000
hotspot,300,12212,pso_low_3x4,0.88333333,22,3088.57858479,10.29526195,0.00000000,0.11666667,0.38741238,0.04100000
hotspot,300,12212,pso_mid_6x8,1.00000000,22,2621.45944370,8.73819815,0.80331406,0.00000000,0.30044323,0.13100000
hotspot,300,12212,pso_high_12x16,1.00000000,22,4851.31939126,16.17106464,1.72205953,0.00000000,0.36042948,0.58800000
hotspot,300,12213,kmeans_grid,0.84666667,15,12005.08702657,40.01695676,0.00000000,0.15333333,0.51103263,0.00500000
hotspot,300,12213,gno,0.99333333,30,4280.77176871,14.26923923,2.92642835,0.00666667,0.43725531,0.00800000
hotspot,300,12213,alns_no_refine,0.99333333,19,5804.72522224,19.34908407,2.61658476,0.00666667,0.53518275,0.07500000
hotspot,300,12213,fixed_gno_refine,1.00000000,30,10397.52528193,34.65841761,10.14428112,0.00000000,0.63017007,0.06600000
hotspot,300,12213,alns_sca_lite,1.00000000,18,11285.69946872,37.61899823,8.25582899,0.00000000,0.63737585,0.11900000
hotspot,300,12213,pso_low_3x4,0.83333333,18,3634.28105269,12.11427018,0.00000000,0.16666667,0.30431049,0.03100000
hotspot,300,12213,pso_mid_6x8,0.97333333,18,2596.84687980,8.65615627,1.23137661,0.02666667,0.41273068,0.11400000
hotspot,300,12213,pso_high_12x16,1.00000000,18,3361.51029692,11.20503432,1.22150104,0.00000000,0.43958606,0.58000000
hotspot,300,12214,kmeans_grid,0.80666667,15,13996.38113649,46.65460379,0.00000000,0.19333333,0.50690176,0.00500000
hotspot,300,12214,gno,0.99666667,30,5554.21204385,18.51404015,3.00352083,0.00333333,0.37795643,0.00600000
hotspot,300,12214,alns_no_refine,0.99666667,21,6520.15007841,21.73383359,3.69552026,0.00333333,0.43376374,0.07800000
hotspot,300,12214,fixed_gno_refine,1.00000000,30,11086.10701000,36.95369003,11.95753584,0.00000000,0.62152149,0.06200000
hotspot,300,12214,alns_sca_lite,1.00000000,19,11943.86155936,39.81287186,7.42942176,0.00000000,0.61011293,0.11400000
hotspot,300,12214,pso_low_3x4,0.95666667,19,3702.03308505,12.34011028,0.55249506,0.04333333,0.36856608,0.03600000
hotspot,300,12214,pso_mid_6x8,0.90000000,19,3420.33855048,11.40112850,0.00000000,0.10000000,0.43751725,0.13900000
hotspot,300,12214,pso_high_12x16,0.99333333,19,3687.57407186,12.29191357,1.29138585,0.00666667,0.23214677,0.42400000
hotspot,300,12215,kmeans_grid,0.78666667,15,12739.32015267,42.46440051,0.00000000,0.21333333,0.49901131,0.00400000
hotspot,300,12215,gno,0.99666667,30,4224.64460133,14.08214867,2.75336308,0.00333333,0.41114072,0.00600000
hotspot,300,12215,alns_no_refine,0.99666667,16,7134.48624528,23.78162082,2.38748661,0.00333333,0.41110886,0.06700000
hotspot,300,12215,fixed_gno_refine,1.00000000,30,6563.90312088,21.87967707,5.87930344,0.00000000,0.54640067,0.05900000
hotspot,300,12215,alns_sca_lite,1.00000000,16,10433.83162274,34.77943874,6.27758683,0.00000000,0.53981399,0.11500000
hotspot,300,12215,pso_low_3x4,0.84666667,16,3556.73710728,11.85579036,0.00000000,0.15333333,0.29252145,0.02800000
hotspot,300,12215,pso_mid_6x8,0.95000000,16,4208.14597573,14.02715325,0.00000000,0.05000000,0.29228658,0.10200000
hotspot,300,12215,pso_high_12x16,0.98666667,16,4482.98796964,14.94329323,0.70397685,0.01333333,0.26837257,0.52500000
hotspot,300,12216,kmeans_grid,0.75666667,15,11507.27196161,38.35757321,0.00000000,0.24333333,0.49926968,0.00600000
hotspot,300,12216,gno,0.99666667,30,5024.43994501,16.74813315,2.74232236,0.00333333,0.32392784,0.00600000
hotspot,300,12216,alns_no_refine,0.99666667,16,7455.29379526,24.85097932,3.51284148,0.00333333,0.43107733,0.06600000
hotspot,300,12216,fixed_gno_refine,1.00000000,30,9419.69513046,31.39898377,10.68879809,0.00000000,0.53214896,0.05800000
hotspot,300,12216,alns_sca_lite,1.00000000,19,12091.33396580,40.30444655,10.11106814,0.00000000,0.48794185,0.10800000
hotspot,300,12216,pso_low_3x4,0.83333333,19,4100.45139392,13.66817131,0.00000000,0.16666667,0.28507090,0.03000000
hotspot,300,12216,pso_mid_6x8,0.86666667,19,4226.84313166,14.08947711,0.00000000,0.13333333,0.37048242,0.10500000
hotspot,300,12216,pso_high_12x16,1.00000000,19,3550.86887099,11.83622957,1.20318959,0.00000000,0.14092121,0.51000000
hotspot,300,12217,kmeans_grid,0.81666667,15,13181.86192462,43.93953975,0.00000000,0.18333333,0.45364795,0.00400000
hotspot,300,12217,gno,0.99333333,30,5267.28472161,17.55761574,2.15349572,0.00666667,0.28656661,0.00500000
hotspot,300,12217,alns_no_refine,0.99333333,20,6276.38310916,20.92127703,2.82163479,0.00666667,0.32016817,0.07100000
hotspot,300,12217,fixed_gno_refine,1.00000000,30,12190.64610764,40.63548703,11.69908795,0.00000000,0.52198985,0.06100000
hotspot,300,12217,alns_sca_lite,1.00000000,19,12997.31349365,43.32437831,8.79495984,0.00000000,0.50364844,0.11300000
hotspot,300,12217,pso_low_3x4,0.86000000,19,2425.42650919,8.08475503,0.00000000,0.14000000,0.33685418,0.02600000
hotspot,300,12217,pso_mid_6x8,0.96000000,19,2849.16535371,9.49721785,0.75451023,0.04000000,0.37296657,0.09000000
hotspot,300,12217,pso_high_12x16,1.00000000,19,3252.23159836,10.84077199,1.07461495,0.00000000,0.29198761,0.41100000
hotspot,300,12218,kmeans_grid,0.86666667,15,13115.67117926,43.71890393,0.00000000,0.13333333,0.53030312,0.00300000
hotspot,300,12218,gno,0.99666667,30,5247.20174156,17.49067247,3.09470081,0.00333333,0.49733144,0.00400000
hotspot,300,12218,alns_no_refine,0.99666667,22,7089.45254289,23.63150848,3.18288579,0.00333333,0.44582276,0.06000000
hotspot,300,12218,fixed_gno_refine,1.00000000,30,10834.14951952,36.11383173,10.95446419,0.00000000,0.59295746,0.04900000
hotspot,300,12218,alns_sca_lite,1.00000000,19,13885.97438735,46.28658129,11.18738584,0.00000000,0.55124030,0.09300000
hotspot,300,12218,pso_low_3x4,0.93000000,19,3634.46778245,12.11489261,0.00000000,0.07000000,0.26909962,0.02900000
hotspot,300,12218,pso_mid_6x8,0.95333333,19,2852.89034611,9.50963449,0.50101798,0.04666667,0.26629254,0.07900000
hotspot,300,12218,pso_high_12x16,0.98333333,19,3153.67001218,10.51223337,0.73838392,0.01666667,0.44298830,0.37200000
hotspot,300,12219,kmeans_grid,0.85333333,15,13220.33805199,44.06779351,0.00000000,0.14666667,0.48629569,0.00400000
hotspot,300,12219,gno,1.00000000,30,4937.70191870,16.45900640,2.49222396,0.00000000,0.31124367,0.00500000
hotspot,300,12219,alns_no_refine,1.00000000,16,6936.62232670,23.12207442,3.18222023,0.00000000,0.39822552,0.04700000
hotspot,300,12219,fixed_gno_refine,1.00000000,30,10842.56392337,36.14187974,10.84912043,0.00000000,0.58023442,0.04700000
hotspot,300,12219,alns_sca_lite,1.00000000,19,14363.75533528,47.87918445,12.13038579,0.00000000,0.47370427,0.08600000
hotspot,300,12219,pso_low_3x4,0.87000000,19,4353.65096593,14.51216989,0.00000000,0.13000000,0.25844426,0.02500000
hotspot,300,12219,pso_mid_6x8,0.97666667,19,4036.99851898,13.45666173,0.60650631,0.02333333,0.13897945,0.09300000
hotspot,300,12219,pso_high_12x16,1.00000000,19,5282.58736829,17.60862456,0.92404758,0.00000000,0.12246619,0.31100000
hotspot,300,12220,kmeans_grid,0.85333333,15,14181.70216039,47.27234053,0.00000000,0.14666667,0.52832300,0.00300000
hotspot,300,12220,gno,1.00000000,30,4378.97205219,14.59657351,3.96217531,0.00000000,0.46388578,0.00500000
hotspot,300,12220,alns_no_refine,1.00000000,18,7445.65338320,24.81884461,2.89622167,0.00000000,0.50177590,0.05000000
hotspot,300,12220,fixed_gno_refine,1.00000000,30,11231.77370558,37.43924569,11.98668966,0.00000000,0.55732956,0.04700000
hotspot,300,12220,alns_sca_lite,1.00000000,19,14430.20768955,48.10069230,7.59347708,0.00000000,0.43177515,0.08800000
hotspot,300,12220,pso_low_3x4,0.89666667,19,3011.99345609,10.03997819,0.00000000,0.10333333,0.29068107,0.02200000
hotspot,300,12220,pso_mid_6x8,0.94333333,19,2992.77745409,9.97592485,0.00000000,0.05666667,0.24140932,0.08300000
hotspot,300,12220,pso_high_12x16,1.00000000,19,3636.55221724,12.12184072,0.99305833,0.00000000,0.26572219,0.29500000
hotspot,300,12221,kmeans_grid,0.84333333,15,13665.35881846,45.55119606,0.00000000,0.15666667,0.51620908,0.00300000
hotspot,300,12221,gno,0.99666667,30,5099.04425866,16.99681420,2.46337754,0.00333333,0.38713443,0.00500000
hotspot,300,12221,alns_no_refine,0.99666667,19,6732.90142404,22.44300475,3.46896781,0.00333333,0.42241862,0.05000000
hotspot,300,12221,fixed_gno_refine,1.00000000,30,11884.94845757,39.61649486,11.59684170,0.00000000,0.57775404,0.04400000
hotspot,300,12221,alns_sca_lite,1.00000000,22,11586.77181274,38.62257271,10.12882163,0.00000000,0.57728507,0.08300000
hotspot,300,12221,pso_low_3x4,0.88666667,22,3369.44399267,11.23147998,0.00000000,0.11333333,0.50154146,0.02800000
hotspot,300,12221,pso_mid_6x8,0.98333333,22,3305.25942056,11.01753140,0.59920018,0.01666667,0.39505355,0.09400000
hotspot,300,12221,pso_high_12x16,1.00000000,22,4917.36495324,16.39121651,1.67347948,0.00000000,0.37247161,0.42000000
hotspot,300,12222,kmeans_grid,0.82666667,15,13041.80271716,43.47267572,0.00000000,0.17333333,0.50694778,0.00600000
hotspot,300,12222,gno,1.00000000,30,4810.79953469,16.03599845,2.83724631,0.00000000,0.43611008,0.00500000
hotspot,300,12222,alns_no_refine,1.00000000,21,6463.49907816,21.54499693,3.20561545,0.00000000,0.48616179,0.06100000
hotspot,300,12222,fixed_gno_refine,1.00000000,30,11204.71107177,37.34903691,12.08977201,0.00000000,0.58855892,0.04800000
hotspot,300,12222,alns_sca_lite,1.00000000,18,10367.65312039,34.55884373,8.28800391,0.00000000,0.60530060,0.09200000
hotspot,300,12222,pso_low_3x4,0.88666667,18,3767.56096059,12.55853654,0.00000000,0.11333333,0.27840858,0.02100000
hotspot,300,12222,pso_mid_6x8,0.98666667,18,3274.11404171,10.91371347,0.71839748,0.01333333,0.37317805,0.09300000
hotspot,300,12222,pso_high_12x16,0.98666667,18,3792.00813224,12.64002711,0.68331174,0.01333333,0.32972112,0.38800000
hotspot,300,12223,kmeans_grid,0.74333333,15,13371.87783170,44.57292611,0.00000000,0.25666667,0.47021789,0.00800000
hotspot,300,12223,gno,1.00000000,30,6054.53177118,20.18177257,3.33698750,0.00000000,0.33416431,0.00400000
hotspot,300,12223,alns_no_refine,1.00000000,18,8602.23298207,28.67410994,4.29944548,0.00000000,0.34395740,0.06300000
hotspot,300,12223,fixed_gno_refine,1.00000000,30,11699.16890536,38.99722968,11.85172513,0.00000000,0.57499692,0.05800000
hotspot,300,12223,alns_sca_lite,1.00000000,20,13235.43217259,44.11810724,11.14964594,0.00000000,0.59257384,0.09900000
hotspot,300,12223,pso_low_3x4,0.96666667,20,3859.07668236,12.86358894,0.59695158,0.03333333,0.21239996,0.02900000
hotspot,300,12223,pso_mid_6x8,0.91333333,20,3762.98266265,12.54327554,0.00000000,0.08666667,0.41338115,0.09800000
hotspot,300,12223,pso_high_12x16,1.00000000,20,5581.32597158,18.60441991,0.88396967,0.00000000,0.32717246,0.48800000
hotspot,300,12224,kmeans_grid,0.73000000,15,12219.62294556,40.73207649,0.00000000,0.27000000,0.47405844,0.00500000
hotspot,300,12224,gno,0.99333333,30,5543.53663409,18.47845545,3.98406881,0.00666667,0.37676003,0.00500000
hotspot,300,12224,alns_no_refine,0.99333333,19,7220.67917632,24.06893059,3.88970110,0.00666667,0.45311455,0.08100000
hotspot,300,12224,fixed_gno_refine,1.00000000,30,10941.67024396,36.47223415,9.81668026,0.00000000,0.52469939,0.05400000
hotspot,300,12224,alns_sca_lite,1.00000000,18,13092.94042063,43.64313474,11.02474781,0.00000000,0.56614333,0.09200000
hotspot,300,12224,pso_low_3x4,0.78666667,18,2960.98777169,9.86995924,0.00000000,0.21333333,0.21067963,0.01800000
hotspot,300,12224,pso_mid_6x8,0.92333333,18,3015.11860574,10.05039535,0.00000000,0.07666667,0.30832237,0.08000000
hotspot,300,12224,pso_high_12x16,1.00000000,18,2981.33947854,9.93779826,0.94734693,0.00000000,0.29962559,0.32500000
hotspot,300,12225,kmeans_grid,0.83666667,15,13254.52671716,44.18175572,0.00000000,0.16333333,0.51378371,0.00400000
hotspot,300,12225,gno,1.00000000,30,4525.47950317,15.08493168,2.95171069,0.00000000,0.37795967,0.00400000
hotspot,300,12225,alns_no_refine,1.00000000,16,7121.83386805,23.73944623,2.87756007,0.00000000,0.39942918,0.04400000
hotspot,300,12225,fixed_gno_refine,1.00000000,30,10814.72176991,36.04907257,8.72395724,0.00000000,0.54737003,0.04400000
hotspot,300,12225,alns_sca_lite,1.00000000,17,14076.90139744,46.92300466,8.01821196,0.00000000,0.55935892,0.07800000
hotspot,300,12225,pso_low_3x4,0.83000000,17,4014.78504486,13.38261682,0.00000000,0.17000000,0.29682396,0.01800000
hotspot,300,12225,pso_mid_6x8,0.94000000,17,3484.38714596,11.61462382,0.00000000,0.06000000,0.33224064,0.07600000
hotspot,300,12225,pso_high_12x16,0.95333333,17,2716.39583999,9.05465280,0.50630560,0.04666667,0.18758693,0.25200000
hotspot,300,12226,kmeans_grid,0.85666667,15,12967.57769031,43.22525897,0.00000000,0.14333333,0.51969755,0.00300000
hotspot,300,12226,gno,1.00000000,30,4955.95321113,16.51984404,3.31128953,0.00000000,0.41542620,0.00500000
hotspot,300,12226,alns_no_refine,1.00000000,19,8211.14192275,27.37047308,3.53782523,0.00000000,0.39931311,0.04500000
hotspot,300,12226,fixed_gno_refine,1.00000000,30,11465.95977466,38.21986592,10.73661317,0.00000000,0.56118179,0.04000000
hotspot,300,12226,alns_sca_lite,1.00000000,20,12634.22767314,42.11409224,9.13087359,0.00000000,0.54809225,0.08000000
hotspot,300,12226,pso_low_3x4,0.86333333,20,3204.35828543,10.68119428,0.00000000,0.13666667,0.36629152,0.02100000
hotspot,300,12226,pso_mid_6x8,0.98000000,20,4336.31408969,14.45438030,0.63290173,0.02000000,0.36554048,0.09300000
hotspot,300,12226,pso_high_12x16,1.00000000,20,3900.71335709,13.00237786,0.65048032,0.00000000,0.31311416,0.30700000
hotspot,300,12227,kmeans_grid,0.78333333,15,13709.91745215,45.69972484,0.00000000,0.21666667,0.48778728,0.00300000
hotspot,300,12227,gno,1.00000000,30,4940.90489687,16.46968299,2.38184509,0.00000000,0.36361775,0.00400000
hotspot,300,12227,alns_no_refine,1.00000000,18,6550.67509668,21.83558366,3.33343766,0.00000000,0.43822708,0.05000000
hotspot,300,12227,fixed_gno_refine,1.00000000,30,10936.21129308,36.45403764,11.00858259,0.00000000,0.53488204,0.04200000
hotspot,300,12227,alns_sca_lite,1.00000000,17,15661.99820128,52.20666067,10.31485645,0.00000000,0.47703343,0.08300000
hotspot,300,12227,pso_low_3x4,0.84666667,17,3097.32375793,10.32441253,0.00000000,0.15333333,0.23977268,0.01900000
hotspot,300,12227,pso_mid_6x8,0.91666667,17,3057.05974284,10.19019914,0.00000000,0.08333333,0.28812186,0.06800000
hotspot,300,12227,pso_high_12x16,1.00000000,17,4670.41392844,15.56804643,1.26577832,0.00000000,0.26697473,0.31900000
hotspot,300,12228,kmeans_grid,0.79333333,15,12140.29380831,40.46764603,0.00000000,0.20666667,0.47416808,0.00300000
hotspot,300,12228,gno,0.99666667,30,4622.93049277,15.40976831,2.57237708,0.00333333,0.42649034,0.00400000
hotspot,300,12228,alns_no_refine,0.99666667,18,6136.41051993,20.45470173,3.35325999,0.00333333,0.48270967,0.04500000
hotspot,300,12228,fixed_gno_refine,1.00000000,30,9812.28620660,32.70762069,9.68332193,0.00000000,0.55361745,0.04200000
hotspot,300,12228,alns_sca_lite,1.00000000,18,13225.30762376,44.08435875,9.59756048,0.00000000,0.53973132,0.08400000
hotspot,300,12228,pso_low_3x4,0.88666667,18,3433.88906507,11.44629688,0.00000000,0.11333333,0.29865058,0.02000000
hotspot,300,12228,pso_mid_6x8,0.91000000,18,2552.12372327,8.50707908,0.00000000,0.09000000,0.30309816,0.06500000
hotspot,300,12228,pso_high_12x16,1.00000000,18,3445.01193980,11.48337313,1.15844033,0.00000000,0.36341539,0.30600000
hotspot,300,12229,kmeans_grid,0.74666667,15,12757.08666447,42.52362221,0.00000000,0.25333333,0.50673871,0.00300000
hotspot,300,12229,gno,0.99333333,30,4327.11948762,14.42373163,2.65979259,0.00666667,0.50184864,0.00500000
hotspot,300,12229,alns_no_refine,0.99333333,20,5499.92723600,18.33309079,2.56799677,0.00666667,0.57680510,0.04500000
hotspot,300,12229,fixed_gno_refine,1.00000000,30,10982.12345766,36.60707819,11.41847514,0.00000000,0.54938154,0.04100000
hotspot,300,12229,alns_sca_lite,1.00000000,21,9513.94578250,31.71315261,9.07205714,0.00000000,0.53788765,0.08400000
hotspot,300,12229,pso_low_3x4,0.96666667,21,3447.69762188,11.49232541,0.65473386,0.03333333,0.46215526,0.02200000
hotspot,300,12229,pso_mid_6x8,0.97333333,21,3826.81431508,12.75604772,0.65415086,0.02666667,0.37295780,0.08100000
hotspot,300,12229,pso_high_12x16,0.99666667,21,2663.12613453,8.87708712,0.92366631,0.00333333,0.34524435,0.28800000
hotspot,400,12300,kmeans_grid,0.81250000,20,14037.43742405,35.09359356,0.00000000,0.18750000,0.51018746,0.00600000
hotspot,400,12300,gno,1.00000000,40,3931.28443093,9.82821108,2.18535220,0.00000000,0.40228537,0.00700000
hotspot,400,12300,alns_no_refine,1.00000000,22,5954.20868825,14.88552172,2.64874321,0.00000000,0.46357212,0.08100000
hotspot,400,12300,fixed_gno_refine,1.00000000,40,3931.28443093,9.82821108,2.18535220,0.00000000,0.40228537,0.06900000
hotspot,400,12300,alns_sca_lite,1.00000000,22,5569.34036249,13.92335091,2.71410627,0.00000000,0.48427846,0.13200000
hotspot,400,12300,pso_low_3x4,0.81750000,22,2256.95944342,5.64239861,0.00000000,0.18250000,0.24785745,0.02900000
hotspot,400,12300,pso_mid_6x8,0.85750000,22,3126.56274858,7.81640687,0.00000000,0.14250000,0.32773727,0.12100000
hotspot,400,12300,pso_high_12x16,0.96500000,22,3394.67247228,8.48668118,0.61890284,0.03500000,0.32632093,0.46100000
hotspot,400,12301,kmeans_grid,0.75750000,20,15503.15073996,38.75787685,0.00000000,0.24250000,0.48020682,0.00500000
hotspot,400,12301,gno,0.99750000,40,4945.55262668,12.36388157,1.90785846,0.00250000,0.34133619,0.00700000
hotspot,400,12301,alns_no_refine,0.99750000,22,7741.86676311,19.35466691,2.31175776,0.00250000,0.38018780,0.08600000
hotspot,400,12301,fixed_gno_refine,0.99750000,40,11133.96714393,27.83491786,9.30642904,0.00250000,0.63762381,0.07000000
hotspot,400,12301,alns_sca_lite,0.99750000,25,14449.03557390,36.12258893,11.22051700,0.00250000,0.64058759,0.13300000
hotspot,400,12301,pso_low_3x4,0.97250000,25,4705.56941414,11.76392354,0.61929831,0.02750000,0.40868706,0.04100000
hotspot,400,12301,pso_mid_6x8,0.86000000,25,3367.56303982,8.41890760,0.00000000,0.14000000,0.30846293,0.12200000
hotspot,400,12301,pso_high_12x16,0.95500000,25,3689.37505691,9.22343764,0.52695104,0.04500000,0.36520717,0.46000000
hotspot,400,12302,kmeans_grid,0.78000000,20,16705.01451719,41.76253629,0.00000000,0.22000000,0.48716301,0.00500000
hotspot,400,12302,gno,1.00000000,40,5748.11530587,14.37028826,2.08105253,0.00000000,0.33063457,0.00700000
hotspot,400,12302,alns_no_refine,1.00000000,21,8268.95745714,20.67239364,2.07887936,0.00000000,0.35118613,0.07700000
hotspot,400,12302,fixed_gno_refine,1.00000000,40,14192.86291740,35.48215729,8.33663508,0.00000000,0.49476030,0.06700000
hotspot,400,12302,alns_sca_lite,1.00000000,29,15243.62392395,38.10905981,8.17528596,0.00000000,0.33276487,0.13300000
hotspot,400,12302,pso_low_3x4,0.93500000,29,5199.88924010,12.99972310,0.00000000,0.06500000,0.33635162,0.04000000
hotspot,400,12302,pso_mid_6x8,0.94250000,29,3672.47834198,9.18119585,0.00000000,0.05750000,0.41655372,0.17100000
hotspot,400,12302,pso_high_12x16,1.00000000,29,4280.64427424,10.70161069,1.24457072,0.00000000,0.41615435,0.66700000
hotspot,400,12303,kmeans_grid,0.78000000,20,15132.71506919,37.83178767,0.00000000,0.22000000,0.45371039,0.00500000
hotspot,400,12303,gno,1.00000000,40,5586.40116920,13.96600292,2.06287710,0.00000000,0.29895106,0.00600000
hotspot,400,12303,alns_no_refine,1.00000000,24,7358.30755956,18.39576890,2.59858673,0.00000000,0.40518554,0.08200000
hotspot,400,12303,fixed_gno_refine,1.00000000,40,8180.61874667,20.45154687,5.66209352,0.00000000,0.41641738,0.06300000
hotspot,400,12303,alns_sca_lite,1.00000000,28,12747.38604049,31.86846510,8.62717987,0.00000000,0.43016606,0.14200000
hotspot,400,12303,pso_low_3x4,0.73500000,28,3352.67957339,8.38169893,0.00000000,0.26500000,0.34883602,0.03100000
hotspot,400,12303,pso_mid_6x8,0.87750000,28,3392.09132337,8.48022831,0.00000000,0.12250000,0.26837606,0.11700000
hotspot,400,12303,pso_high_12x16,0.99500000,28,3581.09956799,8.95274892,0.85351414,0.00500000,0.41217548,0.60100000
hotspot,400,12304,kmeans_grid,0.82750000,20,17106.19448196,42.76548620,0.00000000,0.17250000,0.53991035,0.00500000
hotspot,400,12304,gno,1.00000000,40,6928.66992770,17.32167482,2.94757942,0.00000000,0.39751579,0.00700000
hotspot,400,12304,alns_no_refine,1.00000000,25,8887.31487660,22.21828719,3.70539001,0.00000000,0.41149002,0.07900000
hotspot,400,12304,fixed_gno_refine,1.00000000,40,9696.16762835,24.24041907,6.37771349,0.00000000,0.52189335,0.06000000
hotspot,400,12304,alns_sca_lite,1.00000000,25,14934.61442519,37.33653606,9.50734803,0.00000000,0.55292544,0.12200000
hotspot,400,12304,pso_low_3x4,0.88750000,25,4306.94017342,10.76735043,0.00000000,0.11250000,0.36845442,0.03200000
hotspot,400,12304,pso_mid_6x8,0.88250000,25,5833.06852151,14.58267130,0.00000000,0.11750000,0.43721240,0.13000000
hotspot,400,12304,pso_high_12x16,1.00000000,25,4369.15388265,10.92288471,0.84928208,0.00000000,0.36314958,0.51800000
hotspot,400,12305,kmeans_grid,0.82250000,20,16062.07825054,40.15519563,0.00000000,0.17750000,0.52418797,0.00500000
hotspot,400,12305,gno,0.99500000,40,5702.75397508,14.25688494,2.36769140,0.00500000,0.38159472,0.00600000
hotspot,400,12305,alns_no_refine,0.99500000,26,7690.35050420,19.22587626,2.26158672,0.00500000,0.39327400,0.07700000
hotspot,400,12305,fixed_gno_refine,1.00000000,40,14405.27070112,36.01317675,9.50487779,0.00000000,0.51629782,0.06100000
hotspot,400,12305,alns_sca_lite,1.00000000,31,13842.60782578,34.60651956,10.30803039,0.00000000,0.57628271,0.13200000
hotspot,400,12305,pso_low_3x4,0.93500000,31,3114.00081254,7.78500203,0.00000000,0.06500000,0.50609746,0.04100000
hotspot,400,12305,pso_mid_6x8,0.96500000,31,3700.23662641,9.25059157,0.71819772,0.03500000,0.44261042,0.16000000
hotspot,400,12305,pso_high_12x16,0.99500000,31,4909.89624347,12.27474061,1.02652330,0.00500000,0.29646229,0.57200000
hotspot,400,12306,kmeans_grid,0.77500000,20,13852.73007888,34.63182520,0.00000000,0.22500000,0.44585592,0.00600000
hotspot,400,12306,gno,1.00000000,40,4399.79761261,10.99949403,1.93955831,0.00000000,0.31254733,0.00700000
hotspot,400,12306,alns_no_refine,1.00000000,23,6682.79369779,16.70698424,2.76372801,0.00000000,0.33597221,0.07700000
hotspot,400,12306,fixed_gno_refine,1.00000000,40,11705.41736805,29.26354342,8.38390274,0.00000000,0.51566612,0.06300000
hotspot,400,12306,alns_sca_lite,1.00000000,24,13189.11517497,32.97278794,6.52868328,0.00000000,0.48900629,0.12900000
hotspot,400,12306,pso_low_3x4,0.78500000,24,3915.18051389,9.78795128,0.00000000,0.21500000,0.35609235,0.03300000
hotspot,400,12306,pso_mid_6x8,0.87750000,24,4310.09972912,10.77524932,0.00000000,0.12250000,0.29136560,0.13000000
hotspot,400,12306,pso_high_12x16,0.93750000,24,2785.41929726,6.96354824,0.00000000,0.06250000,0.31037365,0.36100000
hotspot,400,12307,kmeans_grid,0.78250000,20,15524.54411644,38.81136029,0.00000000,0.21750000,0.48304362,0.00700000
hotspot,400,12307,gno,1.00000000,40,5612.50342762,14.03125857,2.68115687,0.00000000,0.39256400,0.00700000
hotspot,400,12307,alns_no_refine,1.00000000,22,8785.03964957,21.96259912,2.55593539,0.00000000,0.35939156,0.07900000
hotspot,400,12307,fixed_gno_refine,1.00000000,40,13438.88277958,33.59720695,8.86263019,0.00000000,0.51074840,0.06500000
hotspot,400,12307,alns_sca_lite,1.00000000,25,15986.56768301,39.96641921,7.22632209,0.00000000,0.46433635,0.13400000
hotspot,400,12307,pso_low_3x4,0.82750000,25,3413.28803891,8.53322010,0.00000000,0.17250000,0.22737744,0.03400000
hotspot,400,12307,pso_mid_6x8,0.87500000,25,3892.66239951,9.73165600,0.00000000,0.12500000,0.33392704,0.13900000
hotspot,400,12307,pso_high_12x16,0.97750000,25,4265.06630652,10.66266577,0.65340422,0.02250000,0.30462696,0.56700000
hotspot,400,12308,kmeans_grid,0.88250000,20,16474.94350943,41.18735877,0.00000000,0.11750000,0.48120940,0.00600000
hotspot,400,12308,gno,0.99750000,40,4922.62276218,12.30655691,1.99388191,0.00250000,0.37192500,0.00700000
hotspot,400,12308,alns_no_refine,0.99750000,23,6442.33780134,16.10584450,2.62247858,0.00250000,0.43591114,0.08000000
hotspot,400,12308,fixed_gno_refine,1.00000000,40,13222.54779642,33.05636949,8.37534880,0.00000000,0.53537483,0.06100000
hotspot,400,12308,alns_sca_lite,1.00000000,28,15218.43356924,38.04608392,9.96393734,0.00000000,0.53657112,0.13600000
hotspot,400,12308,pso_low_3x4,0.88000000,28,3996.01008855,9.99002522,0.00000000,0.12000000,0.30644262,0.03500000
hotspot,400,12308,pso_mid_6x8,0.94250000,28,4715.52494082,11.78881235,0.00000000,0.05750000,0.28731574,0.14400000
hotspot,400,12308,pso_high_12x16,0.99250000,28,3984.56327869,9.96140820,0.68766745,0.00750000,0.38058161,0.56800000
hotspot,400,12309,kmeans_grid,0.81750000,20,16495.20491905,41.23801230,0.00000000,0.18250000,0.50680621,0.00500000
hotspot,400,12309,gno,1.00000000,40,4457.48239863,11.14370600,2.07462464,0.00000000,0.43413374,0.00800000
hotspot,400,12309,alns_no_refine,1.00000000,22,6601.96521320,16.50491303,2.37898386,0.00000000,0.39255873,0.08900000
hotspot,400,12309,fixed_gno_refine,1.00000000,40,13122.37732518,32.80594331,7.94550091,0.00000000,0.53824142,0.06300000
hotspot,400,12309,alns_sca_lite,1.00000000,31,11193.66270471,27.98415676,7.65834602,0.00000000,0.55349896,0.15800000
hotspot,400,12309,pso_low_3x4,0.87000000,31,3840.26329872,9.60065825,0.00000000,0.13000000,0.42630162,0.04800000
hotspot,400,12309,pso_mid_6x8,0.97500000,31,3595.55616578,8.98889041,0.67515450,0.02500000,0.48451882,0.19300000
hotspot,400,12309,pso_high_12x16,1.00000000,31,3879.06433316,9.69766083,1.14813628,0.00000000,0.39495037,0.66400000
hotspot,400,12310,kmeans_grid,0.84000000,20,14324.67451016,35.81168628,0.00000000,0.16000000,0.48978823,0.00600000
hotspot,400,12310,gno,0.99500000,40,4584.29091763,11.46072729,1.82807393,0.00500000,0.34391845,0.00700000
hotspot,400,12310,alns_no_refine,0.99500000,23,6483.40791960,16.20851980,2.70945190,0.00500000,0.47230662,0.08100000
hotspot,400,12310,fixed_gno_refine,1.00000000,40,12792.39987898,31.98099970,8.82256335,0.00000000,0.49628655,0.06500000
hotspot,400,12310,alns_sca_lite,1.00000000,25,13845.90747411,34.61476869,9.44115793,0.00000000,0.57463865,0.13000000
hotspot,400,12310,pso_low_3x4,0.86250000,25,2793.73936461,6.98434841,0.00000000,0.13750000,0.30781909,0.03200000
hotspot,400,12310,pso_mid_6x8,0.91250000,25,4210.09805493,10.52524514,0.00000000,0.08750000,0.28116446,0.13000000
hotspot,400,12310,pso_high_12x16,0.99750000,25,3520.51312840,8.80128282,0.91286335,0.00250000,0.25419187,0.57400000
hotspot,400,12311,kmeans_grid,0.79750000,20,14485.94915499,36.21487289,0.00000000,0.20250000,0.47685028,0.00500000
hotspot,400,12311,gno,1.00000000,40,4942.69412849,12.35673532,2.47490777,0.00000000,0.41285841,0.00800000
hotspot,400,12311,alns_no_refine,1.00000000,24,7319.32592423,18.29831481,2.60198834,0.00000000,0.40342271,0.08700000
hotspot,400,12311,fixed_gno_refine,1.00000000,40,12674.65200015,31.68663000,9.34429880,0.00000000,0.49478326,0.06600000
hotspot,400,12311,alns_sca_lite,1.00000000,26,14492.32615149,36.23081538,11.11131381,0.00000000,0.55027440,0.14200000
hotspot,400,12311,pso_low_3x4,0.79500000,26,2732.96470378,6.83241176,0.00000000,0.20500000,0.40229497,0.03400000
hotspot,400,12311,pso_mid_6x8,0.99750000,26,3753.36923165,9.38342308,1.77716030,0.00250000,0.50320957,0.20600000
hotspot,400,12311,pso_high_12x16,0.99000000,26,3935.65187690,9.83912969,0.75718266,0.01000000,0.34026903,0.62800000
hotspot,400,12312,kmeans_grid,0.74500000,20,14270.15994400,35.67539986,0.00000000,0.25500000,0.45715113,0.00600000
hotspot,400,12312,gno,0.98250000,40,5800.95160886,14.50237902,1.39015976,0.01750000,0.29540044,0.00700000
hotspot,400,12312,alns_no_refine,0.98750000,23,8170.00473076,20.42501183,1.59216937,0.01250000,0.27871450,0.10100000
hotspot,400,12312,fixed_gno_refine,1.00000000,40,12577.19369473,31.44298424,8.05253074,0.00000000,0.51451437,0.07100000
hotspot,400,12312,alns_sca_lite,1.00000000,26,12604.41977090,31.51104943,7.46808802,0.00000000,0.45776089,0.17100000
hotspot,400,12312,pso_low_3x4,0.79500000,26,2748.55786044,6.87139465,0.00000000,0.20500000,0.28136588,0.03700000
hotspot,400,12312,pso_mid_6x8,0.98750000,26,2960.16902496,7.40042256,1.15989675,0.01250000,0.34262392,0.14300000
hotspot,400,12312,pso_high_12x16,0.96750000,26,3102.83814396,7.75709536,0.55858695,0.03250000,0.30441104,0.57800000
hotspot,400,12313,kmeans_grid,0.80250000,20,15719.86108078,39.29965270,0.00000000,0.19750000,0.52223334,0.00600000
hotspot,400,12313,gno,0.99000000,40,4924.56069091,12.31140173,1.74832157,0.01000000,0.40487663,0.00600000
hotspot,400,12313,alns_no_refine,0.99000000,25,6732.23397385,16.83058493,1.80376118,0.01000000,0.47227999,0.08100000
hotspot,400,12313,fixed_gno_refine,1.00000000,40,11516.90747943,28.79226870,8.20837038,0.00000000,0.51371490,0.06500000
hotspot,400,12313,alns_sca_lite,1.00000000,26,13520.67673057,33.80169183,10.45550939,0.00000000,0.61423041,0.13800000
hotspot,400,12313,pso_low_3x4,0.75500000,26,4489.91068576,11.22477671,0.00000000,0.24500000,0.32718925,0.03300000
hotspot,400,12313,pso_mid_6x8,0.89250000,26,4461.41701370,11.15354253,0.00000000,0.10750000,0.32153093,0.14800000
hotspot,400,12313,pso_high_12x16,0.98500000,26,3937.25681056,9.84314203,0.95238339,0.01500000,0.39066055,0.57500000
hotspot,400,12314,kmeans_grid,0.73750000,20,15655.69951263,39.13924878,0.00000000,0.26250000,0.45248396,0.00400000
hotspot,400,12314,gno,0.99750000,40,5582.73221002,13.95683053,1.59528958,0.00250000,0.32937619,0.00500000
hotspot,400,12314,alns_no_refine,0.99750000,25,7230.52392597,18.07630981,2.41352124,0.00250000,0.41144626,0.08100000
hotspot,400,12314,fixed_gno_refine,1.00000000,40,12664.14332466,31.66035831,7.84053220,0.00000000,0.49739249,0.06100000
hotspot,400,12314,alns_sca_lite,1.00000000,28,14877.87288113,37.19468220,9.58195190,0.00000000,0.55124529,0.12500000
hotspot,400,12314,pso_low_3x4,0.82500000,28,2788.19418663,6.97048547,0.00000000,0.17500000,0.30409875,0.03000000
hotspot,400,12314,pso_mid_6x8,0.94750000,28,3721.74419471,9.30436049,0.00000000,0.05250000,0.38328394,0.14300000
hotspot,400,12314,pso_high_12x16,0.96500000,28,4088.04179901,10.22010450,0.54876255,0.03500000,0.41793610,0.52400000
hotspot,400,12315,kmeans_grid,0.81000000,20,16531.55119643,41.32887799,0.00000000,0.19000000,0.52919063,0.00500000
hotspot,400,12315,gno,0.99750000,40,4705.83998400,11.76459996,1.86369898,0.00250000,0.33509239,0.00600000
hotspot,400,12315,alns_no_refine,0.99750000,23,6593.45482835,16.48363707,2.04764843,0.00250000,0.36202323,0.07700000
hotspot,400,12315,fixed_gno_refine,1.00000000,40,13394.79928088,33.48699820,8.86214085,0.00000000,0.57256490,0.10200000
hotspot,400,12315,alns_sca_lite,1.00000000,30,14840.33241973,37.10083105,8.58969649,0.00000000,0.57181971,0.14500000
hotspot,400,12315,pso_low_3x4,0.87750000,30,4853.98254726,12.13495637,0.00000000,0.12250000,0.39230615,0.04000000
hotspot,400,12315,pso_mid_6x8,0.99750000,30,3204.08216768,8.01020542,0.76187834,0.00250000,0.37904679,0.15700000
hotspot,400,12315,pso_high_12x16,1.00000000,30,4459.68755925,11.14921890,0.99630854,0.00000000,0.38873639,0.66100000
hotspot,400,12316,kmeans_grid,0.79250000,20,16381.53671997,40.95384180,0.00000000,0.20750000,0.49609986,0.00500000
hotspot,400,12316,gno,1.00000000,40,4921.90468446,12.30476171,1.76857873,0.00000000,0.30868315,0.00700000
hotspot,400,12316,alns_no_refine,1.00000000,25,6250.18343484,15.62545859,1.96706913,0.00000000,0.37526830,0.08200000
hotspot,400,12316,fixed_gno_refine,1.00000000,40,8228.66132449,20.57165331,4.74684854,0.00000000,0.50646506,0.06900000
hotspot,400,12316,alns_sca_lite,1.00000000,27,14252.11573105,35.63028933,8.18876759,0.00000000,0.46617965,0.13600000
hotspot,400,12316,pso_low_3x4,0.89000000,27,3541.77627637,8.85444069,0.00000000,0.11000000,0.40001383,0.04000000
hotspot,400,12316,pso_mid_6x8,0.94000000,27,4386.49703753,10.96624259,0.00000000,0.06000000,0.37338328,0.14800000
hotspot,400,12316,pso_high_12x16,0.97500000,27,3628.05122913,9.07012807,0.55544963,0.02500000,0.33026133,0.48600000
hotspot,400,12317,kmeans_grid,0.79500000,20,14802.31275380,37.00578188,0.00000000,0.20500000,0.47853342,0.00500000
hotspot,400,12317,gno,0.99750000,40,4971.09660258,12.42774151,1.74135957,0.00250000,0.40164537,0.00600000
hotspot,400,12317,alns_no_refine,0.99750000,24,7175.48304306,17.93870761,2.35064048,0.00250000,0.44158768,0.07800000
hotspot,400,12317,fixed_gno_refine,1.00000000,40,12213.55811118,30.53389528,8.58632100,0.00000000,0.46852161,0.06800000
hotspot,400,12317,alns_sca_lite,1.00000000,26,14747.54882543,36.86887206,6.56922616,0.00000000,0.38600767,0.15300000
hotspot,400,12317,pso_low_3x4,0.87500000,26,3193.30859854,7.98327150,0.00000000,0.12500000,0.37758489,0.03900000
hotspot,400,12317,pso_mid_6x8,0.89250000,26,3758.88762197,9.39721905,0.00000000,0.10750000,0.31673370,0.13600000
hotspot,400,12317,pso_high_12x16,0.96750000,26,2909.86369786,7.27465924,0.58233813,0.03250000,0.32257105,0.48200000
hotspot,400,12318,kmeans_grid,0.80500000,20,14883.74711939,37.20936780,0.00000000,0.19500000,0.54109002,0.00700000
hotspot,400,12318,gno,1.00000000,40,5219.49341726,13.04873354,2.15262344,0.00000000,0.49633316,0.00700000
hotspot,400,12318,alns_no_refine,1.00000000,26,6350.06994017,15.87517485,2.08683988,0.00000000,0.55025245,0.07800000
hotspot,400,12318,fixed_gno_refine,1.00000000,40,12634.78096359,31.58695241,9.61333689,0.00000000,0.54642899,0.06400000
hotspot,400,12318,alns_sca_lite,1.00000000,26,15518.19324029,38.79548310,8.56176523,0.00000000,0.61865940,0.13000000
hotspot,400,12318,pso_low_3x4,0.89500000,26,3185.51625599,7.96379064,0.00000000,0.10500000,0.33385756,0.03500000
hotspot,400,12318,pso_mid_6x8,0.89500000,26,3369.90925792,8.42477314,0.00000000,0.10500000,0.32391912,0.12800000
hotspot,400,12318,pso_high_12x16,0.98500000,26,2883.17041929,7.20792605,0.78036099,0.01500000,0.36669498,0.45800000
hotspot,400,12319,kmeans_grid,0.73250000,20,15396.40682479,38.49101706,0.00000000,0.26750000,0.45008586,0.00500000
hotspot,400,12319,gno,0.99750000,40,4861.88860939,12.15472152,1.85879279,0.00250000,0.28451705,0.00600000
hotspot,400,12319,alns_no_refine,0.99750000,24,6631.40541462,16.57851354,2.25258901,0.00250000,0.40211441,0.08500000
hotspot,400,12319,fixed_gno_refine,1.00000000,40,12934.66071928,32.33665180,9.66007590,0.00000000,0.51341606,0.07100000
hotspot,400,12319,alns_sca_lite,1.00000000,28,13704.59672896,34.26149182,9.07294209,0.00000000,0.54086851,0.13800000
hotspot,400,12319,pso_low_3x4,0.78250000,28,3373.17061429,8.43292654,0.00000000,0.21750000,0.24661851,0.03600000
hotspot,400,12319,pso_mid_6x8,0.97000000,28,3299.16364469,8.24790911,0.60924842,0.03000000,0.33182885,0.13300000
hotspot,400,12319,pso_high_12x16,0.99750000,28,4196.28861416,10.49072154,0.99296975,0.00250000,0.47447446,0.63900000
hotspot,400,12320,kmeans_grid,0.76250000,20,14607.91830889,36.51979577,0.00000000,0.23750000,0.52651259,0.00500000
hotspot,400,12320,gno,1.00000000,40,5298.81052199,13.24702630,2.45199620,0.00000000,0.30721873,0.00600000
hotspot,400,12320,alns_no_refine,1.00000000,25,7242.35287746,18.10588219,2.35616281,0.00000000,0.32896288,0.08200000
hotspot,400,12320,fixed_gno_refine,1.00000000,40,12177.84375664,30.44460939,8.83731780,0.00000000,0.56622261,0.06400000
hotspot,400,12320,alns_sca_lite,1.00000000,26,13692.28996389,34.23072491,6.79393492,0.00000000,0.50675400,0.14200000
hotspot,400,12320,pso_low_3x4,0.79750000,26,3032.51841439,7.58129604,0.00000000,0.20250000,0.28043968,0.03000000
hotspot,400,12320,pso_mid_6x8,0.92500000,26,2811.37896191,7.02844740,0.00000000,0.07500000,0.32512787,0.10900000
hotspot,400,12320,pso_high_12x16,0.99750000,26,3985.38999752,9.96347499,0.83429580,0.00250000,0.31584317,0.54900000
hotspot,400,12321,kmeans_grid,0.79500000,20,16192.50900105,40.48127250,0.00000000,0.20500000,0.48880552,0.00600000
hotspot,400,12321,gno,0.99750000,40,5349.08907618,13.37272269,2.42740988,0.00250000,0.38086247,0.00600000
hotspot,400,12321,alns_no_refine,0.99750000,25,7746.82617383,19.36706543,2.41845103,0.00250000,0.40948602,0.08100000
hotspot,400,12321,fixed_gno_refine,1.00000000,40,13643.72745558,34.10931864,9.69419564,0.00000000,0.59549185,0.06900000
hotspot,400,12321,alns_sca_lite,1.00000000,27,16291.93332413,40.72983331,7.66058623,0.00000000,0.57798848,0.14400000
hotspot,400,12321,pso_low_3x4,0.98000000,27,3382.75808819,8.45689522,0.64442882,0.02000000,0.21639533,0.04200000
hotspot,400,12321,pso_mid_6x8,0.96250000,27,3880.96023850,9.70240060,0.51855371,0.03750000,0.39691953,0.14700000
hotspot,400,12321,pso_high_12x16,0.99750000,27,3292.30266671,8.23075667,0.67956298,0.00250000,0.35554212,0.61500000
hotspot,400,12322,kmeans_grid,0.75750000,20,15510.78794554,38.77696986,0.00000000,0.24250000,0.45996037,0.00500000
hotspot,400,12322,gno,0.99750000,40,5192.73038805,12.98182597,2.28988496,0.00250000,0.49335928,0.00600000
hotspot,400,12322,alns_no_refine,0.99750000,28,7166.20098292,17.91550246,2.86691626,0.00250000,0.42727481,0.09100000
hotspot,400,12322,fixed_gno_refine,1.00000000,40,13226.10029364,33.06525073,9.08772169,0.00000000,0.49681618,0.07300000
hotspot,400,12322,alns_sca_lite,1.00000000,26,14229.30015564,35.57325039,9.01006487,0.00000000,0.52783909,0.14300000
hotspot,400,12322,pso_low_3x4,0.77250000,26,3598.64351605,8.99660879,0.00000000,0.22750000,0.30895214,0.03400000
hotspot,400,12322,pso_mid_6x8,0.92750000,26,3341.31633655,8.35329084,0.00000000,0.07250000,0.28739334,0.12100000
hotspot,400,12322,pso_high_12x16,0.99500000,26,3573.94228634,8.93485572,1.00908885,0.00500000,0.30335714,0.46200000
hotspot,400,12323,kmeans_grid,0.75750000,20,14630.89985430,36.57724964,0.00000000,0.24250000,0.46270879,0.00600000
hotspot,400,12323,gno,0.99750000,40,5165.80399808,12.91451000,2.58358780,0.00250000,0.48935611,0.00600000
hotspot,400,12323,alns_no_refine,0.99750000,23,7260.45203340,18.15113008,1.84159706,0.00250000,0.49473906,0.07600000
hotspot,400,12323,fixed_gno_refine,1.00000000,40,12251.69129841,30.62922825,8.77983494,0.00000000,0.54833711,0.06600000
hotspot,400,12323,alns_sca_lite,1.00000000,26,14543.53155814,36.35882890,4.73774894,0.00000000,0.60050635,0.13800000
hotspot,400,12323,pso_low_3x4,0.87250000,26,5074.49697666,12.68624244,0.00000000,0.12750000,0.34607859,0.03500000
hotspot,400,12323,pso_mid_6x8,0.88000000,26,3527.84429717,8.81961074,0.00000000,0.12000000,0.36317259,0.13300000
hotspot,400,12323,pso_high_12x16,0.98500000,26,3160.87255317,7.90218138,0.93205554,0.01500000,0.44599069,0.52300000
hotspot,400,12324,kmeans_grid,0.81750000,20,15498.34690511,38.74586726,0.00000000,0.18250000,0.49270091,0.00500000
hotspot,400,12324,gno,1.00000000,40,5015.91019810,12.53977550,2.68929132,0.00000000,0.43137609,0.00600000
hotspot,400,12324,alns_no_refine,1.00000000,25,7894.45274182,19.73613185,1.83357165,0.00000000,0.32149920,0.08100000
hotspot,400,12324,fixed_gno_refine,1.00000000,40,12281.46676614,30.70366692,8.10956719,0.00000000,0.49609832,0.06500000
hotspot,400,12324,alns_sca_lite,1.00000000,27,15345.39764330,38.36349411,11.84967870,0.00000000,0.57972778,0.13100000
hotspot,400,12324,pso_low_3x4,0.85000000,27,4148.27749418,10.37069374,0.00000000,0.15000000,0.38776877,0.03900000
hotspot,400,12324,pso_mid_6x8,0.90250000,27,3976.41477147,9.94103693,0.00000000,0.09750000,0.35021790,0.14600000
hotspot,400,12324,pso_high_12x16,0.97750000,27,3462.68864298,8.65672161,0.58477629,0.02250000,0.24711135,0.58000000
hotspot,400,12325,kmeans_grid,0.87000000,20,15612.67560941,39.03168902,0.00000000,0.13000000,0.50578222,0.00500000
hotspot,400,12325,gno,1.00000000,40,5504.00991456,13.76002479,2.31142071,0.00000000,0.39101327,0.00800000
hotspot,400,12325,alns_no_refine,1.00000000,23,7247.45679448,18.11864199,2.33537420,0.00000000,0.47858784,0.07800000
hotspot,400,12325,fixed_gno_refine,1.00000000,40,5504.00991456,13.76002479,2.31142071,0.00000000,0.39101327,0.06200000
hotspot,400,12325,alns_sca_lite,1.00000000,25,14772.46779780,36.93116949,9.29170508,0.00000000,0.56309331,0.12500000
hotspot,400,12325,pso_low_3x4,0.77500000,25,3829.99512166,9.57498780,0.00000000,0.22500000,0.39357713,0.03100000
hotspot,400,12325,pso_mid_6x8,0.89500000,25,3999.41891904,9.99854730,0.00000000,0.10500000,0.23898531,0.10100000
hotspot,400,12325,pso_high_12x16,0.98250000,25,3835.69675250,9.58924188,0.65989438,0.01750000,0.40900605,0.54300000
hotspot,400,12326,kmeans_grid,0.78250000,20,16011.54528111,40.02886320,0.00000000,0.21750000,0.50199148,0.00600000
hotspot,400,12326,gno,1.00000000,40,6013.65344677,15.03413362,1.97366299,0.00000000,0.33884821,0.00700000
hotspot,400,12326,alns_no_refine,1.00000000,23,8759.94548140,21.89986370,2.36924033,0.00000000,0.39267866,0.07900000
hotspot,400,12326,fixed_gno_refine,1.00000000,40,14170.94543125,35.42736358,9.77660868,0.00000000,0.52738387,0.06300000
hotspot,400,12326,alns_sca_lite,1.00000000,23,15015.72157103,37.53930393,8.34988634,0.00000000,0.51356353,0.13500000
hotspot,400,12326,pso_low_3x4,0.93500000,23,4038.16407902,10.09541020,0.00000000,0.06500000,0.28514103,0.03700000
hotspot,400,12326,pso_mid_6x8,0.89000000,23,3626.52056380,9.06630141,0.00000000,0.11000000,0.37195426,0.12500000
hotspot,400,12326,pso_high_12x16,0.89750000,23,4472.53536044,11.18133840,0.00000000,0.10250000,0.26884217,0.46200000
hotspot,400,12327,kmeans_grid,0.77000000,20,16115.55932369,40.28889831,0.00000000,0.23000000,0.51593757,0.00500000
hotspot,400,12327,gno,0.99750000,40,5817.86524214,14.54466311,1.77516846,0.00250000,0.40909904,0.00700000
hotspot,400,12327,alns_no_refine,0.99750000,26,7339.21492792,18.34803732,1.69125212,0.00250000,0.46171221,0.08400000
hotspot,400,12327,fixed_gno_refine,0.99750000,40,5817.86524214,14.54466311,1.77516846,0.00250000,0.40909904,0.06900000
hotspot,400,12327,alns_sca_lite,0.99750000,26,7903.34326210,19.75835816,2.16481294,0.00250000,0.50829143,0.13800000
hotspot,400,12327,pso_low_3x4,0.89500000,26,3485.45804295,8.71364511,0.00000000,0.10500000,0.43500856,0.04000000
hotspot,400,12327,pso_mid_6x8,0.90500000,26,3258.37234212,8.14593086,0.00000000,0.09500000,0.31301958,0.12600000
hotspot,400,12327,pso_high_12x16,0.99250000,26,3852.10407625,9.63026019,0.68430870,0.00750000,0.40470373,0.52700000
hotspot,400,12328,kmeans_grid,0.81750000,20,14065.33966377,35.16334916,0.00000000,0.18250000,0.49681927,0.00600000
hotspot,400,12328,gno,0.99500000,40,5617.55342054,14.04388355,1.92026291,0.00500000,0.36154367,0.00600000
hotspot,400,12328,alns_no_refine,0.99500000,25,7565.52775437,18.91381939,1.67959486,0.00500000,0.42979604,0.08000000
hotspot,400,12328,fixed_gno_refine,1.00000000,40,13110.58388920,32.77645972,9.13705787,0.00000000,0.55609794,0.06300000
hotspot,400,12328,alns_sca_lite,1.00000000,26,14779.84411240,36.94961028,9.53097265,0.00000000,0.59203594,0.12800000
hotspot,400,12328,pso_low_3x4,0.79500000,26,3463.81868842,8.65954672,0.00000000,0.20500000,0.24782615,0.03700000
hotspot,400,12328,pso_mid_6x8,0.94000000,26,4239.70477425,10.59926194,0.00000000,0.06000000,0.30891922,0.14600000
hotspot,400,12328,pso_high_12x16,0.99750000,26,3576.91660573,8.94229151,0.92719651,0.00250000,0.18831702,0.53000000
hotspot,400,12329,kmeans_grid,0.80250000,20,16283.54905884,40.70887265,0.00000000,0.19750000,0.50132253,0.00500000
hotspot,400,12329,gno,1.00000000,40,5581.89167991,13.95472920,2.10142654,0.00000000,0.47834676,0.00600000
hotspot,400,12329,alns_no_refine,1.00000000,25,7997.52317783,19.99380794,2.67106960,0.00000000,0.48882968,0.07600000
hotspot,400,12329,fixed_gno_refine,1.00000000,40,14268.99723057,35.67249308,9.07324061,0.00000000,0.48599681,0.06200000
hotspot,400,12329,alns_sca_lite,1.00000000,23,13996.42710159,34.99106775,4.22587281,0.00000000,0.45686827,0.12500000
hotspot,400,12329,pso_low_3x4,0.77000000,23,4348.25642683,10.87064107,0.00000000,0.23000000,0.34315476,0.02900000
hotspot,400,12329,pso_mid_6x8,0.92250000,23,3607.56258619,9.01890647,0.00000000,0.07750000,0.24950830,0.12200000
hotspot,400,12329,pso_high_12x16,0.96500000,23,4266.10192541,10.66525481,0.53071178,0.03500000,0.27188300,0.48200000
corridor,100,13000,kmeans_grid,0.96000000,5,9954.40019301,99.54400193,0.89151049,0.04000000,0.79705415,0.00100000
corridor,100,13000,gno,1.00000000,10,6033.77339399,60.33773394,21.82082654,0.00000000,0.82703265,0.00000000
corridor,100,13000,alns_no_refine,1.00000000,6,9074.13426781,90.74134268,20.15161907,0.00000000,0.76181086,0.00400000
corridor,100,13000,fixed_gno_refine,1.00000000,10,6490.90045043,64.90900450,24.65555775,0.00000000,0.83517335,0.00600000
corridor,100,13000,alns_sca_lite,1.00000000,6,10073.01015555,100.73010156,25.41536948,0.00000000,0.85847038,0.00700000
corridor,100,13000,pso_low_3x4,1.00000000,6,3145.00560100,31.45005601,4.12132450,0.00000000,0.51558710,0.00200000
corridor,100,13000,pso_mid_6x8,1.00000000,6,2900.25949107,29.00259491,1.03440202,0.00000000,0.60564179,0.00900000
corridor,100,13000,pso_high_12x16,1.00000000,6,4413.13335366,44.13133354,3.72199116,0.00000000,0.68531374,0.03300000
corridor,100,13001,kmeans_grid,0.87000000,5,8790.97367288,87.90973673,0.00000000,0.13000000,0.65957029,0.00100000
corridor,100,13001,gno,1.00000000,10,6667.86602490,66.67866025,22.82376890,0.00000000,0.82479510,0.00000000
corridor,100,13001,alns_no_refine,1.00000000,6,8822.92142502,88.22921425,17.21875699,0.00000000,0.76228487,0.00400000
corridor,100,13001,fixed_gno_refine,1.00000000,10,7534.56587195,75.34565872,25.50145136,0.00000000,0.88500437,0.00500000
corridor,100,13001,alns_sca_lite,1.00000000,6,9678.44231567,96.78442316,22.65925853,0.00000000,0.76617555,0.00800000
corridor,100,13001,pso_low_3x4,0.97000000,6,3224.13439502,32.24134395,0.62340327,0.03000000,0.49224883,0.00200000
corridor,100,13001,pso_mid_6x8,1.00000000,6,2595.45042231,25.95450422,2.12381190,0.00000000,0.25214808,0.00900000
corridor,100,13001,pso_high_12x16,1.00000000,6,4340.79410467,43.40794105,1.34568234,0.00000000,0.60922276,0.03400000
corridor,100,13002,kmeans_grid,0.89000000,5,9215.34133201,92.15341332,0.00000000,0.11000000,0.75158616,0.00000000
corridor,100,13002,gno,1.00000000,10,6222.60315313,62.22603153,20.22272197,0.00000000,0.81879005,0.00100000
corridor,100,13002,alns_no_refine,1.00000000,6,8449.60889105,84.49608891,22.91304518,0.00000000,0.80952827,0.00300000
corridor,100,13002,fixed_gno_refine,1.00000000,10,7140.86725554,71.40867256,29.84598483,0.00000000,0.88008675,0.00700000
corridor,100,13002,alns_sca_lite,1.00000000,6,9769.06062276,97.69060623,24.58869649,0.00000000,0.84289139,0.00800000
corridor,100,13002,pso_low_3x4,1.00000000,6,2460.33235811,24.60332358,1.85560210,0.00000000,0.50905729,0.00200000
corridor,100,13002,pso_mid_6x8,1.00000000,6,3373.08264510,33.73082645,0.97497836,0.00000000,0.25091048,0.00700000
corridor,100,13002,pso_high_12x16,1.00000000,6,5467.41151212,54.67411512,0.82540514,0.00000000,0.66573004,0.03900000
corridor,100,13003,kmeans_grid,0.98000000,5,11394.58475876,113.94584759,31.51728807,0.02000000,0.84210961,0.00000000
corridor,100,13003,gno,1.00000000,10,5981.20008473,59.81200085,20.46745121,0.00000000,0.85241699,0.00100000
corridor,100,13003,alns_no_refine,1.00000000,5,9176.28968814,91.76289688,2.63172086,0.00000000,0.80299418,0.00400000
corridor,100,13003,fixed_gno_refine,1.00000000,10,7754.52225109,77.54522251,26.48653995,0.00000000,0.86145691,0.00500000
corridor,100,13003,alns_sca_lite,1.00000000,6,10163.20996163,101.63209962,22.25183075,0.00000000,0.79997833,0.00900000
corridor,100,13003,pso_low_3x4,0.99000000,6,2976.79653436,29.76796534,1.47222839,0.01000000,0.67140696,0.00200000
corridor,100,13003,pso_mid_6x8,1.00000000,6,2481.19269974,24.81192700,1.57957425,0.00000000,0.49004823,0.00900000
corridor,100,13003,pso_high_12x16,1.00000000,6,3575.08908999,35.75089090,0.93528104,0.00000000,0.70456855,0.03600000
corridor,100,13004,kmeans_grid,0.89000000,5,9474.18640579,94.74186406,0.00000000,0.11000000,0.71972615,0.00000000
corridor,100,13004,gno,1.00000000,10,6108.47984318,61.08479843,21.97097068,0.00000000,0.83362635,0.00100000
corridor,100,13004,alns_no_refine,1.00000000,7,8176.99282002,81.76992820,20.73680762,0.00000000,0.79413669,0.00400000
corridor,100,13004,fixed_gno_refine,1.00000000,10,6408.87628035,64.08876280,22.51420226,0.00000000,0.84994879,0.00700000
corridor,100,13004,alns_sca_lite,1.00000000,7,9085.10089304,90.85100893,28.29212203,0.00000000,0.84498521,0.00900000
corridor,100,13004,pso_low_3x4,1.00000000,7,2417.83262906,24.17832629,6.62545379,0.00000000,0.68616304,0.00200000
corridor,100,13004,pso_mid_6x8,1.00000000,7,3865.49561775,38.65495618,8.65712620,0.00000000,0.39720532,0.00800000
corridor,100,13004,pso_high_12x16,1.00000000,7,4911.71030487,49.11710305,13.03241389,0.00000000,0.74573098,0.03800000
corridor,100,13005,kmeans_grid,0.94000000,5,9365.48437136,93.65484371,0.00000000,0.06000000,0.77101684,0.00100000
corridor,100,13005,gno,1.00000000,10,5961.43732163,59.61437322,18.83432238,0.00000000,0.77186782,0.00100000
corridor,100,13005,alns_no_refine,1.00000000,6,7352.35242819,73.52352428,14.33057022,0.00000000,0.70370133,0.00500000
corridor,100,13005,fixed_gno_refine,1.00000000,10,6819.16101018,68.19161010,22.22423772,0.00000000,0.80211168,0.00600000
corridor,100,13005,alns_sca_lite,1.00000000,6,9572.71151825,95.72711518,28.34151308,0.00000000,0.85098914,0.00800000
corridor,100,13005,pso_low_3x4,1.00000000,6,3084.86255888,30.84862559,6.50822633,0.00000000,0.38042841,0.00200000
corridor,100,13005,pso_mid_6x8,1.00000000,6,2956.58022926,29.56580229,1.18337889,0.00000000,0.48487834,0.00700000
corridor,100,13005,pso_high_12x16,1.00000000,6,3238.40464920,32.38404649,3.18172004,0.00000000,0.44454445,0.02400000
corridor,100,13006,kmeans_grid,0.89000000,5,9227.14900949,92.27149009,0.00000000,0.11000000,0.69550531,0.00100000
corridor,100,13006,gno,1.00000000,10,5668.23183799,56.68231838,21.29808523,0.00000000,0.81720172,0.00000000
corridor,100,13006,alns_no_refine,1.00000000,6,9568.13988369,95.68139884,20.19920194,0.00000000,0.79390347,0.00400000
corridor,100,13006,fixed_gno_refine,1.00000000,10,6137.37745380,61.37377454,21.98473632,0.00000000,0.84818954,0.00600000
corridor,100,13006,alns_sca_lite,1.00000000,7,9238.31052176,92.38310522,31.51494533,0.00000000,0.87547440,0.00900000
corridor,100,13006,pso_low_3x4,1.00000000,7,3673.61282565,36.73612826,4.84665398,0.00000000,0.63178252,0.00300000
corridor,100,13006,pso_mid_6x8,1.00000000,7,3532.96712585,35.32967126,1.93006750,0.00000000,0.54793972,0.00900000
corridor,100,13006,pso_high_12x16,1.00000000,7,4129.58459856,41.29584599,1.45292669,0.00000000,0.60269060,0.03800000
corridor,100,13007,kmeans_grid,0.90000000,5,9530.19790617,95.30197906,0.00000000,0.10000000,0.72518615,0.00100000
corridor,100,13007,gno,1.00000000,10,6057.18019431,60.57180194,21.08049058,0.00000000,0.77844327,0.00000000
corridor,100,13007,alns_no_refine,1.00000000,7,7302.47600853,73.02476009,20.20581295,0.00000000,0.78370755,0.00500000
corridor,100,13007,fixed_gno_refine,1.00000000,10,6643.39819071,66.43398191,22.58337049,0.00000000,0.79939958,0.00600000
corridor,100,13007,alns_sca_lite,1.00000000,6,9175.85736055,91.75857361,24.91513486,0.00000000,0.82912392,0.00800000
corridor,100,13007,pso_low_3x4,0.93000000,6,3480.18665703,34.80186657,0.00000000,0.07000000,0.50151685,0.00200000
corridor,100,13007,pso_mid_6x8,1.00000000,6,2464.66989345,24.64669893,2.41166990,0.00000000,0.61619615,0.00800000
corridor,100,13007,pso_high_12x16,1.00000000,6,4072.66867765,40.72668678,15.16761376,0.00000000,0.76822825,0.03400000
corridor,100,13008,kmeans_grid,0.95000000,5,10204.91060559,102.04910606,0.00000000,0.05000000,0.77833774,0.00100000
corridor,100,13008,gno,1.00000000,10,6488.07841653,64.88078417,22.63813268,0.00000000,0.79325926,0.00000000
corridor,100,13008,alns_no_refine,1.00000000,7,8473.56912158,84.73569122,29.39990825,0.00000000,0.81987010,0.00400000
corridor,100,13008,fixed_gno_refine,1.00000000,10,7477.29964614,74.77299646,28.24845635,0.00000000,0.85157776,0.00600000
corridor,100,13008,alns_sca_lite,1.00000000,6,9960.42880408,99.60428804,25.86521430,0.00000000,0.82820317,0.00800000
corridor,100,13008,pso_low_3x4,1.00000000,6,2654.69791445,26.54697914,1.76869413,0.00000000,0.68053021,0.00200000
corridor,100,13008,pso_mid_6x8,1.00000000,6,2775.47985208,27.75479852,6.54954109,0.00000000,0.69641219,0.00800000
corridor,100,13008,pso_high_12x16,1.00000000,6,4210.69488188,42.10694882,4.86489895,0.00000000,0.72135975,0.03400000
corridor,100,13009,kmeans_grid,0.97000000,5,10104.56483930,101.04564839,3.49764522,0.03000000,0.80970037,0.00000000
corridor,100,13009,gno,1.00000000,10,6416.54560505,64.16545605,22.20351404,0.00000000,0.78804440,0.00000000
corridor,100,13009,alns_no_refine,1.00000000,7,9075.03114858,90.75031149,25.22017173,0.00000000,0.85215432,0.00400000
corridor,100,13009,fixed_gno_refine,1.00000000,10,6752.25017724,67.52250177,23.25507865,0.00000000,0.79726182,0.00600000
corridor,100,13009,alns_sca_lite,1.00000000,6,10426.37868719,104.26378687,31.51757236,0.00000000,0.86226524,0.00800000
corridor,100,13009,pso_low_3x4,1.00000000,6,2423.25192766,24.23251928,0.98950143,0.00000000,0.52003649,0.00200000
corridor,100,13009,pso_mid_6x8,1.00000000,6,3366.80949656,33.66809497,1.41915599,0.00000000,0.67732354,0.00900000
corridor,100,13009,pso_high_12x16,1.00000000,6,4133.35041495,41.33350415,1.61589663,0.00000000,0.65285731,0.03200000
corridor,100,13010,kmeans_grid,0.95000000,5,10141.65196058,101.41651961,0.00000000,0.05000000,0.79577618,0.00100000
corridor,100,13010,gno,1.00000000,10,5908.13564451,59.08135645,21.89827456,0.00000000,0.81027787,0.00000000
corridor,100,13010,alns_no_refine,1.00000000,6,8636.11575463,86.36115755,20.84248757,0.00000000,0.74214201,0.00300000
corridor,100,13010,fixed_gno_refine,1.00000000,10,6285.26014459,62.85260145,21.61199140,0.00000000,0.83941532,0.00600000
corridor,100,13010,alns_sca_lite,1.00000000,7,9089.67411036,90.89674110,28.87039637,0.00000000,0.85458407,0.00900000
corridor,100,13010,pso_low_3x4,1.00000000,7,3476.93019290,34.76930193,8.37467533,0.00000000,0.71827159,0.00200000
corridor,100,13010,pso_mid_6x8,1.00000000,7,4280.55467735,42.80554677,4.24563399,0.00000000,0.48462213,0.00800000
corridor,100,13010,pso_high_12x16,1.00000000,7,5067.88186861,50.67881869,14.82733319,0.00000000,0.62868884,0.04100000
corridor,100,13011,kmeans_grid,0.88000000,5,10006.33603606,100.06336036,0.00000000,0.12000000,0.71071236,0.00000000
corridor,100,13011,gno,1.00000000,10,5907.42099208,59.07420992,20.10228497,0.00000000,0.79180395,0.00100000
corridor,100,13011,alns_no_refine,1.00000000,7,6751.83272865,67.51832729,20.06473190,0.00000000,0.79381733,0.00400000
corridor,100,13011,fixed_gno_refine,1.00000000,10,6761.85751520,67.61857515,23.86217659,0.00000000,0.83780143,0.00600000
corridor,100,13011,alns_sca_lite,1.00000000,6,9490.04836657,94.90048367,22.93455696,0.00000000,0.84008375,0.01000000
corridor,100,13011,pso_low_3x4,0.99000000,6,2442.42923895,24.42429239,2.26841293,0.01000000,0.60228986,0.00200000
corridor,100,13011,pso_mid_6x8,1.00000000,6,2908.87406709,29.08874067,1.10974480,0.00000000,0.59731788,0.00800000
corridor,100,13011,pso_high_12x16,1.00000000,6,3903.88417315,39.03884173,2.13825205,0.00000000,0.41715095,0.02700000
corridor,100,13012,kmeans_grid,0.97000000,5,10980.46889476,109.80468895,23.58531415,0.03000000,0.83097885,0.00100000
corridor,100,13012,gno,1.00000000,10,5891.35493108,58.91354931,19.62164428,0.00000000,0.79393970,0.00000000
corridor,100,13012,alns_no_refine,1.00000000,6,9365.15879890,93.65158799,23.22450702,0.00000000,0.79861598,0.00300000
corridor,100,13012,fixed_gno_refine,1.00000000,10,6442.76835018,64.42768350,19.78745706,0.00000000,0.83558635,0.00600000
corridor,100,13012,alns_sca_lite,1.00000000,7,8118.58517962,81.18585180,20.38923632,0.00000000,0.79458020,0.00800000
corridor,100,13012,pso_low_3x4,0.99000000,7,1998.44830107,19.98448301,1.14970380,0.01000000,0.56811319,0.00200000
corridor,100,13012,pso_mid_6x8,1.00000000,7,3991.79710005,39.91797100,1.79493202,0.00000000,0.55176627,0.01000000
corridor,100,13012,pso_high_12x16,1.00000000,7,4843.28034895,48.43280349,7.95124616,0.00000000,0.43726810,0.03300000
corridor,100,13013,kmeans_grid,0.94000000,5,10682.44481939,106.82444819,0.00000000,0.06000000,0.78010275,0.00100000
corridor,100,13013,gno,1.00000000,10,6144.77269501,61.44772695,20.69025422,0.00000000,0.72443838,0.00100000
corridor,100,13013,alns_no_refine,1.00000000,6,9388.98132862,93.88981329,22.84515971,0.00000000,0.74461454,0.00400000
corridor,100,13013,fixed_gno_refine,1.00000000,10,7309.93536692,73.09935367,28.94534143,0.00000000,0.83499543,0.00500000
corridor,100,13013,alns_sca_lite,1.00000000,6,9395.60963015,93.95609630,22.02996916,0.00000000,0.75730550,0.00800000
corridor,100,13013,pso_low_3x4,0.99000000,6,2306.17164351,23.06171644,0.98383402,0.01000000,0.53089425,0.00200000
corridor,100,13013,pso_mid_6x8,1.00000000,6,2127.98413063,21.27984131,1.51333284,0.00000000,0.35719368,0.00800000
corridor,100,13013,pso_high_12x16,1.00000000,6,5044.01195447,50.44011954,5.80131535,0.00000000,0.35638635,0.03200000
corridor,100,13014,kmeans_grid,0.97000000,5,9876.56082799,98.76560828,0.72336622,0.03000000,0.75790093,0.00000000
corridor,100,13014,gno,1.00000000,10,5301.25134894,53.01251349,21.38076613,0.00000000,0.82145081,0.00100000
corridor,100,13014,alns_no_refine,1.00000000,7,7424.02765505,74.24027655,26.47265170,0.00000000,0.80187792,0.00300000
corridor,100,13014,fixed_gno_refine,1.00000000,10,6225.36725552,62.25367256,20.06770524,0.00000000,0.83235519,0.00600000
corridor,100,13014,alns_sca_lite,1.00000000,7,7122.18867427,71.22188674,21.06940024,0.00000000,0.79645561,0.00900000
corridor,100,13014,pso_low_3x4,1.00000000,7,2732.97314862,27.32973149,6.85655039,0.00000000,0.79356744,0.00200000
corridor,100,13014,pso_mid_6x8,1.00000000,7,3550.17504630,35.50175046,1.46276010,0.00000000,0.53406315,0.00900000
corridor,100,13014,pso_high_12x16,1.00000000,7,4245.07071890,42.45070719,1.38838247,0.00000000,0.53582122,0.03900000
corridor,100,13015,kmeans_grid,0.85000000,5,7778.86778279,77.78867783,0.00000000,0.15000000,0.67182811,0.00000000
corridor,100,13015,gno,1.00000000,10,5827.97409282,58.27974093,20.23600776,0.00000000,0.77109094,0.00100000
corridor,100,13015,alns_no_refine,1.00000000,8,7434.19743937,74.34197439,22.77838785,0.00000000,0.80754063,0.00400000
corridor,100,13015,fixed_gno_refine,1.00000000,10,7120.16029508,71.20160295,23.43692517,0.00000000,0.81714765,0.00600000
corridor,100,13015,alns_sca_lite,1.00000000,6,9095.19923782,90.95199238,19.49397016,0.00000000,0.80963760,0.00800000
corridor,100,13015,pso_low_3x4,1.00000000,6,2182.65454361,21.82654544,1.05055612,0.00000000,0.23637777,0.00200000
corridor,100,13015,pso_mid_6x8,1.00000000,6,3396.37917215,33.96379172,2.55451955,0.00000000,0.69020938,0.00800000
corridor,100,13015,pso_high_12x16,1.00000000,6,3611.00105707,36.11001057,1.47939240,0.00000000,0.56194695,0.02800000
corridor,100,13016,kmeans_grid,0.93000000,5,10246.55858289,102.46558583,0.00000000,0.07000000,0.73886678,0.00100000
corridor,100,13016,gno,1.00000000,10,6390.11229294,63.90112293,19.43117472,0.00000000,0.82241300,0.00000000
corridor,100,13016,alns_no_refine,1.00000000,6,9196.87362949,91.96873629,17.95818712,0.00000000,0.79061843,0.00400000
corridor,100,13016,fixed_gno_refine,1.00000000,10,7094.45716735,70.94457167,28.38588209,0.00000000,0.86953493,0.00600000
corridor,100,13016,alns_sca_lite,1.00000000,6,10947.09970059,109.47099701,33.43155838,0.00000000,0.86463400,0.00700000
corridor,100,13016,pso_low_3x4,0.99000000,6,2554.51230524,25.54512305,4.63346879,0.01000000,0.50736598,0.00200000
corridor,100,13016,pso_mid_6x8,1.00000000,6,3703.07401493,37.03074015,8.62201818,0.00000000,0.51697336,0.00900000
corridor,100,13016,pso_high_12x16,1.00000000,6,3923.27917273,39.23279173,1.58162706,0.00000000,0.63790345,0.03200000
corridor,100,13017,kmeans_grid,0.96000000,5,9683.01350282,96.83013503,0.69753032,0.04000000,0.77193630,0.00100000
corridor,100,13017,gno,1.00000000,10,5797.77389637,57.97773896,19.73019184,0.00000000,0.73396856,0.00000000
corridor,100,13017,alns_no_refine,1.00000000,6,10016.56934102,100.16569341,24.27160108,0.00000000,0.78816968,0.00400000
corridor,100,13017,fixed_gno_refine,1.00000000,10,6656.07947992,66.56079480,22.21838075,0.00000000,0.83288815,0.00600000
corridor,100,13017,alns_sca_lite,1.00000000,6,9673.23038139,96.73230381,24.79306415,0.00000000,0.80546326,0.00800000
corridor,100,13017,pso_low_3x4,0.99000000,6,5013.83764952,50.13837650,3.31172990,0.01000000,0.32485684,0.00300000
corridor,100,13017,pso_mid_6x8,1.00000000,6,3903.23427744,39.03234277,5.97083170,0.00000000,0.41699824,0.00700000
corridor,100,13017,pso_high_12x16,1.00000000,6,4791.92815154,47.91928152,0.95518329,0.00000000,0.53878900,0.03600000
corridor,100,13018,kmeans_grid,0.87000000,5,7930.92122125,79.30921221,0.00000000,0.13000000,0.66196816,0.00000000
corridor,100,13018,gno,1.00000000,10,6298.86225130,62.98862251,20.52857138,0.00000000,0.72883787,0.00100000
corridor,100,13018,alns_no_refine,1.00000000,7,8205.54628364,82.05546284,6.74622897,0.00000000,0.72667479,0.00500000
corridor,100,13018,fixed_gno_refine,1.00000000,10,6900.66996719,69.00669967,25.78203921,0.00000000,0.75261429,0.00600000
corridor,100,13018,alns_sca_lite,1.00000000,7,8040.78023863,80.40780239,22.18870455,0.00000000,0.74986751,0.00900000
corridor,100,13018,pso_low_3x4,0.95000000,7,2202.09098705,22.02090987,0.00000000,0.05000000,0.39622992,0.00300000
corridor,100,13018,pso_mid_6x8,1.00000000,7,3475.59456690,34.75594567,3.01660492,0.00000000,0.63425230,0.01000000
corridor,100,13018,pso_high_12x16,1.00000000,7,4070.50994035,40.70509940,1.40256281,0.00000000,0.64751539,0.04600000
corridor,100,13019,kmeans_grid,0.93000000,5,10280.60588703,102.80605887,0.00000000,0.07000000,0.78061368,0.00100000
corridor,100,13019,gno,1.00000000,10,6124.92929255,61.24929293,21.79816585,0.00000000,0.81103487,0.00000000
corridor,100,13019,alns_no_refine,1.00000000,6,9390.03262568,93.90032626,25.32697091,0.00000000,0.77585431,0.00300000
corridor,100,13019,fixed_gno_refine,1.00000000,10,6765.15415402,67.65154154,26.68795136,0.00000000,0.86174021,0.00600000
corridor,100,13019,alns_sca_lite,1.00000000,6,10326.09069950,103.26090699,26.54688012,0.00000000,0.83162561,0.00700000
corridor,100,13019,pso_low_3x4,0.96000000,6,2307.38885723,23.07388857,0.74688453,0.04000000,0.46142527,0.00200000
corridor,100,13019,pso_mid_6x8,1.00000000,6,2629.38306410,26.29383064,2.36157000,0.00000000,0.51455825,0.00700000
corridor,100,13019,pso_high_12x16,1.00000000,6,5461.43495633,54.61434956,1.12810932,0.00000000,0.53506665,0.03400000
corridor,100,13020,kmeans_grid,0.91000000,5,10228.48438331,102.28484383,0.00000000,0.09000000,0.74923197,0.00100000
corridor,100,13020,gno,1.00000000,10,5711.99309680,57.11993097,20.14714194,0.00000000,0.82432534,0.00000000
corridor,100,13020,alns_no_refine,1.00000000,7,8055.05455716,80.55054557,20.51344418,0.00000000,0.77123131,0.00400000
corridor,100,13020,fixed_gno_refine,1.00000000,10,6727.77034945,67.27770349,23.19842228,0.00000000,0.83672027,0.00600000
corridor,100,13020,alns_sca_lite,1.00000000,7,8711.54932651,87.11549327,24.18002378,0.00000000,0.81558102,0.00900000
corridor,100,13020,pso_low_3x4,1.00000000,7,3193.38523596,31.93385236,0.78877932,0.00000000,0.59761855,0.00200000
corridor,100,13020,pso_mid_6x8,1.00000000,7,2861.71402586,28.61714026,2.86578518,0.00000000,0.74011014,0.01000000
corridor,100,13020,pso_high_12x16,1.00000000,7,3284.34950983,32.84349510,1.80996854,0.00000000,0.55518664,0.03300000
corridor,100,13021,kmeans_grid,0.84000000,5,8570.26542817,85.70265428,0.00000000,0.16000000,0.63764358,0.00000000
corridor,100,13021,gno,1.00000000,10,5760.80162121,57.60801621,22.64237123,0.00000000,0.80330347,0.00100000
corridor,100,13021,alns_no_refine,1.00000000,7,7852.27181728,78.52271817,25.39235505,0.00000000,0.83866230,0.00400000
corridor,100,13021,fixed_gno_refine,1.00000000,10,6904.25732929,69.04257329,21.97040200,0.00000000,0.82823136,0.00600000
corridor,100,13021,alns_sca_lite,1.00000000,6,9915.13730994,99.15137310,25.49566513,0.00000000,0.80108195,0.00800000
corridor,100,13021,pso_low_3x4,1.00000000,6,2875.88434971,28.75884350,1.66984128,0.00000000,0.62861518,0.00300000
corridor,100,13021,pso_mid_6x8,1.00000000,6,3024.45492165,30.24454922,1.09179560,0.00000000,0.52123054,0.00800000
corridor,100,13021,pso_high_12x16,1.00000000,6,4938.73589887,49.38735899,3.32585933,0.00000000,0.43460060,0.02900000
corridor,100,13022,kmeans_grid,0.92000000,5,9847.83425885,98.47834259,0.00000000,0.08000000,0.77051186,0.00100000
corridor,100,13022,gno,1.00000000,10,5954.91807589,59.54918076,23.97985531,0.00000000,0.80622097,0.00000000
corridor,100,13022,alns_no_refine,1.00000000,6,7439.76256168,74.39762562,20.26269782,0.00000000,0.68908431,0.00400000
corridor,100,13022,fixed_gno_refine,1.00000000,10,6441.28406262,64.41284063,22.30694939,0.00000000,0.81735509,0.00700000
corridor,100,13022,alns_sca_lite,1.00000000,6,9475.55312925,94.75553129,23.67710074,0.00000000,0.83432661,0.00900000
corridor,100,13022,pso_low_3x4,1.00000000,6,2559.51041056,25.59510411,0.96122439,0.00000000,0.47011592,0.00200000
corridor,100,13022,pso_mid_6x8,1.00000000,6,3729.83286011,37.29832860,1.16607176,0.00000000,0.50949052,0.01000000
corridor,100,13022,pso_high_12x16,1.00000000,6,5453.91122739,54.53911227,14.21764658,0.00000000,0.71296815,0.04200000
corridor,100,13023,kmeans_grid,0.95000000,5,10441.87993199,104.41879932,0.00000000,0.05000000,0.79850033,0.00100000
corridor,100,13023,gno,1.00000000,10,6171.63928146,61.71639281,22.70782521,0.00000000,0.82363264,0.00000000
corridor,100,13023,alns_no_refine,1.00000000,7,6610.22410735,66.10224107,20.19560675,0.00000000,0.79771054,0.00400000
corridor,100,13023,fixed_gno_refine,1.00000000,10,7570.36519195,75.70365192,28.80999222,0.00000000,0.86402850,0.00600000
corridor,100,13023,alns_sca_lite,1.00000000,7,8639.03061001,86.39030610,23.19998459,0.00000000,0.83672260,0.01000000
corridor,100,13023,pso_low_3x4,1.00000000,7,3315.95660672,33.15956607,2.70737300,0.00000000,0.74114861,0.00300000
corridor,100,13023,pso_mid_6x8,1.00000000,7,3539.58787376,35.39587874,1.15200865,0.00000000,0.55451226,0.00900000
corridor,100,13023,pso_high_12x16,1.00000000,7,3081.15451615,30.81154516,2.64926950,0.00000000,0.58566856,0.03900000
corridor,100,13024,kmeans_grid,0.95000000,5,10043.82831746,100.43828317,0.00000000,0.05000000,0.78539100,0.00100000
corridor,100,13024,gno,1.00000000,10,5321.23815695,53.21238157,20.20220263,0.00000000,0.79517663,0.00000000
corridor,100,13024,alns_no_refine,1.00000000,6,7184.98961644,71.84989616,20.26050468,0.00000000,0.71316990,0.00400000
corridor,100,13024,fixed_gno_refine,1.00000000,10,6129.84685746,61.29846857,24.83976669,0.00000000,0.80423447,0.00600000
corridor,100,13024,alns_sca_lite,1.00000000,6,9598.57199546,95.98571995,24.91242825,0.00000000,0.82136231,0.00800000
corridor,100,13024,pso_low_3x4,0.98000000,6,2723.83832297,27.23838323,0.65074493,0.02000000,0.48411068,0.00200000
corridor,100,13024,pso_mid_6x8,1.00000000,6,2613.87701199,26.13877012,1.37938878,0.00000000,0.44553401,0.00800000
corridor,100,13024,pso_high_12x16,1.00000000,6,3300.27997876,33.00279979,2.29096188,0.00000000,0.55602334,0.02900000
corridor,100,13025,kmeans_grid,0.95000000,5,9922.28563551,99.22285636,0.00000000,0.05000000,0.74845928,0.00100000
corridor,100,13025,gno,1.00000000,10,5634.62625938,56.34626259,18.98153778,0.00000000,0.79092893,0.00000000
corridor,100,13025,alns_no_refine,1.00000000,6,7712.51688822,77.12516888,24.87439666,0.00000000,0.80275055,0.00400000
corridor,100,13025,fixed_gno_refine,1.00000000,10,6166.43212505,61.66432125,24.83073331,0.00000000,0.83395183,0.00600000
corridor,100,13025,alns_sca_lite,1.00000000,6,9438.71819307,94.38718193,22.08456079,0.00000000,0.80987986,0.00900000
corridor,100,13025,pso_low_3x4,1.00000000,6,1771.31389341,17.71313893,1.52466585,0.00000000,0.50198439,0.00300000
corridor,100,13025,pso_mid_6x8,1.00000000,6,3764.18442119,37.64184421,2.71234511,0.00000000,0.70042251,0.01000000
corridor,100,13025,pso_high_12x16,1.00000000,6,3449.78077309,34.49780773,1.13160533,0.00000000,0.30294631,0.02800000
corridor,100,13026,kmeans_grid,0.92000000,5,9277.12424409,92.77124244,0.00000000,0.08000000,0.73628611,0.00100000
corridor,100,13026,gno,1.00000000,10,5952.58357160,59.52583572,19.51774605,0.00000000,0.76338271,0.00100000
corridor,100,13026,alns_no_refine,1.00000000,7,8273.18495815,82.73184958,23.57319340,0.00000000,0.78547589,0.00500000
corridor,100,13026,fixed_gno_refine,1.00000000,10,7039.86865546,70.39868655,26.54834107,0.00000000,0.85146738,0.00600000
corridor,100,13026,alns_sca_lite,1.00000000,6,8707.80131762,87.07801318,23.84301745,0.00000000,0.80473590,0.00900000
corridor,100,13026,pso_low_3x4,0.99000000,6,1970.66349011,19.70663490,1.52718129,0.01000000,0.66896421,0.00200000
corridor,100,13026,pso_mid_6x8,1.00000000,6,4117.38754218,41.17387542,2.26881765,0.00000000,0.47070523,0.01000000
corridor,100,13026,pso_high_12x16,1.00000000,6,3291.98193403,32.91981934,0.80760092,0.00000000,0.50595275,0.03400000
corridor,100,13027,kmeans_grid,0.96000000,5,10654.30139416,106.54301394,1.41581988,0.04000000,0.79860958,0.00100000
corridor,100,13027,gno,1.00000000,10,6912.66668443,69.12666684,20.11233383,0.00000000,0.82081773,0.00000000
corridor,100,13027,alns_no_refine,1.00000000,6,9888.59586169,98.88595862,23.40888140,0.00000000,0.81217851,0.00400000
corridor,100,13027,fixed_gno_refine,1.00000000,10,7981.24642580,79.81246426,25.70394896,0.00000000,0.85206028,0.00600000
corridor,100,13027,alns_sca_lite,1.00000000,6,10820.30848902,108.20308489,27.37248216,0.00000000,0.84844047,0.00800000
corridor,100,13027,pso_low_3x4,1.00000000,6,2729.29567495,27.29295675,1.74267378,0.00000000,0.58989734,0.00200000
corridor,100,13027,pso_mid_6x8,1.00000000,6,3528.56275365,35.28562754,3.25914589,0.00000000,0.69012311,0.00800000
corridor,100,13027,pso_high_12x16,1.00000000,6,4577.06152032,45.77061520,11.46525283,0.00000000,0.72514196,0.03700000
corridor,100,13028,kmeans_grid,0.95000000,5,9774.29555557,97.74295556,0.00000000,0.05000000,0.76916252,0.00100000
corridor,100,13028,gno,1.00000000,10,5959.08642960,59.59086430,18.65524681,0.00000000,0.74871959,0.00000000
corridor,100,13028,alns_no_refine,1.00000000,5,7934.19839725,79.34198397,19.03864822,0.00000000,0.73591576,0.00400000
corridor,100,13028,fixed_gno_refine,1.00000000,10,7132.16532378,71.32165324,23.77880148,0.00000000,0.84191203,0.00600000
corridor,100,13028,alns_sca_lite,1.00000000,7,9332.03565472,93.32035655,24.94754503,0.00000000,0.84779715,0.00900000
corridor,100,13028,pso_low_3x4,1.00000000,7,3313.87865463,33.13878655,1.59099908,0.00000000,0.59963278,0.00200000
corridor,100,13028,pso_mid_6x8,1.00000000,7,3829.74552275,38.29745523,1.47232804,0.00000000,0.58977477,0.01100000
corridor,100,13028,pso_high_12x16,1.00000000,7,4710.50452001,47.10504520,10.74967500,0.00000000,0.59394548,0.04000000
corridor,100,13029,kmeans_grid,0.94000000,5,9927.15027446,99.27150274,0.00000000,0.06000000,0.78805361,0.00100000
corridor,100,13029,gno,1.00000000,10,5698.35664482,56.98356645,22.51260189,0.00000000,0.85265324,0.00000000
corridor,100,13029,alns_no_refine,1.00000000,7,8584.94062968,85.84940630,22.99826620,0.00000000,0.82695752,0.00400000
corridor,100,13029,fixed_gno_refine,1.00000000,10,6004.83735955,60.04837360,24.83968467,0.00000000,0.88536706,0.00600000
corridor,100,13029,alns_sca_lite,1.00000000,6,9919.09313568,99.19093136,23.64196344,0.00000000,0.84246567,0.00700000
corridor,100,13029,pso_low_3x4,0.98000000,6,3273.89232158,32.73892322,0.77548517,0.02000000,0.56318763,0.00200000
corridor,100,13029,pso_mid_6x8,1.00000000,6,3489.72166412,34.89721664,0.84459460,0.00000000,0.54971727,0.00700000
corridor,100,13029,pso_high_12x16,1.00000000,6,3521.30178772,35.21301788,1.29861522,0.00000000,0.55754837,0.03000000
corridor,200,13100,kmeans_grid,0.87500000,10,11683.54040019,58.41770200,0.00000000,0.12500000,0.68397926,0.00200000
corridor,200,13100,gno,1.00000000,20,4979.40379789,24.89701899,12.87275867,0.00000000,0.85540081,0.00100000
corridor,200,13100,alns_no_refine,1.00000000,13,7648.79934533,38.24399673,15.85737309,0.00000000,0.74636352,0.01700000
corridor,200,13100,fixed_gno_refine,1.00000000,20,8692.77348703,43.46386744,19.02875098,0.00000000,0.82388150,0.01800000
corridor,200,13100,alns_sca_lite,1.00000000,12,11810.24328853,59.05121644,16.11294064,0.00000000,0.80098635,0.02900000
corridor,200,13100,pso_low_3x4,1.00000000,12,2379.87603017,11.89938015,0.72964182,0.00000000,0.52543122,0.00800000
corridor,200,13100,pso_mid_6x8,0.99000000,12,2391.41265530,11.95706328,0.79016477,0.01000000,0.59716236,0.03100000
corridor,200,13100,pso_high_12x16,1.00000000,12,3363.59309089,16.81796545,0.88897507,0.00000000,0.46499644,0.12400000
corridor,200,13101,kmeans_grid,0.81000000,10,10353.00222231,51.76501111,0.00000000,0.19000000,0.57398614,0.00200000
corridor,200,13101,gno,1.00000000,20,5247.21302743,26.23606514,12.12194418,0.00000000,0.73946444,0.00200000
corridor,200,13101,alns_no_refine,1.00000000,12,8071.70683591,40.35853418,12.69145840,0.00000000,0.71828833,0.01800000
corridor,200,13101,fixed_gno_refine,1.00000000,20,8837.67839250,44.18839196,17.86218559,0.00000000,0.83923629,0.01900000
corridor,200,13101,alns_sca_lite,1.00000000,13,11565.77300750,57.82886504,19.74637719,0.00000000,0.83619332,0.03200000
corridor,200,13101,pso_low_3x4,0.98000000,13,2902.40226125,14.51201131,0.64679588,0.02000000,0.50030279,0.01000000
corridor,200,13101,pso_mid_6x8,0.99500000,13,1909.37079219,9.54685396,0.99645992,0.00500000,0.61493018,0.03600000
corridor,200,13101,pso_high_12x16,1.00000000,13,2656.27730888,13.28138654,2.00389607,0.00000000,0.61665678,0.10300000
corridor,200,13102,kmeans_grid,0.92500000,10,12360.27657948,61.80138290,0.00000000,0.07500000,0.72067131,0.00100000
corridor,200,13102,gno,1.00000000,20,5223.89986268,26.11949931,11.61268238,0.00000000,0.78562713,0.00200000
corridor,200,13102,alns_no_refine,1.00000000,12,8540.72205650,42.70361028,6.63347945,0.00000000,0.74267677,0.01600000
corridor,200,13102,fixed_gno_refine,1.00000000,20,7603.80453394,38.01902267,15.36172339,0.00000000,0.78597249,0.01800000
corridor,200,13102,alns_sca_lite,1.00000000,11,11611.79754439,58.05898772,10.07739395,0.00000000,0.75308929,0.02900000
corridor,200,13102,pso_low_3x4,0.97000000,11,2805.15894866,14.02579474,1.78115477,0.03000000,0.65908134,0.00800000
corridor,200,13102,pso_mid_6x8,0.98000000,11,2244.75081621,11.22375408,0.60239853,0.02000000,0.51017986,0.03000000
corridor,200,13102,pso_high_12x16,1.00000000,11,3729.88750718,18.64943754,1.06899068,0.00000000,0.44934504,0.12400000
corridor,200,13103,kmeans_grid,0.91000000,10,10421.54310781,52.10771554,0.00000000,0.09000000,0.63309600,0.00200000
corridor,200,13103,gno,1.00000000,20,5196.82671840,25.98413359,12.70933963,0.00000000,0.81500396,0.00200000
corridor,200,13103,alns_no_refine,1.00000000,12,8533.05193191,42.66525966,13.16021922,0.00000000,0.74702681,0.01700000
corridor,200,13103,fixed_gno_refine,1.00000000,20,7911.25747407,39.55628737,17.28891482,0.00000000,0.83515080,0.02100000
corridor,200,13103,alns_sca_lite,1.00000000,12,9988.15529877,49.94077649,17.97614516,0.00000000,0.77728318,0.03400000
corridor,200,13103,pso_low_3x4,0.97000000,12,2541.48058251,12.70740291,0.52362921,0.03000000,0.43878248,0.00900000
corridor,200,13103,pso_mid_6x8,1.00000000,12,2483.88404244,12.41942021,0.89476391,0.00000000,0.43778669,0.06800000
corridor,200,13103,pso_high_12x16,1.00000000,12,2300.47454736,11.50237274,1.40765072,0.00000000,0.51536344,0.14200000
corridor,200,13104,kmeans_grid,0.92000000,10,10835.90285673,54.17951428,0.00000000,0.08000000,0.67996331,0.00200000
corridor,200,13104,gno,1.00000000,20,4922.25438898,24.61127194,12.18329466,0.00000000,0.81792810,0.00200000
corridor,200,13104,alns_no_refine,1.00000000,11,8635.72886076,43.17864430,12.82791345,0.00000000,0.74482479,0.01700000
corridor,200,13104,fixed_gno_refine,1.00000000,20,7415.88968604,37.07944843,18.34805684,0.00000000,0.83998437,0.02000000
corridor,200,13104,alns_sca_lite,1.00000000,12,11242.11806078,56.21059030,18.36343574,0.00000000,0.82455648,0.03000000
corridor,200,13104,pso_low_3x4,0.96000000,12,2264.11396012,11.32056980,0.59900899,0.04000000,0.37892499,0.00900000
corridor,200,13104,pso_mid_6x8,1.00000000,12,2495.66733492,12.47833667,1.08189474,0.00000000,0.44790398,0.03200000
corridor,200,13104,pso_high_12x16,1.00000000,12,2590.64768969,12.95323845,1.55543219,0.00000000,0.46369989,0.10900000
corridor,200,13105,kmeans_grid,0.88000000,10,10565.04029564,52.82520148,0.00000000,0.12000000,0.68984449,0.00100000
corridor,200,13105,gno,1.00000000,20,4784.19336386,23.92096682,12.48020176,0.00000000,0.86262265,0.00200000
corridor,200,13105,alns_no_refine,1.00000000,12,8066.68785287,40.33343926,17.52942209,0.00000000,0.80281616,0.01600000
corridor,200,13105,fixed_gno_refine,1.00000000,20,8380.42874486,41.90214372,17.41003493,0.00000000,0.83586148,0.01900000
corridor,200,13105,alns_sca_lite,1.00000000,11,11438.00596370,57.19002982,18.12860737,0.00000000,0.80049921,0.03200000
corridor,200,13105,pso_low_3x4,0.85000000,11,1804.65424123,9.02327121,0.00000000,0.15000000,0.27257690,0.00900000
corridor,200,13105,pso_mid_6x8,1.00000000,11,2513.61457653,12.56807288,1.52748634,0.00000000,0.50651560,0.02800000
corridor,200,13105,pso_high_12x16,1.00000000,11,2715.45047151,13.57725236,3.04247821,0.00000000,0.74022336,0.09900000
corridor,200,13106,kmeans_grid,0.82000000,10,10475.01143406,52.37505717,0.00000000,0.18000000,0.57727112,0.00200000
corridor,200,13106,gno,1.00000000,20,5313.67280353,26.56836402,14.41546506,0.00000000,0.85564695,0.00200000
corridor,200,13106,alns_no_refine,1.00000000,13,8335.02036209,41.67510181,16.84862414,0.00000000,0.79749359,0.01900000
corridor,200,13106,fixed_gno_refine,1.00000000,20,7991.78210103,39.95891051,17.60382159,0.00000000,0.82067097,0.01900000
corridor,200,13106,alns_sca_lite,1.00000000,13,10808.19849850,54.04099249,19.72248213,0.00000000,0.83818248,0.03400000
corridor,200,13106,pso_low_3x4,0.99500000,13,2384.42518670,11.92212593,0.91214025,0.00500000,0.51477252,0.01100000
corridor,200,13106,pso_mid_6x8,1.00000000,13,2171.67417831,10.85837089,1.02718488,0.00000000,0.44693044,0.03000000
corridor,200,13106,pso_high_12x16,1.00000000,13,2488.90243062,12.44451215,0.71959263,0.00000000,0.41383431,0.11100000
corridor,200,13107,kmeans_grid,0.89000000,10,12288.23570385,61.44117852,0.00000000,0.11000000,0.71291229,0.00100000
corridor,200,13107,gno,1.00000000,20,4813.91643917,24.06958220,12.64983493,0.00000000,0.87288480,0.00200000
corridor,200,13107,alns_no_refine,1.00000000,13,8399.62885586,41.99814428,18.26747992,0.00000000,0.80043481,0.01800000
corridor,200,13107,fixed_gno_refine,1.00000000,20,7668.05969467,38.34029847,16.95802949,0.00000000,0.84616054,0.01900000
corridor,200,13107,alns_sca_lite,1.00000000,13,9866.95977138,49.33479886,14.81141673,0.00000000,0.77583440,0.03100000
corridor,200,13107,pso_low_3x4,0.93500000,13,2430.44483337,12.15222417,0.00000000,0.06500000,0.39949546,0.00900000
corridor,200,13107,pso_mid_6x8,0.99500000,13,2690.44473888,13.45222369,1.01058732,0.00500000,0.42258401,0.03700000
corridor,200,13107,pso_high_12x16,1.00000000,13,2228.39096297,11.14195481,1.31663845,0.00000000,0.37513659,0.11000000
corridor,200,13108,kmeans_grid,0.86000000,10,11909.63405638,59.54817028,0.00000000,0.14000000,0.68387514,0.00100000
corridor,200,13108,gno,1.00000000,20,5148.20745537,25.74103728,13.20940086,0.00000000,0.84750306,0.00200000
corridor,200,13108,alns_no_refine,1.00000000,12,8883.50699216,44.41753496,16.25671605,0.00000000,0.79631154,0.01800000
corridor,200,13108,fixed_gno_refine,1.00000000,20,8786.94362960,43.93471815,17.86315203,0.00000000,0.82748945,0.01800000
corridor,200,13108,alns_sca_lite,1.00000000,12,11598.47078492,57.99235392,18.79541037,0.00000000,0.82672947,0.02800000
corridor,200,13108,pso_low_3x4,0.96500000,12,3450.49192227,17.25245961,0.54190977,0.03500000,0.43133203,0.00900000
corridor,200,13108,pso_mid_6x8,0.97500000,12,3247.32503605,16.23662518,0.63489612,0.02500000,0.43524760,0.03000000
corridor,200,13108,pso_high_12x16,1.00000000,12,2901.49380723,14.50746904,0.75291694,0.00000000,0.48570361,0.13200000
corridor,200,13109,kmeans_grid,0.77500000,10,10133.53400734,50.66767004,0.00000000,0.22500000,0.52733668,0.00100000
corridor,200,13109,gno,1.00000000,20,5190.22714070,25.95113570,13.48840196,0.00000000,0.85864645,0.00200000
corridor,200,13109,alns_no_refine,1.00000000,13,9000.57543234,45.00287716,14.80157682,0.00000000,0.74443274,0.01700000
corridor,200,13109,fixed_gno_refine,1.00000000,20,9001.98692273,45.00993461,20.04516337,0.00000000,0.87279077,0.01800000
corridor,200,13109,alns_sca_lite,1.00000000,12,12100.21784332,60.50108922,19.80367768,0.00000000,0.80845823,0.02900000
corridor,200,13109,pso_low_3x4,0.99000000,12,2253.29334051,11.26646670,0.70991366,0.01000000,0.39625161,0.00800000
corridor,200,13109,pso_mid_6x8,1.00000000,12,3053.92543520,15.26962718,1.01947742,0.00000000,0.45770936,0.03400000
corridor,200,13109,pso_high_12x16,1.00000000,12,3124.45983715,15.62229919,4.50973709,0.00000000,0.73092017,0.13100000
corridor,200,13110,kmeans_grid,0.86000000,10,11379.03285945,56.89516430,0.00000000,0.14000000,0.63426538,0.00100000
corridor,200,13110,gno,1.00000000,20,5277.56709001,26.38783545,13.86405749,0.00000000,0.85778035,0.00200000
corridor,200,13110,alns_no_refine,1.00000000,12,9519.45245198,47.59726226,19.72885031,0.00000000,0.77946592,0.01600000
corridor,200,13110,fixed_gno_refine,1.00000000,20,7426.91602256,37.13458011,17.15339626,0.00000000,0.86868293,0.01900000
corridor,200,13110,alns_sca_lite,1.00000000,13,9829.92113323,49.14960567,18.52943364,0.00000000,0.84197059,0.03400000
corridor,200,13110,pso_low_3x4,0.99500000,13,1848.64574704,9.24322874,0.91326684,0.00500000,0.58980424,0.00600000
corridor,200,13110,pso_mid_6x8,0.99500000,13,2416.13932582,12.08069663,0.98861011,0.00500000,0.53377503,0.03300000
corridor,200,13110,pso_high_12x16,1.00000000,13,3285.57899717,16.42789499,0.61279122,0.00000000,0.46149297,0.11800000
corridor,200,13111,kmeans_grid,0.87500000,10,11532.84771232,57.66423856,0.00000000,0.12500000,0.65371339,0.00200000
corridor,200,13111,gno,1.00000000,20,5217.57520594,26.08787603,14.90300547,0.00000000,0.87281031,0.00200000
corridor,200,13111,alns_no_refine,1.00000000,12,8591.99696362,42.95998482,17.15011582,0.00000000,0.81447445,0.01500000
corridor,200,13111,fixed_gno_refine,1.00000000,20,9314.30144385,46.57150722,20.51115633,0.00000000,0.84596464,0.02000000
corridor,200,13111,alns_sca_lite,1.00000000,12,12125.08249720,60.62541249,16.02714213,0.00000000,0.80538873,0.03300000
corridor,200,13111,pso_low_3x4,0.91000000,12,2202.26158068,11.01130790,0.00000000,0.09000000,0.28449324,0.00800000
corridor,200,13111,pso_mid_6x8,0.99500000,12,2217.87762621,11.08938813,1.07518766,0.00500000,0.63119446,0.03600000
corridor,200,13111,pso_high_12x16,1.00000000,12,2798.81320262,13.99406601,1.06436445,0.00000000,0.54182603,0.12900000
corridor,200,13112,kmeans_grid,0.89000000,10,10653.19760819,53.26598804,0.00000000,0.11000000,0.67352559,0.00200000
corridor,200,13112,gno,1.00000000,20,5381.68631596,26.90843158,12.52061853,0.00000000,0.68152024,0.00200000
corridor,200,13112,alns_no_refine,1.00000000,12,7633.95446393,38.16977232,3.26985004,0.00000000,0.63376961,0.01700000
corridor,200,13112,fixed_gno_refine,1.00000000,20,7976.02494989,39.88012475,17.98314730,0.00000000,0.79354574,0.02000000
corridor,200,13112,alns_sca_lite,1.00000000,12,10424.42212935,52.12211065,20.28652345,0.00000000,0.80290832,0.03200000
corridor,200,13112,pso_low_3x4,0.95000000,12,3792.08089136,18.96040446,0.00000000,0.05000000,0.39091417,0.00800000
corridor,200,13112,pso_mid_6x8,1.00000000,12,1961.14000057,9.80570000,0.86808087,0.00000000,0.38691988,0.04200000
corridor,200,13112,pso_high_12x16,1.00000000,12,3192.99785963,15.96498930,1.55937665,0.00000000,0.49398826,0.13700000
corridor,200,13113,kmeans_grid,0.80500000,10,10332.49369962,51.66246850,0.00000000,0.19500000,0.57475236,0.00200000
corridor,200,13113,gno,1.00000000,20,5301.44704908,26.50723525,14.14250082,0.00000000,0.87353559,0.00200000
corridor,200,13113,alns_no_refine,1.00000000,13,8075.13061140,40.37565306,15.20035002,0.00000000,0.80134844,0.01700000
corridor,200,13113,fixed_gno_refine,1.00000000,20,8236.97308348,41.18486542,17.83605162,0.00000000,0.84456452,0.01800000
corridor,200,13113,alns_sca_lite,1.00000000,13,10408.54537085,52.04272685,18.64709318,0.00000000,0.79684003,0.03200000
corridor,200,13113,pso_low_3x4,0.91500000,13,3327.63571585,16.63817858,0.00000000,0.08500000,0.42853012,0.00800000
corridor,200,13113,pso_mid_6x8,1.00000000,13,3606.77652705,18.03388264,1.76396692,0.00000000,0.62153196,0.03600000
corridor,200,13113,pso_high_12x16,1.00000000,13,3270.79451067,16.35397255,1.43929356,0.00000000,0.35835004,0.10800000
corridor,200,13114,kmeans_grid,0.94000000,10,12115.87447652,60.57937238,0.00000000,0.06000000,0.71511750,0.00200000
corridor,200,13114,gno,1.00000000,20,5537.14983112,27.68574916,13.42576089,0.00000000,0.78836205,0.00100000
corridor,200,13114,alns_no_refine,1.00000000,13,8145.25694317,40.72628472,10.21938746,0.00000000,0.65123806,0.01900000
corridor,200,13114,fixed_gno_refine,1.00000000,20,7654.14305111,38.27071526,18.71153304,0.00000000,0.82777481,0.02000000
corridor,200,13114,alns_sca_lite,1.00000000,12,11139.19512549,55.69597563,16.47857788,0.00000000,0.82966481,0.03300000
corridor,200,13114,pso_low_3x4,0.92000000,12,2399.89856208,11.99949281,0.00000000,0.08000000,0.38250153,0.00800000
corridor,200,13114,pso_mid_6x8,1.00000000,12,1967.35338063,9.83676690,1.23998443,0.00000000,0.42004484,0.02800000
corridor,200,13114,pso_high_12x16,1.00000000,12,3142.83767903,15.71418840,1.43260136,0.00000000,0.59670651,0.26700000
corridor,200,13115,kmeans_grid,0.92000000,10,11954.13911074,59.77069555,0.00000000,0.08000000,0.69168890,0.00200000
corridor,200,13115,gno,1.00000000,20,5033.63386009,25.16816930,12.69099632,0.00000000,0.79191600,0.00200000
corridor,200,13115,alns_no_refine,1.00000000,11,10613.81553806,53.06907769,13.67042465,0.00000000,0.75071831,0.01800000
corridor,200,13115,fixed_gno_refine,1.00000000,20,8173.02672828,40.86513364,18.47116738,0.00000000,0.85510941,0.02100000
corridor,200,13115,alns_sca_lite,1.00000000,13,9767.25754573,48.83628773,18.21684446,0.00000000,0.81723958,0.03200000
corridor,200,13115,pso_low_3x4,1.00000000,13,2349.80683797,11.74903419,1.14946328,0.00000000,0.42888498,0.01000000
corridor,200,13115,pso_mid_6x8,1.00000000,13,2825.46053259,14.12730266,1.56999670,0.00000000,0.64167797,0.03700000
corridor,200,13115,pso_high_12x16,1.00000000,13,3690.66421989,18.45332110,1.47383853,0.00000000,0.54732099,0.15600000
corridor,200,13116,kmeans_grid,0.92000000,10,10740.86974950,53.70434875,0.00000000,0.08000000,0.67042373,0.00100000
corridor,200,13116,gno,1.00000000,20,5622.47368458,28.11236842,15.00586797,0.00000000,0.80176544,0.00300000
corridor,200,13116,alns_no_refine,1.00000000,14,8719.51304420,43.59756522,17.81441203,0.00000000,0.80366435,0.01800000
corridor,200,13116,fixed_gno_refine,1.00000000,20,8762.63470667,43.81317353,18.32719115,0.00000000,0.84466621,0.01800000
corridor,200,13116,alns_sca_lite,1.00000000,14,10429.52839875,52.14764199,18.56912792,0.00000000,0.81344756,0.03500000
corridor,200,13116,pso_low_3x4,0.98500000,14,2389.04486201,11.94522431,0.99966193,0.01500000,0.45215526,0.01200000
corridor,200,13116,pso_mid_6x8,1.00000000,14,1876.11826972,9.38059135,1.25070372,0.00000000,0.45615411,0.03600000
corridor,200,13116,pso_high_12x16,1.00000000,14,4250.34640023,21.25173200,1.43323695,0.00000000,0.56411893,0.16100000
corridor,200,13117,kmeans_grid,0.91500000,10,10559.53999033,52.79769995,0.00000000,0.08500000,0.70253981,0.00200000
corridor,200,13117,gno,1.00000000,20,4813.66873495,24.06834367,13.15174579,0.00000000,0.78590734,0.00200000
corridor,200,13117,alns_no_refine,1.00000000,11,9077.37373766,45.38686869,2.59087870,0.00000000,0.70562406,0.01900000
corridor,200,13117,fixed_gno_refine,1.00000000,20,7907.54558684,39.53772793,17.28365411,0.00000000,0.85161601,0.01900000
corridor,200,13117,alns_sca_lite,1.00000000,11,9882.30350315,49.41151752,18.70286342,0.00000000,0.81951900,0.03000000
corridor,200,13117,pso_low_3x4,0.97000000,11,2848.48841098,14.24244205,0.74906497,0.03000000,0.44028189,0.00800000
corridor,200,13117,pso_mid_6x8,0.99500000,11,1828.14906216,9.14074531,1.31645760,0.00500000,0.57445454,0.02700000
corridor,200,13117,pso_high_12x16,1.00000000,11,2160.79338020,10.80396690,1.03468703,0.00000000,0.44498403,0.11800000
corridor,200,13118,kmeans_grid,0.87500000,10,12443.95952848,62.21979764,0.00000000,0.12500000,0.68669630,0.00100000
corridor,200,13118,gno,1.00000000,20,5474.88988237,27.37444941,12.61820800,0.00000000,0.78767180,0.00200000
corridor,200,13118,alns_no_refine,1.00000000,11,9780.37511932,48.90187560,17.16141192,0.00000000,0.69827793,0.01700000
corridor,200,13118,fixed_gno_refine,1.00000000,20,8931.63763951,44.65818820,18.31977302,0.00000000,0.82847527,0.01900000
corridor,200,13118,alns_sca_lite,1.00000000,12,11576.77601468,57.88388007,20.16196469,0.00000000,0.81276237,0.03000000
corridor,200,13118,pso_low_3x4,0.96000000,12,3394.37671187,16.97188356,0.73734999,0.04000000,0.52205037,0.01000000
corridor,200,13118,pso_mid_6x8,0.98500000,12,2188.56969195,10.94284846,1.38404389,0.01500000,0.55060990,0.02800000
corridor,200,13118,pso_high_12x16,1.00000000,12,3171.46931527,15.85734658,0.91125526,0.00000000,0.45776680,0.13300000
corridor,200,13119,kmeans_grid,0.81500000,10,10818.22729906,54.09113650,0.00000000,0.18500000,0.61274398,0.00200000
corridor,200,13119,gno,1.00000000,20,5787.35844819,28.93679224,15.25470701,0.00000000,0.84517957,0.00200000
corridor,200,13119,alns_no_refine,1.00000000,13,8629.81723265,43.14908616,20.18554243,0.00000000,0.78646454,0.01800000
corridor,200,13119,fixed_gno_refine,1.00000000,20,8094.34461786,40.47172309,18.27536640,0.00000000,0.85976040,0.01800000
corridor,200,13119,alns_sca_lite,1.00000000,14,9412.13386752,47.06066934,13.16260439,0.00000000,0.81509543,0.03300000
corridor,200,13119,pso_low_3x4,0.99500000,14,2425.07531950,12.12537660,1.11719094,0.00500000,0.37222890,0.00800000
corridor,200,13119,pso_mid_6x8,1.00000000,14,2666.54018492,13.33270092,1.23474683,0.00000000,0.58401126,0.04000000
corridor,200,13119,pso_high_12x16,1.00000000,14,4182.80249272,20.91401246,0.70482652,0.00000000,0.49711469,0.16200000
corridor,200,13120,kmeans_grid,0.93500000,10,10926.18692820,54.63093464,0.00000000,0.06500000,0.71056391,0.00100000
corridor,200,13120,gno,1.00000000,20,5434.88800750,27.17444004,13.49048513,0.00000000,0.78973727,0.00200000
corridor,200,13120,alns_no_refine,1.00000000,12,8397.84458329,41.98922292,12.14985344,0.00000000,0.68767403,0.01700000
corridor,200,13120,fixed_gno_refine,1.00000000,20,8024.11250260,40.12056251,17.54693119,0.00000000,0.84011344,0.02100000
corridor,200,13120,alns_sca_lite,1.00000000,12,12147.83257126,60.73916286,18.75462697,0.00000000,0.80141843,0.03100000
corridor,200,13120,pso_low_3x4,0.92000000,12,2697.06824686,13.48534123,0.00000000,0.08000000,0.45065053,0.00700000
corridor,200,13120,pso_mid_6x8,0.99500000,12,2139.24124942,10.69620625,0.58533063,0.00500000,0.37576794,0.03600000
corridor,200,13120,pso_high_12x16,0.99500000,12,2133.25910791,10.66629554,1.03266347,0.00500000,0.29136381,0.10800000
corridor,200,13121,kmeans_grid,0.91000000,10,11941.67227528,59.70836138,0.00000000,0.09000000,0.70482873,0.00200000
corridor,200,13121,gno,1.00000000,20,5724.75194369,28.62375972,13.95510720,0.00000000,0.76289302,0.00200000
corridor,200,13121,alns_no_refine,1.00000000,11,10261.03210748,51.30516054,13.06344507,0.00000000,0.70341032,0.01700000
corridor,200,13121,fixed_gno_refine,1.00000000,20,9251.41420333,46.25707102,20.13592159,0.00000000,0.84124670,0.01900000
corridor,200,13121,alns_sca_lite,1.00000000,12,11655.24233071,58.27621165,14.00677390,0.00000000,0.74747433,0.03600000
corridor,200,13121,pso_low_3x4,0.90000000,12,3190.85154353,15.95425772,0.00000000,0.10000000,0.38139756,0.01000000
corridor,200,13121,pso_mid_6x8,0.97000000,12,2966.95610274,14.83478051,1.23931832,0.03000000,0.53694978,0.03300000
corridor,200,13121,pso_high_12x16,1.00000000,12,4102.08506199,20.51042531,2.33817935,0.00000000,0.52563840,0.13600000
corridor,200,13122,kmeans_grid,0.92000000,10,13066.67069327,65.33335347,0.00000000,0.08000000,0.72808934,0.00100000
corridor,200,13122,gno,1.00000000,20,5640.15141421,28.20075707,14.19204362,0.00000000,0.86105191,0.00200000
corridor,200,13122,alns_no_refine,1.00000000,12,9342.45363986,46.71226820,14.95245318,0.00000000,0.80160369,0.01700000
corridor,200,13122,fixed_gno_refine,1.00000000,20,8513.05380731,42.56526904,20.05337095,0.00000000,0.85506161,0.02000000
corridor,200,13122,alns_sca_lite,1.00000000,13,11524.43730735,57.62218654,22.07981552,0.00000000,0.81414401,0.03200000
corridor,200,13122,pso_low_3x4,0.96500000,13,3027.48788514,15.13743943,0.59263401,0.03500000,0.52420189,0.00900000
corridor,200,13122,pso_mid_6x8,0.97500000,13,3213.92294496,16.06961472,0.66456782,0.02500000,0.45665093,0.03100000
corridor,200,13122,pso_high_12x16,1.00000000,13,2212.16092369,11.06080462,1.45270776,0.00000000,0.53278624,0.15000000
corridor,200,13123,kmeans_grid,0.86500000,10,12864.84396112,64.32421981,0.00000000,0.13500000,0.64524279,0.00100000
corridor,200,13123,gno,1.00000000,20,4966.12489871,24.83062449,12.57400630,0.00000000,0.86765573,0.00200000
corridor,200,13123,alns_no_refine,1.00000000,12,9800.28534303,49.00142672,17.25311713,0.00000000,0.76097543,0.01800000
corridor,200,13123,fixed_gno_refine,1.00000000,20,8353.32671522,41.76663358,18.07146813,0.00000000,0.84427644,0.01900000
corridor,200,13123,alns_sca_lite,1.00000000,11,12732.28195275,63.66140976,19.75283243,0.00000000,0.78061723,0.03300000
corridor,200,13123,pso_low_3x4,0.96000000,11,2159.41657591,10.79708288,0.52481758,0.04000000,0.38078510,0.00900000
corridor,200,13123,pso_mid_6x8,0.98500000,11,2313.38295678,11.56691478,0.69467008,0.01500000,0.36778219,0.03000000
corridor,200,13123,pso_high_12x16,0.99500000,11,2335.30534623,11.67652673,0.95381131,0.00500000,0.42427522,0.13200000
corridor,200,13124,kmeans_grid,0.92000000,10,12134.12757164,60.67063786,0.00000000,0.08000000,0.69328474,0.00200000
corridor,200,13124,gno,1.00000000,20,5644.68898882,28.22344494,13.74626417,0.00000000,0.80647425,0.00200000
corridor,200,13124,alns_no_refine,1.00000000,12,8532.40766664,42.66203833,17.33547055,0.00000000,0.81593168,0.02200000
corridor,200,13124,fixed_gno_refine,1.00000000,20,9338.58277438,46.69291387,18.18715878,0.00000000,0.78026330,0.02800000
corridor,200,13124,alns_sca_lite,1.00000000,12,11661.45087082,58.30725435,18.85710350,0.00000000,0.79982612,0.03800000
corridor,200,13124,pso_low_3x4,0.95500000,12,2490.27166880,12.45135834,0.62677323,0.04500000,0.24717663,0.00800000
corridor,200,13124,pso_mid_6x8,0.96000000,12,2471.30183179,12.35650916,0.57329263,0.04000000,0.36669695,0.03500000
corridor,200,13124,pso_high_12x16,1.00000000,12,2825.15747856,14.12578739,2.73117802,0.00000000,0.46486123,0.15900000
corridor,200,13125,kmeans_grid,0.85500000,10,12400.29781836,62.00148909,0.00000000,0.14500000,0.65016255,0.00200000
corridor,200,13125,gno,1.00000000,20,5549.01615946,27.74508080,13.04948659,0.00000000,0.88557879,0.00100000
corridor,200,13125,alns_no_refine,1.00000000,12,9386.69198068,46.93345990,19.63048996,0.00000000,0.84198794,0.01800000
corridor,200,13125,fixed_gno_refine,1.00000000,20,7523.37071647,37.61685358,19.45569624,0.00000000,0.87048474,0.02200000
corridor,200,13125,alns_sca_lite,1.00000000,13,10973.40056866,54.86700284,18.39663365,0.00000000,0.77002349,0.03400000
corridor,200,13125,pso_low_3x4,1.00000000,13,3112.39316680,15.56196583,1.67332105,0.00000000,0.59606917,0.01100000
corridor,200,13125,pso_mid_6x8,1.00000000,13,2296.55809397,11.48279047,0.95045605,0.00000000,0.64512284,0.04000000
corridor,200,13125,pso_high_12x16,1.00000000,13,2391.36043804,11.95680219,1.20565229,0.00000000,0.49512018,0.10900000
corridor,200,13126,kmeans_grid,0.91000000,10,12466.65728917,62.33328645,0.00000000,0.09000000,0.70209887,0.00200000
corridor,200,13126,gno,1.00000000,20,5141.02414706,25.70512074,12.22759967,0.00000000,0.78130026,0.00200000
corridor,200,13126,alns_no_refine,1.00000000,12,7482.57935787,37.41289679,14.01043420,0.00000000,0.80848865,0.01800000
corridor,200,13126,fixed_gno_refine,1.00000000,20,8273.22512328,41.36612562,21.10856113,0.00000000,0.83363080,0.02000000
corridor,200,13126,alns_sca_lite,1.00000000,12,10489.82116246,52.44910581,15.25297993,0.00000000,0.79431121,0.03300000
corridor,200,13126,pso_low_3x4,0.97500000,12,2288.15934375,11.44079672,0.95944272,0.02500000,0.54283267,0.01000000
corridor,200,13126,pso_mid_6x8,1.00000000,12,1941.20224025,9.70601120,1.25028359,0.00000000,0.67039164,0.02600000
corridor,200,13126,pso_high_12x16,1.00000000,12,3792.93371562,18.96466858,1.45442307,0.00000000,0.54624038,0.13900000
corridor,200,13127,kmeans_grid,0.91000000,10,12143.05626420,60.71528132,0.00000000,0.09000000,0.69687796,0.00200000
corridor,200,13127,gno,1.00000000,20,5372.91081266,26.86455406,14.33344940,0.00000000,0.86203921,0.00100000
corridor,200,13127,alns_no_refine,1.00000000,12,10607.71817968,53.03859090,18.79302660,0.00000000,0.80741976,0.01500000
corridor,200,13127,fixed_gno_refine,1.00000000,20,9220.66399464,46.10331997,18.28698740,0.00000000,0.83759837,0.02000000
corridor,200,13127,alns_sca_lite,1.00000000,12,11591.26788295,57.95633941,20.11575924,0.00000000,0.83820338,0.03000000
corridor,200,13127,pso_low_3x4,0.98000000,12,2509.07321219,12.54536606,1.57958626,0.02000000,0.33946229,0.00700000
corridor,200,13127,pso_mid_6x8,0.99000000,12,3221.92639045,16.10963195,1.27300000,0.01000000,0.37472376,0.03400000
corridor,200,13127,pso_high_12x16,1.00000000,12,3170.04595450,15.85022977,0.99444501,0.00000000,0.55209617,0.12600000
corridor,200,13128,kmeans_grid,0.84000000,10,10779.10753502,53.89553768,0.00000000,0.16000000,0.66901573,0.00100000
corridor,200,13128,gno,1.00000000,20,5100.46646577,25.50233233,13.87897769,0.00000000,0.85010109,0.00100000
corridor,200,13128,alns_no_refine,1.00000000,13,6783.81826504,33.91909133,9.49935823,0.00000000,0.80626513,0.01800000
corridor,200,13128,fixed_gno_refine,1.00000000,20,8096.50716872,40.48253584,17.86140754,0.00000000,0.85106751,0.02000000
corridor,200,13128,alns_sca_lite,1.00000000,12,11509.31514053,57.54657570,20.00138506,0.00000000,0.83763649,0.03100000
corridor,200,13128,pso_low_3x4,0.94500000,12,2282.49344956,11.41246725,0.00000000,0.05500000,0.45527825,0.00900000
corridor,200,13128,pso_mid_6x8,1.00000000,12,2641.57003857,13.20785019,2.53600000,0.00000000,0.65526761,0.03100000
corridor,200,13128,pso_high_12x16,1.00000000,12,2607.93490643,13.03967453,0.90004106,0.00000000,0.60446019,0.11700000
corridor,200,13129,kmeans_grid,0.86500000,10,11919.78826944,59.59894135,0.00000000,0.13500000,0.65443522,0.00200000
corridor,200,13129,gno,1.00000000,20,5527.10156794,27.63550784,15.07946754,0.00000000,0.83697645,0.00200000
corridor,200,13129,alns_no_refine,1.00000000,11,9373.95417451,46.86977087,12.38708805,0.00000000,0.78196755,0.01600000
corridor,200,13129,fixed_gno_refine,1.00000000,20,8276.42631277,41.38213156,18.00039855,0.00000000,0.84057133,0.02100000
corridor,200,13129,alns_sca_lite,1.00000000,12,10733.12551929,53.66562760,20.49590772,0.00000000,0.82336348,0.02900000
corridor,200,13129,pso_low_3x4,0.98500000,12,2380.32546044,11.90162730,0.74975825,0.01500000,0.56355855,0.01100000
corridor,200,13129,pso_mid_6x8,0.99000000,12,2064.96316429,10.32481582,0.77963292,0.01000000,0.52230180,0.03900000
corridor,200,13129,pso_high_12x16,1.00000000,12,4029.13254555,20.14566273,2.90643279,0.00000000,0.70772150,0.15800000
corridor,300,13200,kmeans_grid,0.94000000,15,14970.53118033,49.90177060,0.00000000,0.06000000,0.72981249,0.00400000
corridor,300,13200,gno,1.00000000,30,5125.32287592,17.08440959,9.95978783,0.00000000,0.89690962,0.00400000
corridor,300,13200,alns_no_refine,1.00000000,18,9076.83709551,30.25612365,5.94808688,0.00000000,0.73220061,0.04400000
corridor,300,13200,fixed_gno_refine,1.00000000,30,9218.80753295,30.72935844,16.63144609,0.00000000,0.87340658,0.04300000
corridor,300,13200,alns_sca_lite,1.00000000,17,13889.04679892,46.29682266,11.74268454,0.00000000,0.79932230,0.07200000
corridor,300,13200,pso_low_3x4,0.98000000,17,2990.73829744,9.96912766,0.92208304,0.02000000,0.44227627,0.02000000
corridor,300,13200,pso_mid_6x8,0.97333333,17,3710.34284734,12.36780949,0.94106340,0.02666667,0.58863739,0.08400000
corridor,300,13200,pso_high_12x16,1.00000000,17,2395.68500873,7.98561670,0.67165053,0.00000000,0.54410247,0.22200000
corridor,300,13201,kmeans_grid,0.94333333,15,12982.55249823,43.27517499,0.00000000,0.05666667,0.74960899,0.00300000
corridor,300,13201,gno,1.00000000,30,5022.53208651,16.74177362,9.60367373,0.00000000,0.86780490,0.00400000
corridor,300,13201,alns_no_refine,1.00000000,18,8236.24279992,27.45414267,9.75604890,0.00000000,0.77080837,0.03900000
corridor,300,13201,fixed_gno_refine,1.00000000,30,8891.52797913,29.63842660,14.56474867,0.00000000,0.84664870,0.03900000
corridor,300,13201,alns_sca_lite,1.00000000,16,13304.87695847,44.34958986,16.67897319,0.00000000,0.80835248,0.06500000
corridor,300,13201,pso_low_3x4,0.82666667,16,2527.68986616,8.42563289,0.00000000,0.17333333,0.46376036,0.01700000
corridor,300,13201,pso_mid_6x8,0.90333333,16,3445.31358235,11.48437861,0.00000000,0.09666667,0.46943155,0.06500000
corridor,300,13201,pso_high_12x16,0.99333333,16,2808.18167249,9.36060557,1.09831791,0.00666667,0.30088173,0.20300000
corridor,300,13202,kmeans_grid,0.93000000,15,12035.94491306,40.11981638,0.00000000,0.07000000,0.71993670,0.00400000
corridor,300,13202,gno,1.00000000,30,5049.25507750,16.83085026,10.02809498,0.00000000,0.92905594,0.00300000
corridor,300,13202,alns_no_refine,1.00000000,16,10615.84101605,35.38613672,12.57208115,0.00000000,0.81512463,0.03900000
corridor,300,13202,fixed_gno_refine,1.00000000,30,8658.82824645,28.86276082,16.05808579,0.00000000,0.86926384,0.03600000
corridor,300,13202,alns_sca_lite,1.00000000,18,13031.79994293,43.43933314,13.52548722,0.00000000,0.82296781,0.06600000
corridor,300,13202,pso_low_3x4,0.85666667,18,3473.95305055,11.57984350,0.00000000,0.14333333,0.54547810,0.01900000
corridor,300,13202,pso_mid_6x8,0.92000000,18,3494.52330873,11.64841103,0.00000000,0.08000000,0.49631641,0.07700000
corridor,300,13202,pso_high_12x16,1.00000000,18,3244.43893602,10.81479645,0.95498156,0.00000000,0.41261709,0.25300000
corridor,300,13203,kmeans_grid,0.85666667,15,11470.39017246,38.23463391,0.00000000,0.14333333,0.57065225,0.00300000
corridor,300,13203,gno,1.00000000,30,5732.12698861,19.10708996,9.40854793,0.00000000,0.72093246,0.00400000
corridor,300,13203,alns_no_refine,1.00000000,17,10344.88639172,34.48295464,9.93627122,0.00000000,0.65135747,0.03700000
corridor,300,13203,fixed_gno_refine,1.00000000,30,9329.03687794,31.09678959,15.46142962,0.00000000,0.80981313,0.03600000
corridor,300,13203,alns_sca_lite,1.00000000,18,12546.39621868,41.82132073,14.00537721,0.00000000,0.79419198,0.07400000
corridor,300,13203,pso_low_3x4,0.88000000,18,2954.97262965,9.84990877,0.00000000,0.12000000,0.42753326,0.02000000
corridor,300,13203,pso_mid_6x8,0.96666667,18,2318.18668647,7.72728895,0.57477061,0.03333333,0.36539421,0.06800000
corridor,300,13203,pso_high_12x16,1.00000000,18,2115.22476356,7.05074921,0.97980563,0.00000000,0.42017176,0.20200000
corridor,300,13204,kmeans_grid,0.89666667,15,12883.26142446,42.94420475,0.00000000,0.10333333,0.67710417,0.00300000
corridor,300,13204,gno,1.00000000,30,5229.62880286,17.43209601,9.23472404,0.00000000,0.87710999,0.00400000
corridor,300,13204,alns_no_refine,1.00000000,18,8587.05639482,28.62352132,9.50900143,0.00000000,0.82819082,0.03800000
corridor,300,13204,fixed_gno_refine,1.00000000,30,9029.26604442,30.09755348,14.11818224,0.00000000,0.83176249,0.03400000
corridor,300,13204,alns_sca_lite,1.00000000,17,13771.07029228,45.90356764,17.44635467,0.00000000,0.81512488,0.06600000
corridor,300,13204,pso_low_3x4,0.92000000,17,2584.56554180,8.61521847,0.00000000,0.08000000,0.43263954,0.01800000
corridor,300,13204,pso_mid_6x8,0.94333333,17,2969.81736277,9.89939121,0.00000000,0.05666667,0.29122980,0.07000000
corridor,300,13204,pso_high_12x16,0.97666667,17,3987.83903824,13.29279679,0.85955268,0.02333333,0.54925874,0.27100000
corridor,300,13205,kmeans_grid,0.88333333,15,12196.76651863,40.65588840,0.00000000,0.11666667,0.65067565,0.00300000
corridor,300,13205,gno,1.00000000,30,4866.43599997,16.22145333,9.29227529,0.00000000,0.89156326,0.00400000
corridor,300,13205,alns_no_refine,1.00000000,19,7514.17858527,25.04726195,10.84704723,0.00000000,0.78541555,0.04400000
corridor,300,13205,fixed_gno_refine,1.00000000,30,9216.47483255,30.72158278,14.94424110,0.00000000,0.81875121,0.03700000
corridor,300,13205,alns_sca_lite,1.00000000,17,11966.63557493,39.88878525,9.42555026,0.00000000,0.79921698,0.07100000
corridor,300,13205,pso_low_3x4,0.88333333,17,3069.19699245,10.23065664,0.00000000,0.11666667,0.39806703,0.01900000
corridor,300,13205,pso_mid_6x8,0.94666667,17,1674.97093756,5.58323646,0.00000000,0.05333333,0.36048341,0.06700000
corridor,300,13205,pso_high_12x16,1.00000000,17,3060.97641894,10.20325473,1.13011435,0.00000000,0.36277762,0.27300000
corridor,300,13206,kmeans_grid,0.89666667,15,13060.26612737,43.53422042,0.00000000,0.10333333,0.65919934,0.00300000
corridor,300,13206,gno,1.00000000,30,5174.18080624,17.24726935,10.35571913,0.00000000,0.89577829,0.00300000
corridor,300,13206,alns_no_refine,1.00000000,18,8541.45719354,28.47152398,12.05225017,0.00000000,0.81380056,0.03900000
corridor,300,13206,fixed_gno_refine,1.00000000,30,9070.75592253,30.23585308,14.32849999,0.00000000,0.85522233,0.03700000
corridor,300,13206,alns_sca_lite,1.00000000,17,13367.75417544,44.55918058,16.34116966,0.00000000,0.80672645,0.06400000
corridor,300,13206,pso_low_3x4,0.90000000,17,2275.24865490,7.58416218,0.00000000,0.10000000,0.37590816,0.02100000
corridor,300,13206,pso_mid_6x8,0.97666667,17,2799.29969776,9.33099899,0.64479353,0.02333333,0.45425442,0.07000000
corridor,300,13206,pso_high_12x16,0.99000000,17,2172.83415951,7.24278053,0.70214623,0.01000000,0.28543167,0.21400000
corridor,300,13207,kmeans_grid,0.91666667,15,13233.83596536,44.11278655,0.00000000,0.08333333,0.67134310,0.00300000
corridor,300,13207,gno,1.00000000,30,5086.08281733,16.95360939,9.89774925,0.00000000,0.83458083,0.00400000
corridor,300,13207,alns_no_refine,1.00000000,18,8300.53837442,27.66846125,13.52721667,0.00000000,0.84367886,0.03900000
corridor,300,13207,fixed_gno_refine,1.00000000,30,9398.63252465,31.32877508,14.17334810,0.00000000,0.80484551,0.03600000
corridor,300,13207,alns_sca_lite,1.00000000,18,13233.49860368,44.11166201,14.51778559,0.00000000,0.77118366,0.06500000
corridor,300,13207,pso_low_3x4,0.93000000,18,3618.51015423,12.06170051,0.00000000,0.07000000,0.47981759,0.01700000
corridor,300,13207,pso_mid_6x8,0.98000000,18,2872.65762418,9.57552541,0.84581121,0.02000000,0.50719155,0.07200000
corridor,300,13207,pso_high_12x16,1.00000000,18,3441.53328130,11.47177760,1.32083576,0.00000000,0.48918701,0.28500000
corridor,300,13208,kmeans_grid,0.92000000,15,12530.00677294,41.76668924,0.00000000,0.08000000,0.64737598,0.00500000
corridor,300,13208,gno,1.00000000,30,5466.53265920,18.22177553,9.70599620,0.00000000,0.73538877,0.00300000
corridor,300,13208,alns_no_refine,1.00000000,19,8834.22826161,29.44742754,10.31673788,0.00000000,0.74604385,0.03900000
corridor,300,13208,fixed_gno_refine,1.00000000,30,9275.14470342,30.91714901,15.39817924,0.00000000,0.84753192,0.03800000
corridor,300,13208,alns_sca_lite,1.00000000,18,13156.60818498,43.85536062,17.56698499,0.00000000,0.80705258,0.07600000
corridor,300,13208,pso_low_3x4,0.93000000,18,2382.85236823,7.94284123,0.00000000,0.07000000,0.38619081,0.02000000
corridor,300,13208,pso_mid_6x8,0.97333333,18,3365.17613449,11.21725378,0.77517777,0.02666667,0.53734240,0.07800000
corridor,300,13208,pso_high_12x16,0.99333333,18,2647.11168744,8.82370562,0.74381500,0.00666667,0.58062544,0.28900000
corridor,300,13209,kmeans_grid,0.93333333,15,14006.99667690,46.68998892,0.00000000,0.06666667,0.71486677,0.00300000
corridor,300,13209,gno,1.00000000,30,5436.09878993,18.12032930,10.32912962,0.00000000,0.86830309,0.00400000
corridor,300,13209,alns_no_refine,1.00000000,17,10010.92637578,33.36975459,14.83572196,0.00000000,0.79235013,0.03900000
corridor,300,13209,fixed_gno_refine,1.00000000,30,8842.43534994,29.47478450,14.11319280,0.00000000,0.86098565,0.03600000
corridor,300,13209,alns_sca_lite,1.00000000,17,13540.81237358,45.13604125,16.37138811,0.00000000,0.80327506,0.06700000
corridor,300,13209,pso_low_3x4,0.81666667,17,3285.44651206,10.95148837,0.00000000,0.18333333,0.25522861,0.01700000
corridor,300,13209,pso_mid_6x8,0.92666667,17,3410.00163480,11.36667212,0.00000000,0.07333333,0.43671857,0.06100000
corridor,300,13209,pso_high_12x16,0.99333333,17,3324.39671894,11.08132240,0.86877139,0.00666667,0.45508082,0.24700000
corridor,300,13210,kmeans_grid,0.87666667,15,12853.25879714,42.84419599,0.00000000,0.12333333,0.68097520,0.00300000
corridor,300,13210,gno,1.00000000,30,5071.19024959,16.90396750,9.99240761,0.00000000,0.88351361,0.00400000
corridor,300,13210,alns_no_refine,1.00000000,18,8218.70395792,27.39567986,12.61868168,0.00000000,0.87548110,0.03700000
corridor,300,13210,fixed_gno_refine,1.00000000,30,9618.81693552,32.06272312,14.88227423,0.00000000,0.85339002,0.03700000
corridor,300,13210,alns_sca_lite,1.00000000,17,13950.68855960,46.50229520,15.63008421,0.00000000,0.81374263,0.07200000
corridor,300,13210,pso_low_3x4,0.92666667,17,2375.45951420,7.91819838,0.00000000,0.07333333,0.43912512,0.01800000
corridor,300,13210,pso_mid_6x8,0.95666667,17,2937.86952549,9.79289842,0.50337944,0.04333333,0.39812756,0.06800000
corridor,300,13210,pso_high_12x16,1.00000000,17,3225.91173922,10.75303913,1.00363355,0.00000000,0.59094728,0.25100000
corridor,300,13211,kmeans_grid,0.95666667,15,13168.87964472,43.89626548,0.65495052,0.04333333,0.65918336,0.00300000
corridor,300,13211,gno,1.00000000,30,4965.81858544,16.55272862,9.27365258,0.00000000,0.86638949,0.00400000
corridor,300,13211,alns_no_refine,1.00000000,18,8317.50432652,27.72501442,13.47062834,0.00000000,0.85004263,0.04000000
corridor,300,13211,fixed_gno_refine,1.00000000,30,9530.38337719,31.76794459,13.56137321,0.00000000,0.76363820,0.03800000
corridor,300,13211,alns_sca_lite,1.00000000,17,13879.59651238,46.26532171,15.86011116,0.00000000,0.77454184,0.06900000
corridor,300,13211,pso_low_3x4,0.95000000,17,3387.41833700,11.29139446,0.00000000,0.05000000,0.39930764,0.01900000
corridor,300,13211,pso_mid_6x8,0.94333333,17,3664.11373268,12.21371244,0.00000000,0.05666667,0.53612652,0.06800000
corridor,300,13211,pso_high_12x16,0.97666667,17,3311.54430182,11.03848101,0.68701010,0.02333333,0.46043441,0.26400000
corridor,300,13212,kmeans_grid,0.92333333,15,14355.88005664,47.85293352,0.00000000,0.07666667,0.69025868,0.00300000
corridor,300,13212,gno,1.00000000,30,5010.91925920,16.70306420,8.88811014,0.00000000,0.83901230,0.00400000
corridor,300,13212,alns_no_refine,1.00000000,17,9706.24169808,32.35413899,13.55255618,0.00000000,0.78556082,0.03900000
corridor,300,13212,fixed_gno_refine,1.00000000,30,9905.97914990,33.01993050,15.51918411,0.00000000,0.83026884,0.03500000
corridor,300,13212,alns_sca_lite,1.00000000,16,12664.05725531,42.21352418,1.77046228,0.00000000,0.76905877,0.06700000
corridor,300,13212,pso_low_3x4,0.85666667,16,3195.30437523,10.65101458,0.00000000,0.14333333,0.33110534,0.01700000
corridor,300,13212,pso_mid_6x8,0.95666667,16,2651.15254024,8.83717513,0.54453086,0.04333333,0.44724497,0.06600000
corridor,300,13212,pso_high_12x16,1.00000000,16,2457.98566726,8.19328556,1.37578549,0.00000000,0.36159804,0.18100000
corridor,300,13213,kmeans_grid,0.94666667,15,13592.76070123,45.30920234,0.00000000,0.05333333,0.70347128,0.00300000
corridor,300,13213,gno,1.00000000,30,5078.80067374,16.92933558,9.97555095,0.00000000,0.87867641,0.00300000
corridor,300,13213,alns_no_refine,1.00000000,18,8803.02392266,29.34341308,7.61874680,0.00000000,0.79665750,0.04100000
corridor,300,13213,fixed_gno_refine,1.00000000,30,9052.26859906,30.17422866,14.85929001,0.00000000,0.78401547,0.03900000
corridor,300,13213,alns_sca_lite,1.00000000,18,13263.59419244,44.21198064,4.57408604,0.00000000,0.75983618,0.07200000
corridor,300,13213,pso_low_3x4,0.96000000,18,2010.22013819,6.70073379,0.51862491,0.04000000,0.33026998,0.01800000
corridor,300,13213,pso_mid_6x8,0.98333333,18,2704.99155656,9.01663852,1.42188113,0.01666667,0.53781830,0.07500000
corridor,300,13213,pso_high_12x16,1.00000000,18,2725.69240077,9.08564134,0.97498958,0.00000000,0.47916426,0.31000000
corridor,300,13214,kmeans_grid,0.89666667,15,13602.92947997,45.34309827,0.00000000,0.10333333,0.68778868,0.00300000
corridor,300,13214,gno,1.00000000,30,5203.96195576,17.34653985,8.42254081,0.00000000,0.83856548,0.00300000
corridor,300,13214,alns_no_refine,1.00000000,19,8435.50290870,28.11834303,9.57986010,0.00000000,0.75561690,0.04000000
corridor,300,13214,fixed_gno_refine,1.00000000,30,8925.47307962,29.75157693,14.75763506,0.00000000,0.83303046,0.03700000
corridor,300,13214,alns_sca_lite,1.00000000,17,12748.04800693,42.49349336,14.19573104,0.00000000,0.81181931,0.06900000
corridor,300,13214,pso_low_3x4,0.88000000,17,4097.29671618,13.65765572,0.00000000,0.12000000,0.47988633,0.01800000
corridor,300,13214,pso_mid_6x8,0.95666667,17,2818.72070146,9.39573567,0.51231655,0.04333333,0.40422834,0.06900000
corridor,300,13214,pso_high_12x16,0.99000000,17,2561.43240889,8.53810803,0.69122014,0.01000000,0.43024574,0.27700000
corridor,300,13215,kmeans_grid,0.87000000,15,11684.84129281,38.94947098,0.00000000,0.13000000,0.58142830,0.00300000
corridor,300,13215,gno,1.00000000,30,5030.11725353,16.76705751,9.34109482,0.00000000,0.88035882,0.00400000
corridor,300,13215,alns_no_refine,1.00000000,17,9747.61348280,32.49204494,14.18142814,0.00000000,0.77717741,0.03700000
corridor,300,13215,fixed_gno_refine,1.00000000,30,8993.54716011,29.97849053,14.22411758,0.00000000,0.83839074,0.03700000
corridor,300,13215,alns_sca_lite,1.00000000,17,12381.79043634,41.27263479,13.00865690,0.00000000,0.75588262,0.06800000
corridor,300,13215,pso_low_3x4,0.84333333,17,2863.02583925,9.54341946,0.00000000,0.15666667,0.36803469,0.01700000
corridor,300,13215,pso_mid_6x8,0.92666667,17,2355.77644379,7.85258815,0.00000000,0.07333333,0.37336551,0.05700000
corridor,300,13215,pso_high_12x16,1.00000000,17,4015.84773082,13.38615910,1.30553321,0.00000000,0.48531726,0.29800000
corridor,300,13216,kmeans_grid,0.81666667,15,11745.10136716,39.15033789,0.00000000,0.18333333,0.60982821,0.00300000
corridor,300,13216,gno,1.00000000,30,5380.25050905,17.93416836,10.61809084,0.00000000,0.88691926,0.00400000
corridor,300,13216,alns_no_refine,1.00000000,17,9964.75018750,33.21583396,12.36707661,0.00000000,0.84091249,0.03800000
corridor,300,13216,fixed_gno_refine,1.00000000,30,9146.30106385,30.48767021,14.52634123,0.00000000,0.82419708,0.03700000
corridor,300,13216,alns_sca_lite,1.00000000,17,14034.99615219,46.78332051,15.19900379,0.00000000,0.77985236,0.06600000
corridor,300,13216,pso_low_3x4,0.92666667,17,2130.08117620,7.10027059,0.00000000,0.07333333,0.40744981,0.01800000
corridor,300,13216,pso_mid_6x8,0.93000000,17,3125.15066759,10.41716889,0.00000000,0.07000000,0.31003279,0.07000000
corridor,300,13216,pso_high_12x16,1.00000000,17,2249.41018756,7.49803396,1.09397315,0.00000000,0.49739080,0.19900000
corridor,300,13217,kmeans_grid,0.94000000,15,13189.49708872,43.96499030,0.00000000,0.06000000,0.68356197,0.00300000
corridor,300,13217,gno,1.00000000,30,5455.31428428,18.18438095,10.16841436,0.00000000,0.76655445,0.00400000
corridor,300,13217,alns_no_refine,1.00000000,16,10480.81750833,34.93605836,7.41962361,0.00000000,0.67738450,0.03800000
corridor,300,13217,fixed_gno_refine,1.00000000,30,9401.92885364,31.33976285,14.21737366,0.00000000,0.81955803,0.03700000
corridor,300,13217,alns_sca_lite,1.00000000,18,12566.15237074,41.88717457,16.17554896,0.00000000,0.80185446,0.06800000
corridor,300,13217,pso_low_3x4,0.88000000,18,2898.67624097,9.66225414,0.00000000,0.12000000,0.37185987,0.01900000
corridor,300,13217,pso_mid_6x8,0.94666667,18,3684.86786179,12.28289287,0.00000000,0.05333333,0.45377893,0.06400000
corridor,300,13217,pso_high_12x16,0.99000000,18,3197.06183499,10.65687278,1.16932889,0.01000000,0.59401791,0.28000000
corridor,300,13218,kmeans_grid,0.89000000,15,12322.99762658,41.07665876,0.00000000,0.11000000,0.66318536,0.00300000
corridor,300,13218,gno,1.00000000,30,5106.08597443,17.02028658,10.53162743,0.00000000,0.90816093,0.00400000
corridor,300,13218,alns_no_refine,1.00000000,17,9773.75112710,32.57917042,12.60882086,0.00000000,0.73825870,0.03900000
corridor,300,13218,fixed_gno_refine,1.00000000,30,8722.32342771,29.07441143,14.60304285,0.00000000,0.82120577,0.03900000
corridor,300,13218,alns_sca_lite,1.00000000,17,12239.95158475,40.79983862,12.33212697,0.00000000,0.79645732,0.06600000
corridor,300,13218,pso_low_3x4,0.89000000,17,2522.58886496,8.40862955,0.00000000,0.11000000,0.44992874,0.01900000
corridor,300,13218,pso_mid_6x8,0.98666667,17,2034.24184937,6.78080616,0.88915142,0.01333333,0.42121809,0.05500000
corridor,300,13218,pso_high_12x16,1.00000000,17,3692.81777670,12.30939259,1.05496926,0.00000000,0.52021032,0.26800000
corridor,300,13219,kmeans_grid,0.88666667,15,13007.96664897,43.35988883,0.00000000,0.11333333,0.66160068,0.00200000
corridor,300,13219,gno,1.00000000,30,5532.70191800,18.44233973,9.58650363,0.00000000,0.78639756,0.00300000
corridor,300,13219,alns_no_refine,1.00000000,17,9956.51454201,33.18838181,11.32875268,0.00000000,0.71836308,0.03700000
corridor,300,13219,fixed_gno_refine,1.00000000,30,9568.14331486,31.89381105,15.27959849,0.00000000,0.83606608,0.03400000
corridor,300,13219,alns_sca_lite,1.00000000,17,13920.02082627,46.40006942,19.10997230,0.00000000,0.80768271,0.06600000
corridor,300,13219,pso_low_3x4,0.93000000,17,2714.97849424,9.04992831,0.00000000,0.07000000,0.51841394,0.01900000
corridor,300,13219,pso_mid_6x8,0.96000000,17,2528.35942616,8.42786475,0.55456502,0.04000000,0.58635977,0.06300000
corridor,300,13219,pso_high_12x16,0.98333333,17,2823.46286629,9.41154289,0.70101115,0.01666667,0.34244273,0.25500000
corridor,300,13220,kmeans_grid,0.92666667,15,12104.60858296,40.34869528,0.00000000,0.07333333,0.68144893,0.00300000
corridor,300,13220,gno,1.00000000,30,5032.21848811,16.77406163,10.50940268,0.00000000,0.91459578,0.00300000
corridor,300,13220,alns_no_refine,1.00000000,17,8582.18066523,28.60726888,4.83071487,0.00000000,0.78889831,0.03800000
corridor,300,13220,fixed_gno_refine,1.00000000,30,8723.25062868,29.07750210,15.44140825,0.00000000,0.87082162,0.03700000
corridor,300,13220,alns_sca_lite,1.00000000,17,11789.45951644,39.29819839,14.52441681,0.00000000,0.81877056,0.06500000
corridor,300,13220,pso_low_3x4,0.84666667,17,2577.13150002,8.59043833,0.00000000,0.15333333,0.28343685,0.01500000
corridor,300,13220,pso_mid_6x8,0.99000000,17,2914.28634791,9.71428783,0.79308051,0.01000000,0.58028228,0.06700000
corridor,300,13220,pso_high_12x16,1.00000000,17,3093.29592333,10.31098641,0.96421132,0.00000000,0.49402757,0.28500000
corridor,300,13221,kmeans_grid,0.80000000,15,11516.22828721,38.38742762,0.00000000,0.20000000,0.55866516,0.00300000
corridor,300,13221,gno,1.00000000,30,5286.66839600,17.62222799,9.95950605,0.00000000,0.86896159,0.00400000
corridor,300,13221,alns_no_refine,1.00000000,18,9670.94158135,32.23647194,14.75306047,0.00000000,0.83610108,0.03900000
corridor,300,13221,fixed_gno_refine,1.00000000,30,9722.79309187,32.40931031,16.03662176,0.00000000,0.83739842,0.03900000
corridor,300,13221,alns_sca_lite,1.00000000,17,13447.69553783,44.82565179,16.94530733,0.00000000,0.81711413,0.07200000
corridor,300,13221,pso_low_3x4,0.84000000,17,3739.46445007,12.46488150,0.00000000,0.16000000,0.46829556,0.01800000
corridor,300,13221,pso_mid_6x8,0.99000000,17,2001.50795976,6.67169320,0.88314715,0.01000000,0.37508781,0.07300000
corridor,300,13221,pso_high_12x16,0.98000000,17,2930.56399695,9.76854666,0.92984274,0.02000000,0.64570435,0.28700000
corridor,300,13222,kmeans_grid,0.92333333,15,12206.59644553,40.68865482,0.00000000,0.07666667,0.67486139,0.00300000
corridor,300,13222,gno,1.00000000,30,5087.29898436,16.95766328,10.16722570,0.00000000,0.87399211,0.00500000
corridor,300,13222,alns_no_refine,1.00000000,18,8846.96051852,29.48986840,13.77497484,0.00000000,0.82158147,0.04000000
corridor,300,13222,fixed_gno_refine,1.00000000,30,9251.49743214,30.83832477,16.26389650,0.00000000,0.85075821,0.03900000
corridor,300,13222,alns_sca_lite,1.00000000,19,12899.93837479,42.99979458,16.91876355,0.00000000,0.83533755,0.07400000
corridor,300,13222,pso_low_3x4,0.95666667,19,2878.24123848,9.59413746,0.50378161,0.04333333,0.53619200,0.02300000
corridor,300,13222,pso_mid_6x8,0.98666667,19,2120.94042940,7.06980143,0.66563231,0.01333333,0.32885478,0.06600000
corridor,300,13222,pso_high_12x16,1.00000000,19,3629.37578048,12.09791927,1.33808771,0.00000000,0.59316282,0.31000000
corridor,300,13223,kmeans_grid,0.89666667,15,12563.68849549,41.87896165,0.00000000,0.10333333,0.69486012,0.00300000
corridor,300,13223,gno,1.00000000,30,4995.94899166,16.65316331,9.63143001,0.00000000,0.90869110,0.00300000
corridor,300,13223,alns_no_refine,1.00000000,18,8839.70736773,29.46569123,10.26360563,0.00000000,0.83464835,0.03800000
corridor,300,13223,fixed_gno_refine,1.00000000,30,9987.23533034,33.29078443,15.79310988,0.00000000,0.83407878,0.03700000
corridor,300,13223,alns_sca_lite,1.00000000,17,13884.47683043,46.28158943,16.04644496,0.00000000,0.81011953,0.06600000
corridor,300,13223,pso_low_3x4,0.89666667,17,2711.37064694,9.03790216,0.00000000,0.10333333,0.38978112,0.01500000
corridor,300,13223,pso_mid_6x8,0.97000000,17,2718.84777323,9.06282591,0.61201283,0.03000000,0.47690427,0.06700000
corridor,300,13223,pso_high_12x16,1.00000000,17,2365.79636244,7.88598787,1.46510007,0.00000000,0.67202847,0.18800000
corridor,300,13224,kmeans_grid,0.76666667,15,11124.25780690,37.08085936,0.00000000,0.23333333,0.52897711,0.00300000
corridor,300,13224,gno,1.00000000,30,5081.30484544,16.93768282,9.95447398,0.00000000,0.87263172,0.00400000
corridor,300,13224,alns_no_refine,1.00000000,19,7678.52879881,25.59509600,9.20591487,0.00000000,0.76844316,0.03900000
corridor,300,13224,fixed_gno_refine,1.00000000,30,8793.34475169,29.31114917,13.94793104,0.00000000,0.82865555,0.03600000
corridor,300,13224,alns_sca_lite,1.00000000,18,13179.50385793,43.93167953,16.98979801,0.00000000,0.78034879,0.06700000
corridor,300,13224,pso_low_3x4,0.87333333,18,2686.79762123,8.95599207,0.00000000,0.12666667,0.33386323,0.01900000
corridor,300,13224,pso_mid_6x8,0.99333333,18,2156.55021210,7.18850071,0.98514082,0.00666667,0.45049007,0.06100000
corridor,300,13224,pso_high_12x16,0.97666667,18,3472.24653391,11.57415511,0.58699699,0.02333333,0.48150575,0.26300000
corridor,300,13225,kmeans_grid,0.84666667,15,11949.36076754,39.83120256,0.00000000,0.15333333,0.61841456,0.00300000
corridor,300,13225,gno,1.00000000,30,4956.43709777,16.52145699,9.27038242,0.00000000,0.89052322,0.00400000
corridor,300,13225,alns_no_refine,1.00000000,19,7876.58225924,26.25527420,8.96319872,0.00000000,0.78089338,0.03900000
corridor,300,13225,fixed_gno_refine,1.00000000,30,8624.96343813,28.74987813,14.21203220,0.00000000,0.85367399,0.03500000
corridor,300,13225,alns_sca_lite,1.00000000,16,13690.38374953,45.63461250,16.66093144,0.00000000,0.83129625,0.06500000
corridor,300,13225,pso_low_3x4,0.85666667,16,3046.19781174,10.15399271,0.00000000,0.14333333,0.40067581,0.01500000
corridor,300,13225,pso_mid_6x8,0.94666667,16,3015.57739238,10.05192464,0.00000000,0.05333333,0.36413906,0.06100000
corridor,300,13225,pso_high_12x16,1.00000000,16,2216.74294946,7.38914316,1.02230027,0.00000000,0.52310148,0.24700000
corridor,300,13226,kmeans_grid,0.84000000,15,11370.10590479,37.90035302,0.00000000,0.16000000,0.63821899,0.00300000
corridor,300,13226,gno,1.00000000,30,5257.48749973,17.52495833,9.74362866,0.00000000,0.85321021,0.00300000
corridor,300,13226,alns_no_refine,1.00000000,17,9185.88807803,30.61962693,12.16386375,0.00000000,0.77184148,0.03800000
corridor,300,13226,fixed_gno_refine,1.00000000,30,8640.57830252,28.80192768,13.80896134,0.00000000,0.84018668,0.03800000
corridor,300,13226,alns_sca_lite,1.00000000,19,12076.67630753,40.25558769,15.76198400,0.00000000,0.79096722,0.06900000
corridor,300,13226,pso_low_3x4,0.95000000,19,2443.22837329,8.14409458,0.00000000,0.05000000,0.46421294,0.01800000
corridor,300,13226,pso_mid_6x8,0.98333333,19,2127.84413800,7.09281379,0.67123573,0.01666667,0.36602917,0.06200000
corridor,300,13226,pso_high_12x16,1.00000000,19,3007.18459680,10.02394866,1.51580304,0.00000000,0.62031100,0.30400000
corridor,300,13227,kmeans_grid,0.84333333,15,13449.31267798,44.83104226,0.00000000,0.15666667,0.61775976,0.00300000
corridor,300,13227,gno,1.00000000,30,5296.75010177,17.65583367,9.69645568,0.00000000,0.88113331,0.00400000
corridor,300,13227,alns_no_refine,1.00000000,18,9590.06160724,31.96687202,12.21259985,0.00000000,0.78292014,0.03800000
corridor,300,13227,fixed_gno_refine,1.00000000,30,8788.56777199,29.29522591,14.86651962,0.00000000,0.84044798,0.03800000
corridor,300,13227,alns_sca_lite,1.00000000,16,13258.06371406,44.19354571,15.65770626,0.00000000,0.75349013,0.06700000
corridor,300,13227,pso_low_3x4,0.85000000,16,2481.67529343,8.27225098,0.00000000,0.15000000,0.37180534,0.01600000
corridor,300,13227,pso_mid_6x8,0.88000000,16,2683.43057399,8.94476858,0.00000000,0.12000000,0.37166431,0.06100000
corridor,300,13227,pso_high_12x16,0.98666667,16,2589.05440091,8.63018134,0.76155080,0.01333333,0.58750338,0.24000000
corridor,300,13228,kmeans_grid,0.91000000,15,13169.38643307,43.89795478,0.00000000,0.09000000,0.69211561,0.00300000
corridor,300,13228,gno,1.00000000,30,5185.36497299,17.28454991,9.78883033,0.00000000,0.86890504,0.00300000
corridor,300,13228,alns_no_refine,1.00000000,18,8801.19758945,29.33732530,10.94543365,0.00000000,0.75962953,0.03600000
corridor,300,13228,fixed_gno_refine,1.00000000,30,9412.57285376,31.37524285,15.94142306,0.00000000,0.84913550,0.03500000
corridor,300,13228,alns_sca_lite,1.00000000,16,13760.49207405,45.86830691,15.44796641,0.00000000,0.80903169,0.06500000
corridor,300,13228,pso_low_3x4,0.86000000,16,3310.20445613,11.03401485,0.00000000,0.14000000,0.22621449,0.01600000
corridor,300,13228,pso_mid_6x8,0.89666667,16,2786.74885443,9.28916285,0.00000000,0.10333333,0.37779580,0.05800000
corridor,300,13228,pso_high_12x16,0.98666667,16,2336.97041115,7.78990137,0.85296005,0.01333333,0.59570520,0.23800000
corridor,300,13229,kmeans_grid,0.87000000,15,13260.13114028,44.20043713,0.00000000,0.13000000,0.66792077,0.00300000
corridor,300,13229,gno,1.00000000,30,4925.29423340,16.41764744,9.93290106,0.00000000,0.92403707,0.00400000
corridor,300,13229,alns_no_refine,1.00000000,18,7634.34914323,25.44783048,10.38517851,0.00000000,0.85996037,0.03700000
corridor,300,13229,fixed_gno_refine,1.00000000,30,8812.35392452,29.37451308,14.79528267,0.00000000,0.87574822,0.03700000
corridor,300,13229,alns_sca_lite,1.00000000,18,12983.53790195,43.27845967,16.84063731,0.00000000,0.81393841,0.06500000
corridor,300,13229,pso_low_3x4,0.92000000,18,2623.51032384,8.74503441,0.00000000,0.08000000,0.61220221,0.01800000
corridor,300,13229,pso_mid_6x8,0.98000000,18,2079.87161548,6.93290538,0.74194590,0.02000000,0.51581499,0.07000000
corridor,300,13229,pso_high_12x16,1.00000000,18,3576.41569491,11.92138565,1.03169705,0.00000000,0.46398561,0.27800000
corridor,400,13300,kmeans_grid,0.84250000,20,13545.77412185,33.86443530,0.00000000,0.15750000,0.61173043,0.00500000
corridor,400,13300,gno,1.00000000,40,4917.05131766,12.29262829,7.49333040,0.00000000,0.91540627,0.00700000
corridor,400,13300,alns_no_refine,1.00000000,22,9045.21704458,22.61304261,5.95349423,0.00000000,0.74170572,0.07000000
corridor,400,13300,fixed_gno_refine,1.00000000,40,9172.02807401,22.93007019,12.37965931,0.00000000,0.84317242,0.05800000
corridor,400,13300,alns_sca_lite,1.00000000,23,14086.76049547,35.21690124,14.48600099,0.00000000,0.80916669,0.12200000
corridor,400,13300,pso_low_3x4,0.90250000,23,3337.32257556,8.34330644,0.00000000,0.09750000,0.32867433,0.03400000
corridor,400,13300,pso_mid_6x8,0.97750000,23,3795.05115177,9.48762788,0.94644850,0.02250000,0.60841300,0.12600000
corridor,400,13300,pso_high_12x16,0.98500000,23,3437.62347436,8.59405869,0.77477251,0.01500000,0.54221956,0.45400000
corridor,400,13301,kmeans_grid,0.96000000,20,15169.83620198,37.92459050,0.54344302,0.04000000,0.71695759,0.00600000
corridor,400,13301,gno,1.00000000,40,5050.05514483,12.62513786,7.40158914,0.00000000,0.88993730,0.00600000
corridor,400,13301,alns_no_refine,1.00000000,22,9024.86958700,22.56217397,10.40793693,0.00000000,0.84256535,0.07100000
corridor,400,13301,fixed_gno_refine,1.00000000,40,9265.47952353,23.16369881,12.04427133,0.00000000,0.84353983,0.06100000
corridor,400,13301,alns_sca_lite,1.00000000,24,13410.74129650,33.52685324,7.91555613,0.00000000,0.74512318,0.12400000
corridor,400,13301,pso_low_3x4,0.82500000,24,3006.89790986,7.51724477,0.00000000,0.17500000,0.43401102,0.03500000
corridor,400,13301,pso_mid_6x8,0.95500000,24,2797.21609677,6.99304024,0.50303956,0.04500000,0.50751175,0.13300000
corridor,400,13301,pso_high_12x16,0.96750000,24,3527.84241516,8.81960604,0.52673247,0.03250000,0.49136270,0.51100000
corridor,400,13302,kmeans_grid,0.91500000,20,14419.73015515,36.04932539,0.00000000,0.08500000,0.65387727,0.00500000
corridor,400,13302,gno,1.00000000,40,5184.54125499,12.96135314,7.13772877,0.00000000,0.88780733,0.00600000
corridor,400,13302,alns_no_refine,1.00000000,24,9270.87000880,23.17717502,9.80534119,0.00000000,0.71048953,0.07700000
corridor,400,13302,fixed_gno_refine,1.00000000,40,9946.28429228,24.86571073,12.94882247,0.00000000,0.82989360,0.06600000
corridor,400,13302,alns_sca_lite,1.00000000,24,13428.07550507,33.57018876,13.55599555,0.00000000,0.81172440,0.12000000
corridor,400,13302,pso_low_3x4,0.91500000,24,2499.53577427,6.24883944,0.00000000,0.08500000,0.42149527,0.03700000
corridor,400,13302,pso_mid_6x8,0.93000000,24,2381.03337342,5.95258343,0.00000000,0.07000000,0.57301740,0.12600000
corridor,400,13302,pso_high_12x16,0.98750000,24,3110.01192261,7.77502981,1.13152205,0.01250000,0.49525080,0.52200000
corridor,400,13303,kmeans_grid,0.90250000,20,13894.02537484,34.73506344,0.00000000,0.09750000,0.62258746,0.00600000
corridor,400,13303,gno,1.00000000,40,5144.36838923,12.86092097,7.30834841,0.00000000,0.87933041,0.00600000
corridor,400,13303,alns_no_refine,1.00000000,23,9210.73149052,23.02682873,8.77674849,0.00000000,0.78339701,0.07700000
corridor,400,13303,fixed_gno_refine,1.00000000,40,9754.12446301,24.38531116,12.29283736,0.00000000,0.80811084,0.06000000
corridor,400,13303,alns_sca_lite,1.00000000,25,13347.77876529,33.36944691,11.40542622,0.00000000,0.80006118,0.12200000
corridor,400,13303,pso_low_3x4,0.89000000,25,2707.48475412,6.76871189,0.00000000,0.11000000,0.47413412,0.03700000
corridor,400,13303,pso_mid_6x8,0.89500000,25,2965.79302252,7.41448256,0.00000000,0.10500000,0.36812223,0.12800000
corridor,400,13303,pso_high_12x16,0.99750000,25,2921.95850651,7.30489627,0.77797778,0.00250000,0.37533026,0.50100000
corridor,400,13304,kmeans_grid,0.93250000,20,12770.24245525,31.92560614,0.00000000,0.06750000,0.67547248,0.00500000
corridor,400,13304,gno,1.00000000,40,5248.13694443,13.12034236,8.12342064,0.00000000,0.90350490,0.00500000
corridor,400,13304,alns_no_refine,1.00000000,23,8755.68638232,21.88921596,10.04955940,0.00000000,0.85108450,0.07000000
corridor,400,13304,fixed_gno_refine,1.00000000,40,9273.23180135,23.18307950,12.40855160,0.00000000,0.86316542,0.06100000
corridor,400,13304,alns_sca_lite,1.00000000,24,14106.25900291,35.26564751,14.81120995,0.00000000,0.83137615,0.12300000
corridor,400,13304,pso_low_3x4,0.94750000,24,2480.30947340,6.20077368,0.00000000,0.05250000,0.53802793,0.03500000
corridor,400,13304,pso_mid_6x8,0.91500000,24,2557.04234621,6.39260587,0.00000000,0.08500000,0.31561421,0.13500000
corridor,400,13304,pso_high_12x16,1.00000000,24,2361.58832082,5.90397080,1.06677171,0.00000000,0.51542692,0.41100000
corridor,400,13305,kmeans_grid,0.87000000,20,14032.30283726,35.08075709,0.00000000,0.13000000,0.64767924,0.00500000
corridor,400,13305,gno,1.00000000,40,4952.55254271,12.38138136,7.90738170,0.00000000,0.91453254,0.00600000
corridor,400,13305,alns_no_refine,1.00000000,24,8326.27967191,20.81569918,10.00746349,0.00000000,0.85084124,0.07000000
corridor,400,13305,fixed_gno_refine,1.00000000,40,9479.53397406,23.69883494,12.53248872,0.00000000,0.83794617,0.05900000
corridor,400,13305,alns_sca_lite,1.00000000,23,14171.24311321,35.42810778,10.52167047,0.00000000,0.80566812,0.11500000
corridor,400,13305,pso_low_3x4,0.94000000,23,3492.87697904,8.73219245,0.00000000,0.06000000,0.50161240,0.03300000
corridor,400,13305,pso_mid_6x8,0.98500000,23,3951.75481533,9.87938704,0.72888976,0.01500000,0.48956849,0.11900000
corridor,400,13305,pso_high_12x16,0.97250000,23,3246.52474280,8.11631186,0.57152598,0.02750000,0.47312993,0.45700000
corridor,400,13306,kmeans_grid,0.92500000,20,12803.54295646,32.00885739,0.00000000,0.07500000,0.71406331,0.00600000
corridor,400,13306,gno,1.00000000,40,5321.97296159,13.30493240,8.50895216,0.00000000,0.90361277,0.00600000
corridor,400,13306,alns_no_refine,1.00000000,22,9539.76151751,23.84940379,10.73171366,0.00000000,0.81309281,0.07300000
corridor,400,13306,fixed_gno_refine,1.00000000,40,9563.22996765,23.90807492,13.01859881,0.00000000,0.85050340,0.06000000
corridor,400,13306,alns_sca_lite,1.00000000,25,12554.31328575,31.38578321,13.49369180,0.00000000,0.82133206,0.13100000
corridor,400,13306,pso_low_3x4,0.89750000,25,3054.47641705,7.63619104,0.00000000,0.10250000,0.28008260,0.03500000
corridor,400,13306,pso_mid_6x8,0.92500000,25,3084.79071985,7.71197680,0.00000000,0.07500000,0.47935864,0.12200000
corridor,400,13306,pso_high_12x16,0.98500000,25,3559.79896613,8.89949742,1.08874519,0.01500000,0.50964780,0.54100000
corridor,400,13307,kmeans_grid,0.90750000,20,13950.99151402,34.87747879,0.00000000,0.09250000,0.68718492,0.00500000
corridor,400,13307,gno,1.00000000,40,5230.63266315,13.07658166,7.22333141,0.00000000,0.78206684,0.00600000
corridor,400,13307,alns_no_refine,1.00000000,23,9322.07669800,23.30519174,7.03367557,0.00000000,0.68285530,0.07300000
corridor,400,13307,fixed_gno_refine,1.00000000,40,9289.50311209,23.22375778,11.12153036,0.00000000,0.84232173,0.06200000
corridor,400,13307,alns_sca_lite,1.00000000,25,13870.04585083,34.67511463,14.15585543,0.00000000,0.79457532,0.12600000
corridor,400,13307,pso_low_3x4,0.86750000,25,3213.93405935,8.03483515,0.00000000,0.13250000,0.40924049,0.03500000
corridor,400,13307,pso_mid_6x8,0.96000000,25,2542.42102363,6.35605256,0.51974519,0.04000000,0.46513091,0.13300000
corridor,400,13307,pso_high_12x16,0.98500000,25,2472.90423513,6.18226059,0.74371960,0.01500000,0.46736108,0.46200000
corridor,400,13308,kmeans_grid,0.92750000,20,13965.48205777,34.91370514,0.00000000,0.07250000,0.70821384,0.00600000
corridor,400,13308,gno,1.00000000,40,5303.67744152,13.25919360,8.03862359,0.00000000,0.87428805,0.00700000
corridor,400,13308,alns_no_refine,1.00000000,25,7994.23543201,19.98558858,10.39423181,0.00000000,0.88344688,0.07500000
corridor,400,13308,fixed_gno_refine,1.00000000,40,9394.41121780,23.48602804,12.71193239,0.00000000,0.85141887,0.06000000
corridor,400,13308,alns_sca_lite,1.00000000,24,14462.21387555,36.15553469,14.02504924,0.00000000,0.80838341,0.12100000
corridor,400,13308,pso_low_3x4,0.93750000,24,3175.39858476,7.93849646,0.00000000,0.06250000,0.52151366,0.03400000
corridor,400,13308,pso_mid_6x8,0.92500000,24,4542.19531736,11.35548829,0.00000000,0.07500000,0.38932703,0.12000000
corridor,400,13308,pso_high_12x16,0.99250000,24,3419.99107265,8.54997768,0.79080484,0.00750000,0.47934344,0.50200000
corridor,400,13309,kmeans_grid,0.86000000,20,12469.29936219,31.17324841,0.00000000,0.14000000,0.63418385,0.00500000
corridor,400,13309,gno,1.00000000,40,5125.15488845,12.81288722,7.57496519,0.00000000,0.89969498,0.00600000
corridor,400,13309,alns_no_refine,1.00000000,23,8788.25357098,21.97063393,7.90420042,0.00000000,0.84108865,0.07300000
corridor,400,13309,fixed_gno_refine,1.00000000,40,9210.36289101,23.02590723,11.99431010,0.00000000,0.81478471,0.06400000
corridor,400,13309,alns_sca_lite,1.00000000,23,13663.34241711,34.15835604,13.05662448,0.00000000,0.81105377,0.12100000
corridor,400,13309,pso_low_3x4,0.86250000,23,2552.03102668,6.38007757,0.00000000,0.13750000,0.48383578,0.02800000
corridor,400,13309,pso_mid_6x8,0.97750000,23,3972.53348295,9.93133371,0.66910037,0.02250000,0.37313995,0.12800000
corridor,400,13309,pso_high_12x16,0.98250000,23,3107.59454881,7.76898637,0.68299824,0.01750000,0.52027941,0.47100000
corridor,400,13310,kmeans_grid,0.92500000,20,14154.25708712,35.38564272,0.00000000,0.07500000,0.67445367,0.00500000
corridor,400,13310,gno,1.00000000,40,4675.02243317,11.68755608,7.34821841,0.00000000,0.92812040,0.00600000
corridor,400,13310,alns_no_refine,1.00000000,22,8718.85517828,21.79713795,8.32431316,0.00000000,0.84202654,0.07400000
corridor,400,13310,fixed_gno_refine,1.00000000,40,9632.84913923,24.08212285,12.02313782,0.00000000,0.79796458,0.06300000
corridor,400,13310,alns_sca_lite,1.00000000,22,13593.43866876,33.98359667,10.25317258,0.00000000,0.77194132,0.13500000
corridor,400,13310,pso_low_3x4,0.91750000,22,2329.93599597,5.82483999,0.00000000,0.08250000,0.35390305,0.03100000
corridor,400,13310,pso_mid_6x8,0.89000000,22,2836.97407075,7.09243518,0.00000000,0.11000000,0.27769212,0.11100000
corridor,400,13310,pso_high_12x16,0.95750000,22,3164.08748938,7.91021872,0.53608088,0.04250000,0.34294456,0.44600000
corridor,400,13311,kmeans_grid,0.93500000,20,13810.23901338,34.52559753,0.00000000,0.06500000,0.66433379,0.00500000
corridor,400,13311,gno,1.00000000,40,5345.41441361,13.36353603,8.20832841,0.00000000,0.83733741,0.00600000
corridor,400,13311,alns_no_refine,1.00000000,25,8583.30640065,21.45826600,8.62325600,0.00000000,0.69307479,0.07400000
corridor,400,13311,fixed_gno_refine,1.00000000,40,9055.47981746,22.63869954,12.31410525,0.00000000,0.84384602,0.05800000
corridor,400,13311,alns_sca_lite,1.00000000,23,13131.51315406,32.82878289,14.37834810,0.00000000,0.84280986,0.12300000
corridor,400,13311,pso_low_3x4,0.88250000,23,3318.96858618,8.29742147,0.00000000,0.11750000,0.38485768,0.03300000
corridor,400,13311,pso_mid_6x8,0.92500000,23,2555.96460298,6.38991151,0.00000000,0.07500000,0.51650603,0.12000000
corridor,400,13311,pso_high_12x16,0.99750000,23,3421.84296518,8.55460741,1.43767013,0.00250000,0.58095893,0.50200000
corridor,400,13312,kmeans_grid,0.84250000,20,12652.85164316,31.63212911,0.00000000,0.15750000,0.62030644,0.00400000
corridor,400,13312,gno,1.00000000,40,5030.01261221,12.57503153,7.75736813,0.00000000,0.88191457,0.00500000
corridor,400,13312,alns_no_refine,1.00000000,24,8536.75801502,21.34189504,10.28204501,0.00000000,0.85750972,0.07200000
corridor,400,13312,fixed_gno_refine,1.00000000,40,9344.64416668,23.36161042,11.85268360,0.00000000,0.82351819,0.06400000
corridor,400,13312,alns_sca_lite,1.00000000,23,13142.06117856,32.85515295,12.72682134,0.00000000,0.82031292,0.12400000
corridor,400,13312,pso_low_3x4,0.79250000,23,2940.28692018,7.35071730,0.00000000,0.20750000,0.35096345,0.03100000
corridor,400,13312,pso_mid_6x8,0.99750000,23,2429.47763140,6.07369408,1.10207384,0.00250000,0.71312702,0.12100000
corridor,400,13312,pso_high_12x16,0.96250000,23,3113.25243515,7.78313109,0.71139705,0.03750000,0.48081365,0.48100000
corridor,400,13313,kmeans_grid,0.85000000,20,13274.38631217,33.18596578,0.00000000,0.15000000,0.65393749,0.00500000
corridor,400,13313,gno,1.00000000,40,5259.92927079,13.14982318,8.06909378,0.00000000,0.89711373,0.00600000
corridor,400,13313,alns_no_refine,1.00000000,22,9188.35830099,22.97089575,10.48375050,0.00000000,0.85859492,0.07000000
corridor,400,13313,fixed_gno_refine,1.00000000,40,9522.24287676,23.80560719,12.32434611,0.00000000,0.84912136,0.05900000
corridor,400,13313,alns_sca_lite,1.00000000,24,13204.43346018,33.01108365,15.64649769,0.00000000,0.86843300,0.12400000
corridor,400,13313,pso_low_3x4,0.87500000,24,2748.33922542,6.87084806,0.00000000,0.12500000,0.47658298,0.03000000
corridor,400,13313,pso_mid_6x8,0.93500000,24,2525.95872094,6.31489680,0.00000000,0.06500000,0.56527555,0.11500000
corridor,400,13313,pso_high_12x16,0.96500000,24,2503.73368527,6.25933421,0.54471035,0.03500000,0.41870228,0.45100000
corridor,400,13314,kmeans_grid,0.94250000,20,13599.50325472,33.99875814,0.00000000,0.05750000,0.70878226,0.00600000
corridor,400,13314,gno,1.00000000,40,5232.56757289,13.08141893,7.36917716,0.00000000,0.84931592,0.00600000
corridor,400,13314,alns_no_refine,1.00000000,23,8333.88903671,20.83472259,5.29356033,0.00000000,0.84373154,0.07300000
corridor,400,13314,fixed_gno_refine,1.00000000,40,9593.88960425,23.98472401,11.54592738,0.00000000,0.81729377,0.06200000
corridor,400,13314,alns_sca_lite,1.00000000,24,12906.47984755,32.26619962,13.19421487,0.00000000,0.78585502,0.12200000
corridor,400,13314,pso_low_3x4,0.90500000,24,3204.14484849,8.01036212,0.00000000,0.09500000,0.36633851,0.03700000
corridor,400,13314,pso_mid_6x8,0.94250000,24,3399.42716931,8.49856792,0.00000000,0.05750000,0.53239005,0.13400000
corridor,400,13314,pso_high_12x16,1.00000000,24,3505.14584959,8.76286462,1.34110679,0.00000000,0.66781407,0.51700000
corridor,400,13315,kmeans_grid,0.92250000,20,13959.45621690,34.89864054,0.00000000,0.07750000,0.73204328,0.00500000
corridor,400,13315,gno,1.00000000,40,5054.21050662,12.63552627,8.05545851,0.00000000,0.91057030,0.00700000
corridor,400,13315,alns_no_refine,1.00000000,23,8469.31790050,21.17329475,8.65526078,0.00000000,0.80301240,0.07000000
corridor,400,13315,fixed_gno_refine,1.00000000,40,9146.24313204,22.86560783,12.66461547,0.00000000,0.84970652,0.06800000
corridor,400,13315,alns_sca_lite,1.00000000,28,11835.16318591,29.58790796,14.86302772,0.00000000,0.84855643,0.13000000
corridor,400,13315,pso_low_3x4,0.95250000,28,3072.38296132,7.68095740,0.51120359,0.04750000,0.61406274,0.04200000
corridor,400,13315,pso_mid_6x8,0.94500000,28,3263.05391383,8.15763478,0.00000000,0.05500000,0.50011761,0.14700000
corridor,400,13315,pso_high_12x16,1.00000000,28,3939.97103674,9.84992759,1.73728710,0.00000000,0.61247422,0.58100000
corridor,400,13316,kmeans_grid,0.88250000,20,13630.88919113,34.07722298,0.00000000,0.11750000,0.59764947,0.00600000
corridor,400,13316,gno,1.00000000,40,5292.28831216,13.23072078,8.14991751,0.00000000,0.89706510,0.00600000
corridor,400,13316,alns_no_refine,1.00000000,22,9364.40944500,23.41102361,3.44079029,0.00000000,0.73421201,0.07100000
corridor,400,13316,fixed_gno_refine,1.00000000,40,9142.26844808,22.85567112,11.76660435,0.00000000,0.83406490,0.06200000
corridor,400,13316,alns_sca_lite,1.00000000,24,14243.02415053,35.60756038,14.92958564,0.00000000,0.81274486,0.12100000
corridor,400,13316,pso_low_3x4,0.87750000,24,3241.37142140,8.10342855,0.00000000,0.12250000,0.43477710,0.03400000
corridor,400,13316,pso_mid_6x8,0.96000000,24,2662.56935785,6.65642339,0.55434098,0.04000000,0.44615301,0.13000000
corridor,400,13316,pso_high_12x16,0.99500000,24,2871.69168125,7.17922920,1.15843194,0.00500000,0.42521186,0.45200000
corridor,400,13317,kmeans_grid,0.92750000,20,13736.00578054,34.34001445,0.00000000,0.07250000,0.65830239,0.00600000
corridor,400,13317,gno,1.00000000,40,5061.31026834,12.65327567,7.81755085,0.00000000,0.90585707,0.00600000
corridor,400,13317,alns_no_refine,1.00000000,25,7827.03023874,19.56757560,9.20762968,0.00000000,0.84184083,0.08000000
corridor,400,13317,fixed_gno_refine,1.00000000,40,9764.41313493,24.41103284,11.87323355,0.00000000,0.78297155,0.06100000
corridor,400,13317,alns_sca_lite,1.00000000,23,13765.01924427,34.41254811,14.69011904,0.00000000,0.81346789,0.12300000
corridor,400,13317,pso_low_3x4,0.90000000,23,2783.27385312,6.95818463,0.00000000,0.10000000,0.48303197,0.02900000
corridor,400,13317,pso_mid_6x8,0.98250000,23,2791.90641357,6.97976603,0.58819063,0.01750000,0.43055054,0.10300000
corridor,400,13317,pso_high_12x16,0.99750000,23,2761.35678742,6.90339197,1.31233931,0.00250000,0.63049546,0.48800000
corridor,400,13318,kmeans_grid,0.95250000,20,14670.61974531,36.67654936,0.50238151,0.04750000,0.72221700,0.00700000
corridor,400,13318,gno,1.00000000,40,5242.07745511,13.10519364,8.33561070,0.00000000,0.90008789,0.00700000
corridor,400,13318,alns_no_refine,1.00000000,23,8876.40495775,22.19101239,9.56005171,0.00000000,0.82111884,0.07500000
corridor,400,13318,fixed_gno_refine,1.00000000,40,8942.46612774,22.35616532,12.05322418,0.00000000,0.87418969,0.06300000
corridor,400,13318,alns_sca_lite,1.00000000,22,14385.70073758,35.96425184,12.64809964,0.00000000,0.78437128,0.12000000
corridor,400,13318,pso_low_3x4,0.82250000,22,3365.12762824,8.41281907,0.00000000,0.17750000,0.33134783,0.03000000
corridor,400,13318,pso_mid_6x8,0.95750000,22,3486.07624009,8.71519060,0.51437113,0.04250000,0.47830631,0.12700000
corridor,400,13318,pso_high_12x16,0.98750000,22,3453.59185231,8.63397963,0.96279105,0.01250000,0.46349935,0.50700000
corridor,400,13319,kmeans_grid,0.88000000,20,13469.27875174,33.67319688,0.00000000,0.12000000,0.65416134,0.00500000
corridor,400,13319,gno,1.00000000,40,5051.43373851,12.62858435,7.34405826,0.00000000,0.87307511,0.00600000
corridor,400,13319,alns_no_refine,1.00000000,22,9712.84314869,24.28210787,7.91133400,0.00000000,0.79039989,0.07200000
corridor,400,13319,fixed_gno_refine,1.00000000,40,8891.20589042,22.22801473,12.22223683,0.00000000,0.85593883,0.06200000
corridor,400,13319,alns_sca_lite,1.00000000,23,12929.65274351,32.32413186,11.19758452,0.00000000,0.80097100,0.13200000
corridor,400,13319,pso_low_3x4,0.87500000,23,2452.38730658,6.13096827,0.00000000,0.12500000,0.45849797,0.03400000
corridor,400,13319,pso_mid_6x8,0.95250000,23,2421.57023809,6.05392560,0.50556268,0.04750000,0.34242883,0.10000000
corridor,400,13319,pso_high_12x16,0.99250000,23,2653.66338533,6.63415846,0.87052672,0.00750000,0.52679619,0.52300000
corridor,400,13320,kmeans_grid,0.93750000,20,14400.68367033,36.00170918,0.00000000,0.06250000,0.71405350,0.00500000
corridor,400,13320,gno,1.00000000,40,5353.14361619,13.38285904,7.80703780,0.00000000,0.84885837,0.00600000
corridor,400,13320,alns_no_refine,1.00000000,26,8695.04009210,21.73760023,10.59567396,0.00000000,0.78978104,0.07900000
corridor,400,13320,fixed_gno_refine,1.00000000,40,9363.13129713,23.40782824,12.63354159,0.00000000,0.82562422,0.06800000
corridor,400,13320,alns_sca_lite,1.00000000,24,13648.83796318,34.12209491,15.15140412,0.00000000,0.82387699,0.13000000
corridor,400,13320,pso_low_3x4,0.82000000,24,3587.39991490,8.96849979,0.00000000,0.18000000,0.33781903,0.03500000
corridor,400,13320,pso_mid_6x8,0.94000000,24,3002.66685519,7.50666714,0.00000000,0.06000000,0.45552837,0.13600000
corridor,400,13320,pso_high_12x16,1.00000000,24,3038.94500852,7.59736252,0.91516082,0.00000000,0.58757806,0.52800000
corridor,400,13321,kmeans_grid,0.83000000,20,12368.67581325,30.92168953,0.00000000,0.17000000,0.54081701,0.00500000
corridor,400,13321,gno,1.00000000,40,5126.12076862,12.81530192,7.91711327,0.00000000,0.88787867,0.00600000
corridor,400,13321,alns_no_refine,1.00000000,23,8894.50493783,22.23626234,8.22263161,0.00000000,0.70228491,0.07500000
corridor,400,13321,fixed_gno_refine,1.00000000,40,9343.09257987,23.35773145,11.89661826,0.00000000,0.81966091,0.06000000
corridor,400,13321,alns_sca_lite,1.00000000,23,13614.41730329,34.03604326,10.31844467,0.00000000,0.79631712,0.12300000
corridor,400,13321,pso_low_3x4,0.91000000,23,3027.97546840,7.56993867,0.00000000,0.09000000,0.24938505,0.03500000
corridor,400,13321,pso_mid_6x8,0.90250000,23,2426.64790029,6.06661975,0.00000000,0.09750000,0.24429180,0.08300000
corridor,400,13321,pso_high_12x16,1.00000000,23,2906.48432353,7.26621081,0.80624895,0.00000000,0.47025467,0.47100000
corridor,400,13322,kmeans_grid,0.90500000,20,13095.91322786,32.73978307,0.00000000,0.09500000,0.65173070,0.00600000
corridor,400,13322,gno,1.00000000,40,5079.56001801,12.69890005,7.35059520,0.00000000,0.90135540,0.00700000
corridor,400,13322,alns_no_refine,1.00000000,26,8157.81759232,20.39454398,7.72227772,0.00000000,0.79942556,0.07700000
corridor,400,13322,fixed_gno_refine,1.00000000,40,8963.85408238,22.40963521,11.44444471,0.00000000,0.81044217,0.06100000
corridor,400,13322,alns_sca_lite,1.00000000,23,13404.00650919,33.51001627,14.53322591,0.00000000,0.80202280,0.12400000
corridor,400,13322,pso_low_3x4,0.87250000,23,2048.94231960,5.12235580,0.00000000,0.12750000,0.43865540,0.02800000
corridor,400,13322,pso_mid_6x8,0.93000000,23,2444.37204586,6.11093011,0.00000000,0.07000000,0.46506816,0.13000000
corridor,400,13322,pso_high_12x16,0.96500000,23,2768.93390653,6.92233477,0.58977788,0.03500000,0.56368677,0.46900000
corridor,400,13323,kmeans_grid,0.89250000,20,12689.29522896,31.72323807,0.00000000,0.10750000,0.68345210,0.00600000
corridor,400,13323,gno,1.00000000,40,5349.10152308,13.37275381,7.88325691,0.00000000,0.87352583,0.00600000
corridor,400,13323,alns_no_refine,1.00000000,23,8786.18935294,21.96547338,9.93476138,0.00000000,0.85131610,0.07300000
corridor,400,13323,fixed_gno_refine,1.00000000,40,9494.71192512,23.73677981,12.45850725,0.00000000,0.82859703,0.06200000
corridor,400,13323,alns_sca_lite,1.00000000,24,14294.91951185,35.73729878,14.55869277,0.00000000,0.80495118,0.12600000
corridor,400,13323,pso_low_3x4,0.84250000,24,3007.62119543,7.51905299,0.00000000,0.15750000,0.42646716,0.03300000
corridor,400,13323,pso_mid_6x8,0.97250000,24,2743.47814787,6.85869537,0.69473382,0.02750000,0.44917346,0.13600000
corridor,400,13323,pso_high_12x16,0.95000000,24,3792.61368039,9.48153420,0.00000000,0.05000000,0.42497938,0.50100000
corridor,400,13324,kmeans_grid,0.90250000,20,13067.27496426,32.66818741,0.00000000,0.09750000,0.63024773,0.00600000
corridor,400,13324,gno,1.00000000,40,5237.28996175,13.09322490,7.80200862,0.00000000,0.87435247,0.00600000
corridor,400,13324,alns_no_refine,1.00000000,24,8828.66594108,22.07166485,9.78012868,0.00000000,0.78066247,0.07800000
corridor,400,13324,fixed_gno_refine,1.00000000,40,9142.45109621,22.85612774,12.50619470,0.00000000,0.86469763,0.06200000
corridor,400,13324,alns_sca_lite,1.00000000,23,13601.44053848,34.00360135,14.49996427,0.00000000,0.83572790,0.12100000
corridor,400,13324,pso_low_3x4,0.82500000,23,2989.16687664,7.47291719,0.00000000,0.17500000,0.31133915,0.02900000
corridor,400,13324,pso_mid_6x8,0.94750000,23,2625.67275707,6.56418189,0.00000000,0.05250000,0.33086356,0.13100000
corridor,400,13324,pso_high_12x16,0.99250000,23,2665.35949963,6.66339875,0.76669134,0.00750000,0.63155610,0.47600000
corridor,400,13325,kmeans_grid,0.88500000,20,13099.81516649,32.74953792,0.00000000,0.11500000,0.65235980,0.00500000
corridor,400,13325,gno,1.00000000,40,5516.27810095,13.79069525,8.29716041,0.00000000,0.88436350,0.00700000
corridor,400,13325,alns_no_refine,1.00000000,24,9198.99826960,22.99749567,10.27940361,0.00000000,0.82211674,0.08100000
corridor,400,13325,fixed_gno_refine,1.00000000,40,9610.67292817,24.02668232,12.36900900,0.00000000,0.84668182,0.06400000
corridor,400,13325,alns_sca_lite,1.00000000,24,12278.79956741,30.69699892,12.50271130,0.00000000,0.81262416,0.12900000
corridor,400,13325,pso_low_3x4,0.84250000,24,3179.46787539,7.94866969,0.00000000,0.15750000,0.40013882,0.03500000
corridor,400,13325,pso_mid_6x8,0.97000000,24,3671.56951584,9.17892379,0.62733295,0.03000000,0.42523045,0.12900000
corridor,400,13325,pso_high_12x16,1.00000000,24,2053.32410840,5.13331027,0.81591485,0.00000000,0.35332486,0.31400000
corridor,400,13326,kmeans_grid,0.92750000,20,13183.49128848,32.95872822,0.00000000,0.07250000,0.70679193,0.00500000
corridor,400,13326,gno,1.00000000,40,5282.63819345,13.20659548,8.64067471,0.00000000,0.91735656,0.00600000
corridor,400,13326,alns_no_refine,1.00000000,25,8427.46003712,21.06865009,9.90648922,0.00000000,0.86956378,0.07000000
corridor,400,13326,fixed_gno_refine,1.00000000,40,9718.83580306,24.29708951,12.81748150,0.00000000,0.83768136,0.06600000
corridor,400,13326,alns_sca_lite,1.00000000,24,13661.67185197,34.15417963,12.72016939,0.00000000,0.81727455,0.12500000
corridor,400,13326,pso_low_3x4,0.88500000,24,3537.66958058,8.84417395,0.00000000,0.11500000,0.48226946,0.03500000
corridor,400,13326,pso_mid_6x8,0.94750000,24,2032.42966954,5.08107417,0.00000000,0.05250000,0.48533608,0.12200000
corridor,400,13326,pso_high_12x16,0.98000000,24,3346.92604205,8.36731511,0.99095375,0.02000000,0.56313324,0.47400000
corridor,400,13327,kmeans_grid,0.93500000,20,13113.26675398,32.78316688,0.00000000,0.06500000,0.71763668,0.00400000
corridor,400,13327,gno,1.00000000,40,5253.95591139,13.13488978,8.44049390,0.00000000,0.89750148,0.00600000
corridor,400,13327,alns_no_refine,1.00000000,23,9497.83420890,23.74458552,8.86338021,0.00000000,0.81071831,0.07200000
corridor,400,13327,fixed_gno_refine,1.00000000,40,9341.73625751,23.35434064,12.40498729,0.00000000,0.84102340,0.06100000
corridor,400,13327,alns_sca_lite,1.00000000,23,14267.63241323,35.66908103,14.45319171,0.00000000,0.83077563,0.12300000
corridor,400,13327,pso_low_3x4,0.84000000,23,2686.77846515,6.71694616,0.00000000,0.16000000,0.51117865,0.03400000
corridor,400,13327,pso_mid_6x8,0.88750000,23,2339.05399967,5.84763500,0.00000000,0.11250000,0.56113325,0.10000000
corridor,400,13327,pso_high_12x16,0.99250000,23,3225.23662810,8.06309157,0.79569897,0.00750000,0.35381976,0.44300000
corridor,400,13328,kmeans_grid,0.90250000,20,13695.35592411,34.23838981,0.00000000,0.09750000,0.67714633,0.00500000
corridor,400,13328,gno,1.00000000,40,5349.57536788,13.37393842,7.49903592,0.00000000,0.85015220,0.00600000
corridor,400,13328,alns_no_refine,1.00000000,22,9325.74762632,23.31436907,7.20399858,0.00000000,0.78993349,0.07100000
corridor,400,13328,fixed_gno_refine,1.00000000,40,9378.63520845,23.44658802,11.94278630,0.00000000,0.80838038,0.06100000
corridor,400,13328,alns_sca_lite,1.00000000,24,13756.54607932,34.39136520,14.22146243,0.00000000,0.81569614,0.13300000
corridor,400,13328,pso_low_3x4,0.84000000,24,3242.63626171,8.10659065,0.00000000,0.16000000,0.34483836,0.03500000
corridor,400,13328,pso_mid_6x8,0.90250000,24,2653.47478838,6.63368697,0.00000000,0.09750000,0.29166954,0.10500000
corridor,400,13328,pso_high_12x16,0.99250000,24,3100.56113407,7.75140284,0.94218479,0.00750000,0.41424987,0.52800000
corridor,400,13329,kmeans_grid,0.90250000,20,13063.43100272,32.65857751,0.00000000,0.09750000,0.65787495,0.00600000
corridor,400,13329,gno,1.00000000,40,5028.22734862,12.57056837,7.19955436,0.00000000,0.84049904,0.00700000
corridor,400,13329,alns_no_refine,1.00000000,25,8067.95562842,20.16988907,9.52151803,0.00000000,0.85052584,0.07300000
corridor,400,13329,fixed_gno_refine,1.00000000,40,9002.96585963,22.50741465,12.04221281,0.00000000,0.81901687,0.06200000
corridor,400,13329,alns_sca_lite,1.00000000,24,13597.34576253,33.99336441,14.05380747,0.00000000,0.81506185,0.12700000
corridor,400,13329,pso_low_3x4,0.92500000,24,3909.43610449,9.77359026,0.00000000,0.07500000,0.36868522,0.03800000
corridor,400,13329,pso_mid_6x8,0.97500000,24,2487.11231773,6.21778079,0.68368383,0.02500000,0.54522444,0.14000000
corridor,400,13329,pso_high_12x16,1.00000000,24,4006.27380095,10.01568450,1.79568170,0.00000000,0.60032120,0.52600000
