N,seed,user,x,y
100,10000,0,144.3969973553,876.6836662092
100,10000,1,156.6247613252,443.8743611508
100,10000,2,745.5522148383,860.9264205161
100,10000,3,657.2076324298,1000.0000000000
100,10000,4,835.8281518284,850.1569413373
100,10000,5,735.5077728173,104.2902153904
100,10000,6,164.8600989171,834.2628637670
100,10000,7,175.8307887527,761.3801481450
100,10000,8,244.8873853499,698.8945511396
100,10000,9,302.8512328286,254.4185840215
100,10000,10,107.2617017010,306.9552671564
100,10000,11,568.8181278756,784.5968569647
100,10000,12,278.0632901505,623.5549231404
100,10000,13,707.1974444638,184.8926734204
100,10000,14,359.8885234487,0.0000000000
100,10000,15,823.0705800005,604.2077501556
100,10000,16,585.2982678207,804.0600465827
100,10000,17,185.8190784956,743.3928088135
100,10000,18,834.7101408662,329.1772382341
100,10000,19,316.4123723147,250.3056280671
100,10000,20,340.7916234209,667.5208103059
100,10000,21,767.9885609978,301.8040430317
100,10000,22,252.8881679712,167.7259028928
100,10000,23,679.4850639217,35.3050157453
100,10000,24,825.9084609077,654.2555206887
100,10000,25,328.9796468128,570.7123743614
100,10000,26,722.2367095389,724.8755799537
100,10000,27,741.1659664466,923.0496162537
100,10000,28,1000.0000000000,776.0442915119
100,10000,29,783.2762888914,186.9029774404
100,10000,30,371.7935731532,722.3803664664
100,10000,31,233.9484570033,44.7375505327
100,10000,32,725.5793061251,631.2792587543
100,10000,33,761.0543021934,92.7442621156
100,10000,34,631.6232288073,235.7451525849
100,10000,35,801.2354830789,496.9888473950
100,10000,36,458.9056889928,191.3245917017
100,10000,37,764.7211982724,353.1925433651
100,10000,38,44.5267857019,181.1580979876
100,10000,39,358.5613255192,93.1230037023
100,10000,40,159.1324843110,1000.0000000000
100,10000,41,905.0472934741,269.0628981317
100,10000,42,821.6491312959,892.0709420606
100,10000,43,355.8632329286,662.8822328126
100,10000,44,681.6755464058,880.2187087615
100,10000,45,163.2379273601,100.0779648775
100,10000,46,730.2994680075,741.2221185716
100,10000,47,324.4771935815,824.5343387912
100,10000,48,129.1726443139,188.4237135325
100,10000,49,704.1300682846,1000.0000000000
100,10000,50,697.3293374312,860.4299733428
100,10000,51,328.0274092813,701.8796265427
100,10000,52,184.1326406247,823.1794467117
100,10000,53,372.8121341526,262.1434959796
100,10000,54,736.3381603738,722.3589100132
100,10000,55,143.9446859001,820.2478334684
100,10000,56,643.8988832448,182.4124896326
100,10000,57,797.8021365729,269.4895871289
100,10000,58,338.6161997754,56.9203615516
100,10000,59,424.0052346264,794.1893321121
100,10000,60,295.7239177253,677.5791666497
100,10000,61,559.5490101551,917.4953867882
100,10000,62,375.9150306449,228.9715177307
100,10000,63,549.0470822292,349.0830450871
100,10000,64,499.0571140796,573.8071401944
100,10000,65,803.5083577802,895.0578812744
100,10000,66,36.6483132955,704.1487644812
100,10000,67,854.3685954690,0.0000000000
100,10000,68,309.6877244094,773.9758782862
100,10000,69,194.1750117195,798.7178432522
100,10000,70,777.9552211545,231.4987270419
100,10000,71,587.6869074615,605.3634654163
100,10000,72,330.4104482067,424.2303952215
100,10000,73,853.2399439358,623.7087302204
100,10000,74,90.5528001476,1000.0000000000
100,10000,75,330.5362305316,623.6988228165
100,10000,76,883.6728340495,791.8120991723
100,10000,77,949.8459320684,269.7604926367
100,10000,78,92.3833524784,985.1084478256
100,10000,79,572.1231390082,731.8950167610
100,10000,80,792.5376555025,728.3321460289
100,10000,81,676.1890986176,941.8952752557
100,10000,82,903.7498170685,599.2010156009
100,10000,83,122.0842590142,815.5289249130
100,10000,84,831.6586233640,502.6565961226
100,10000,85,269.5378149418,286.5864230961
100,10000,86,754.1482042042,504.1861771645
100,10000,87,269.3302571612,213.2272886477
100,10000,88,692.7534294101,938.8470006393
100,10000,89,798.8191662378,857.2352654644
100,10000,90,552.8890437230,821.6379104550
100,10000,91,851.7422050424,379.0390138076
100,10000,92,172.6502421645,11.8797814966
100,10000,93,801.5977505100,535.2975500291
100,10000,94,220.3827060462,748.0948989363
100,10000,95,317.3643126723,282.3364382579
100,10000,96,422.9222799586,861.3221649322
100,10000,97,31.1293336553,808.5862476195
100,10000,98,377.1072619708,1000.0000000000
100,10000,99,128.3810781872,164.2415874443
100,10001,0,831.2493546153,195.3722404584
100,10001,1,827.3869112318,92.5170046256
100,10001,2,258.2873538898,121.5467217969
100,10001,3,653.0600778426,1000.0000000000
100,10001,4,365.2526334540,481.4204366685
100,10001,5,695.8624336889,929.9572372547
100,10001,6,220.9622952621,72.5692201448
100,10001,7,679.4100018015,572.2002636594
100,10001,8,600.5856596000,382.6806252724
100,10001,9,610.5808648412,591.1049120618
100,10001,10,925.6602294977,50.0333164620
100,10001,11,687.7202908534,779.5292086238
100,10001,12,273.5231570407,737.9210262284
100,10001,13,288.3334720585,324.2664803895
100,10001,14,132.2129633059,357.5401714746
100,10001,15,861.0836493830,841.6999498251
100,10001,16,553.1702670294,743.0810708507
100,10001,17,364.3012891213,837.3471872722
100,10001,18,358.4086254730,756.5559088855
100,10001,19,143.1314359536,794.9883655917
100,10001,20,735.0871626317,551.9725883244
100,10001,21,876.6997110288,95.0715210379
100,10001,22,848.5749079067,936.5664308795
100,10001,23,874.5301032834,267.9113727510
100,10001,24,374.9078899770,891.2057209663
100,10001,25,352.8857141753,701.3869548528
100,10001,26,713.1355569413,115.9896375838
100,10001,27,306.4471082215,827.4676444529
100,10001,28,913.3871283444,840.7864270861
100,10001,29,660.8149112983,457.1748766321
100,10001,30,757.0618093062,298.8319202011
100,10001,31,367.8974326045,226.5957409963
100,10001,32,615.0446659785,180.0789180490
100,10001,33,212.0349160699,312.1190316478
100,10001,34,742.4666415882,668.8913125453
100,10001,35,434.1723395798,902.1537224939
100,10001,36,430.3340604485,122.0610133870
100,10001,37,907.4789329662,791.1516326797
100,10001,38,678.5793466264,714.3924956933
100,10001,39,770.8313544251,286.8548284872
100,10001,40,882.5517865054,870.0916492454
100,10001,41,329.2518761803,677.3914592522
100,10001,42,732.5151936890,299.1637549554
100,10001,43,754.3847646740,750.9978879034
100,10001,44,238.2069506866,680.2904797264
100,10001,45,956.8345057429,674.1989710460
100,10001,46,529.9497474062,52.1661733792
100,10001,47,131.6760654066,213.2876324368
100,10001,48,838.1334637367,604.1025296230
100,10001,49,650.3250815312,839.0945983830
100,10001,50,284.8295361281,703.0754278318
100,10001,51,169.7012850173,798.6539225013
100,10001,52,712.0282680597,582.2588229779
100,10001,53,716.1878790371,806.8562198875
100,10001,54,754.5885466090,346.0319362665
100,10001,55,436.7902665005,104.6879357988
100,10001,56,278.9834210010,246.5662048058
100,10001,57,872.8275047129,239.6836725763
100,10001,58,202.6015283365,262.7653449657
100,10001,59,267.8731606203,823.0752951787
100,10001,60,626.9747421537,350.5307132646
100,10001,61,988.1798444685,326.7637044664
100,10001,62,190.5619188561,230.5789756657
100,10001,63,864.4879791355,375.6385556429
100,10001,64,0.0000000000,789.5463456929
100,10001,65,156.5780402559,895.6687067913
100,10001,66,542.4313871262,514.9402592308
100,10001,67,710.6300577888,24.3897522039
100,10001,68,813.8853660472,224.0672774715
100,10001,69,733.6257099776,206.7630065864
100,10001,70,276.1503187860,844.7778483857
100,10001,71,722.1876214362,585.0221569708
100,10001,72,360.3167153386,305.0787928121
100,10001,73,280.0202682909,231.5417391937
100,10001,74,234.2768371111,840.8215784220
100,10001,75,0.6060479276,212.3703175811
100,10001,76,343.8220265702,404.8444150718
100,10001,77,1000.0000000000,267.5740038838
100,10001,78,0.0000000000,447.7943769712
100,10001,79,297.0900367565,886.5401176687
100,10001,80,378.0583416009,830.2346140847
100,10001,81,236.2793670440,757.9579006255
100,10001,82,592.6264131147,889.1558969647
100,10001,83,18.4518807250,638.5235556488
100,10001,84,966.4870170892,843.3414459738
100,10001,85,634.4699813401,344.4059405578
100,10001,86,122.7208969348,675.8522202505
100,10001,87,286.9642155146,640.2317577504
100,10001,88,333.3956607652,552.5316307894
100,10001,89,733.5289098943,266.2639507804
100,10001,90,0.0000000000,646.1038794985
100,10001,91,206.8180018323,276.3686592003
100,10001,92,956.3559839069,297.5456477794
100,10001,93,124.9825243446,268.9612811887
100,10001,94,613.0981303001,317.5016530163
100,10001,95,220.6107862772,896.8662853224
100,10001,96,6.5499920671,229.9285779654
100,10001,97,798.2147796391,117.3375415197
100,10001,98,272.6058180926,899.0470124320
100,10001,99,123.1572695119,228.1660361599
100,10002,0,0.0000000000,340.6622582710
100,10002,1,852.6976440792,211.2198962197
100,10002,2,236.9567067269,396.2147856711
100,10002,3,648.6513061565,1000.0000000000
100,10002,4,620.2451216044,256.7236585771
100,10002,5,908.6465643736,55.2460508450
100,10002,6,1000.0000000000,882.3483343643
100,10002,7,326.8521868946,196.9912500916
100,10002,8,370.8495951174,276.7728018854
100,10002,9,743.5257624322,887.7123726153
100,10002,10,226.4330078043,842.1334680289
100,10002,11,123.5250389543,855.7994875929
100,10002,12,900.7119186658,314.3656165143
100,10002,13,717.6987179734,667.0211399664
100,10002,14,328.7514881886,228.3690106305
100,10002,15,650.0488410061,826.8069313305
100,10002,16,158.2451410677,224.4753733012
100,10002,17,159.0752345580,514.5553512953
100,10002,18,831.7023951299,690.3231988940
100,10002,19,363.6260973834,132.6533494132
100,10002,20,208.0193000810,222.0656801470
100,10002,21,129.1927375023,233.6631770341
100,10002,22,153.4711890879,689.0033824170
100,10002,23,737.9929866536,267.4363891477
100,10002,24,733.2544423570,260.2211011112
100,10002,25,593.7183988644,846.1848608782
100,10002,26,831.3143473083,485.5969958368
100,10002,27,498.2203739675,816.0855230279
100,10002,28,831.6048420848,857.5972082683
100,10002,29,795.2257699971,116.9647568608
100,10002,30,552.3240424082,762.7152965987
100,10002,31,757.1411276241,271.9982227331
100,10002,32,78.4690035392,324.8960109565
100,10002,33,923.0139951708,645.3954551996
100,10002,34,774.1460084927,242.4014952703
100,10002,35,543.3602104161,334.8512099309
100,10002,36,879.2321334437,565.3034164443
100,10002,37,402.7598878003,550.3387496547
100,10002,38,617.4372920880,658.9395723454
100,10002,39,628.3084408972,757.7339628098
100,10002,40,857.3742335881,205.5482555057
100,10002,41,248.1977415047,698.0920173628
100,10002,42,102.5834502996,815.8871344789
100,10002,43,811.4104592694,882.2612050880
100,10002,44,904.9118640521,395.0164636976
100,10002,45,310.1800269377,1000.0000000000
100,10002,46,123.9413935103,32.6557591019
100,10002,47,390.1765174380,723.9011790964
100,10002,48,425.4394221634,874.0623217440
100,10002,49,293.4160608702,775.8544988715
100,10002,50,586.1542076638,399.2467816364
100,10002,51,332.5604156012,700.8588484778
100,10002,52,642.6290089800,412.5440648561
100,10002,53,613.5895194210,48.9498593195
100,10002,54,801.4535718683,614.7614233272
100,10002,55,677.3802542651,315.9456277277
100,10002,56,131.5882369782,372.6649858921
100,10002,57,415.4400616947,647.5328707663
100,10002,58,344.1090885338,316.4141682750
100,10002,59,114.1663208610,871.1343242521
100,10002,60,518.2467114192,148.2945943874
100,10002,61,694.6329730339,509.2760335295
100,10002,62,405.7403319874,409.4268860973
100,10002,63,817.7829456504,139.6164616618
100,10002,64,1000.0000000000,849.8927138616
100,10002,65,56.6558217023,264.8584603471
100,10002,66,749.6417660370,824.7297430244
100,10002,67,617.6590147510,102.2854043704
100,10002,68,779.7568647531,682.9390182840
100,10002,69,567.0501093517,247.9329884150
100,10002,70,102.2849988189,743.1690536617
100,10002,71,812.6515807115,637.6530425906
100,10002,72,303.4922454143,238.4610954904
100,10002,73,884.2923977018,220.3841454011
100,10002,74,272.2740768831,895.9160151178
100,10002,75,853.3229351393,66.1326479273
100,10002,76,707.3835352812,486.4430561543
100,10002,77,277.5053768738,751.1345721727
100,10002,78,707.7658083869,746.5016625629
100,10002,79,331.7553301342,171.3816982682
100,10002,80,749.5367912682,273.4505539975
100,10002,81,160.4870950440,736.2304552078
100,10002,82,615.2795714479,169.7074670347
100,10002,83,230.4254578770,653.4321540179
100,10002,84,646.9211452773,940.7304767669
100,10002,85,232.0442346177,735.1484824704
100,10002,86,184.6620309302,288.5177621745
100,10002,87,780.1455102246,569.7065173362
100,10002,88,636.3263114137,455.6903604625
100,10002,89,591.7486860912,675.4866203704
100,10002,90,211.5555204725,189.5463045515
100,10002,91,685.9257771127,609.8263690573
100,10002,92,122.1830358154,882.5605310152
100,10002,93,766.6352177252,277.9360871350
100,10002,94,722.8398524199,790.5133609975
100,10002,95,489.4215406823,763.7031011797
100,10002,96,555.1189590825,618.3048485634
100,10002,97,291.6616277948,309.3481399338
100,10002,98,745.9171867437,806.6824902117
100,10002,99,644.9768692675,779.4109930205
100,10003,0,418.4958669335,245.8959866321
100,10003,1,276.0108649424,260.7506874700
100,10003,2,268.8090506454,85.0150874063
100,10003,3,143.8846524194,1000.0000000000
100,10003,4,388.1161335215,497.5585610797
100,10003,5,709.8598250507,771.7133501077
100,10003,6,172.0984576740,792.2365043643
100,10003,7,909.5309811555,396.0457099193
100,10003,8,731.1711174082,706.4908507281
100,10003,9,804.6615774014,698.3956997269
100,10003,10,713.3585101928,586.0931133319
100,10003,11,723.4481753634,287.1683111520
100,10003,12,772.1438650938,324.4348656148
100,10003,13,274.8035937930,841.0534397519
100,10003,14,529.9047634490,704.5507298360
100,10003,15,704.8708552935,651.5218752487
100,10003,16,383.7140555269,834.8532042074
100,10003,17,232.8839363972,843.3216997016
100,10003,18,273.0173066149,159.2913792182
100,10003,19,668.4577432866,462.7255183232
100,10003,20,630.5433122451,289.7682554642
100,10003,21,266.3486629753,286.9393343264
100,10003,22,535.5131158386,762.1062138210
100,10003,23,670.1435755902,106.4779714756
100,10003,24,211.8649829506,152.2566758581
100,10003,25,341.2083843806,888.1599789705
100,10003,26,837.9591423049,175.0622809728
100,10003,27,883.5801394535,190.2662511971
100,10003,28,270.4198111207,335.5458651725
100,10003,29,232.3471546341,319.4561417156
100,10003,30,251.8813504861,627.3646363764
100,10003,31,93.7108873097,822.0212002186
100,10003,32,187.1497396470,977.6209592472
100,10003,33,139.2156138438,757.2540810252
100,10003,34,863.2769572687,949.0707689175
100,10003,35,271.2399163957,40.9252745184
100,10003,36,310.7384563740,528.2048598466
100,10003,37,212.9056443745,185.2738668298
100,10003,38,0.0000000000,511.4536067483
100,10003,39,325.0595897473,66.0021698415
100,10003,40,752.4091061610,701.7171784916
100,10003,41,67.6206116784,604.8349668748
100,10003,42,198.7721323995,229.0334616503
100,10003,43,233.5505702531,281.7790288773
100,10003,44,625.0265735120,737.2313043561
100,10003,45,181.7540568190,750.3009798527
100,10003,46,202.7588188291,531.2020960297
100,10003,47,122.6432937680,350.6932775382
100,10003,48,555.0749995839,487.2383822251
100,10003,49,628.6142171168,664.0220779391
100,10003,50,375.1668577591,174.0943108721
100,10003,51,165.1753249033,799.5899413023
100,10003,52,655.0971518238,309.9182558549
100,10003,53,910.7479545440,724.3567345778
100,10003,54,608.4283195441,394.5896838358
100,10003,55,879.8930826623,612.5699104640
100,10003,56,757.3725050214,660.9943522214
100,10003,57,770.5556533718,716.1188215814
100,10003,58,736.1605496522,574.7545768759
100,10003,59,177.2734182814,723.1253780167
100,10003,60,648.4278783892,754.0532011232
100,10003,61,573.8366048527,418.6901194365
100,10003,62,208.2909171031,111.4522578921
100,10003,63,662.2956307058,225.7651384515
100,10003,64,57.2377382137,38.4636244245
100,10003,65,604.8184590173,585.7484615483
100,10003,66,162.3186820702,178.0980568281
100,10003,67,82.6760655183,701.4421741218
100,10003,68,223.3849361661,677.0739819498
100,10003,69,667.5022709109,976.7207635053
100,10003,70,823.7913219309,555.0380853109
100,10003,71,834.7963638073,715.5221333098
100,10003,72,383.2648844368,86.2121883527
100,10003,73,1000.0000000000,781.5746617992
100,10003,74,849.2659476322,443.3151374523
100,10003,75,866.7400222177,389.4991486768
100,10003,76,219.5998124412,774.0545492701
100,10003,77,321.3946367716,750.8898798383
100,10003,78,700.0576970227,214.7836655771
100,10003,79,674.2230864724,720.4854954138
100,10003,80,129.1158765502,319.2783338830
100,10003,81,156.5044697347,647.6352610812
100,10003,82,275.8540109631,138.6678016786
100,10003,83,368.6188301157,615.2805561384
100,10003,84,582.2715755592,639.2253784818
100,10003,85,817.1973832967,625.9467815577
100,10003,86,755.0052476069,976.9485402539
100,10003,87,750.0311709402,245.2188221600
100,10003,88,400.5214291578,34.7013551365
100,10003,89,258.7538213263,151.0122155132
100,10003,90,262.3093840048,638.6126542438
100,10003,91,781.9453233732,239.7920766319
100,10003,92,708.0649625479,594.2927559171
100,10003,93,354.2969919440,612.0438349379
100,10003,94,738.8295499320,412.9271350259
100,10003,95,721.5790855883,158.9548553971
100,10003,96,718.8886893589,288.9641563525
100,10003,97,22.4271198454,750.4363660673
100,10003,98,698.3809648356,920.1651541088
100,10003,99,683.0913416636,808.3000970823
100,10004,0,652.2277137442,724.0496596719
100,10004,1,828.2932567217,922.5035153239
100,10004,2,724.2140306412,435.8492439802
100,10004,3,138.6658697653,1000.0000000000
100,10004,4,822.7524980837,644.7393501453
100,10004,5,840.8082517035,240.4756195913
100,10004,6,767.6224085556,105.5253810420
100,10004,7,695.6160229424,346.0011452842
100,10004,8,149.7991186895,918.7856952762
100,10004,9,6.1369757331,747.3813309948
100,10004,10,462.9666725997,507.8832122675
100,10004,11,197.2821467195,387.4502289133
100,10004,12,635.4917928539,421.4447989720
100,10004,13,734.0490140928,151.7061913987
100,10004,14,851.9550585013,831.6634312489
100,10004,15,338.1462805399,731.7450777779
100,10004,16,584.5330795955,57.9546025053
100,10004,17,365.5349200232,621.1929374685
100,10004,18,713.2671718504,172.5272210159
100,10004,19,748.3583992395,705.6613998288
100,10004,20,182.0068344176,941.6485556687
100,10004,21,356.6497636029,95.1249509738
100,10004,22,621.2160682536,316.8176414790
100,10004,23,830.2282805597,246.1819937750
100,10004,24,914.2051356448,717.4357516610
100,10004,25,238.3963865747,838.0946837250
100,10004,26,967.3403090727,719.6323372343
100,10004,27,280.9856398609,188.9385417893
100,10004,28,248.6534144106,257.3818500744
100,10004,29,288.2649374838,27.1917284083
100,10004,30,295.4320588742,254.3163925108
100,10004,31,200.6577481809,669.4738314843
100,10004,32,258.7386789659,262.2277962368
100,10004,33,1000.0000000000,363.6524262102
100,10004,34,619.5992985962,366.6038818557
100,10004,35,914.6865029935,860.7264756487
100,10004,36,732.1925060690,15.9320810879
100,10004,37,617.2217494427,766.4024830477
100,10004,38,675.1428081075,159.3547695942
100,10004,39,284.6702531671,788.5487981405
100,10004,40,565.5176200028,151.1190624929
100,10004,41,588.9022428947,781.2422871232
100,10004,42,190.2123805534,597.4506916137
100,10004,43,597.7224225862,277.8385836339
100,10004,44,283.8360230786,729.3027222722
100,10004,45,767.6067498752,146.7679775232
100,10004,46,770.3521717829,48.1240275450
100,10004,47,324.6465843809,581.4255349338
100,10004,48,204.9460297695,207.1873286144
100,10004,49,736.9926799697,705.0819522916
100,10004,50,668.2882350000,779.9814035501
100,10004,51,337.0872698724,700.0017706826
100,10004,52,259.8493648172,561.3245693712
100,10004,53,720.2484586572,353.5577427824
100,10004,54,754.5163778090,748.1717269728
100,10004,55,708.7987758167,300.8367406256
100,10004,56,882.0573219288,942.0078516393
100,10004,57,258.6646854294,134.0510556728
100,10004,58,541.6569769880,952.8238730241
100,10004,59,225.2386557693,567.1592336513
100,10004,60,419.3507741490,799.1812291637
100,10004,61,482.2306283273,314.1230732907
100,10004,62,734.4712904048,831.2384588282
100,10004,63,750.4776869328,291.5186300942
100,10004,64,321.2539769074,521.8220046387
100,10004,65,300.4607719302,500.8145273515
100,10004,66,397.3184315671,219.8439873159
100,10004,67,102.4194787514,791.6953389387
100,10004,68,176.4940637695,214.1937242610
100,10004,69,94.2841454476,617.6451143671
100,10004,70,271.3378551753,267.1583515605
100,10004,71,293.1157482083,262.8536428504
100,10004,72,251.0201426335,113.5862142385
100,10004,73,351.9817644900,299.4357230754
100,10004,74,785.3355273470,284.5051971744
100,10004,75,100.8178272587,801.8664953981
100,10004,76,661.9743901871,745.2863452281
100,10004,77,351.0328204022,748.3725440040
100,10004,78,718.5537066874,680.5375083681
100,10004,79,752.3955873502,288.3915819901
100,10004,80,482.4526461599,600.1932379122
100,10004,81,238.0472232636,557.2561392661
100,10004,82,319.4234061611,744.3567401433
100,10004,83,792.2651960625,753.1013719277
100,10004,84,866.5154216128,603.4995393134
100,10004,85,569.1526753675,349.3590416005
100,10004,86,872.0235476756,314.8623978571
100,10004,87,234.1294189468,646.8287016853
100,10004,88,46.3496097250,484.3556527140
100,10004,89,514.5305490233,678.6478806375
100,10004,90,356.4022909329,143.8422564319
100,10004,91,277.2366385582,391.7514132897
100,10004,92,385.3594550135,288.5510463874
100,10004,93,660.8370390840,726.1882441735
100,10004,94,277.5778108372,306.5587939978
100,10004,95,395.1351968321,660.4550873111
100,10004,96,764.1340827375,674.0859768092
100,10004,97,830.9617278471,133.7220669061
100,10004,98,207.4644955027,324.8178215290
100,10004,99,723.6798740840,810.4694237869
100,10005,0,523.4049843437,915.0864111244
100,10005,1,711.2022112302,864.4147148510
100,10005,2,784.5338197501,39.2395467528
100,10005,3,132.8232166700,1000.0000000000
100,10005,4,0.0000000000,709.4315983521
100,10005,5,127.4131827404,213.8125278713
100,10005,6,909.7802584876,895.7117591448
100,10005,7,10.0966029836,678.4801328522
100,10005,8,870.8104315541,239.0127598202
100,10005,9,360.7932248152,859.1484360290
100,10005,10,650.7084449547,206.8273062129
100,10005,11,710.0815971547,1000.0000000000
100,10005,12,638.4427131279,261.6357585555
100,10005,13,255.8192711786,354.5424590969
100,10005,14,731.6028815448,709.1956677213
100,10005,15,248.5133450674,819.8379813051
100,10005,16,782.8052256240,824.0840777486
100,10005,17,224.4638751274,757.6128153293
100,10005,18,179.7527284643,717.2030649749
100,10005,19,792.9234656085,341.1607400420
100,10005,20,779.7472490492,796.6587211839
100,10005,21,136.9720765476,244.1213701463
100,10005,22,279.0924971920,204.7138359917
100,10005,23,164.5856473268,445.2122630931
100,10005,24,255.3617234609,1000.0000000000
100,10005,25,70.1197840065,909.5494880842
100,10005,26,833.4508699416,288.0685496581
100,10005,27,706.4674809554,547.0587652972
100,10005,28,134.9675576071,419.9624167731
100,10005,29,237.1943815328,390.2083169610
100,10005,30,716.1971375908,941.9686286809
100,10005,31,948.1080317063,593.7995813230
100,10005,32,820.7030407963,754.2893062624
100,10005,33,157.5820355972,135.5655702507
100,10005,34,140.5337660287,670.3975506771
100,10005,35,84.1058973618,838.1004933474
100,10005,36,152.3948879539,30.9411475663
100,10005,37,695.8585227041,442.3381866309
100,10005,38,141.4485159299,73.3014815207
100,10005,39,627.3827419382,785.4564133024
100,10005,40,638.8079527625,832.2015570259
100,10005,41,693.4913457861,849.7517249843
100,10005,42,774.6089973603,697.0521710293
100,10005,43,712.0734408102,215.9550976380
100,10005,44,683.9165609690,419.8582845302
100,10005,45,880.0389418004,296.3599852636
100,10005,46,824.4647561185,580.2560828830
100,10005,47,264.3330052185,460.2361849856
100,10005,48,323.2701805972,183.2840514343
100,10005,49,312.7602563178,597.7406756243
100,10005,50,529.2716072255,705.4492872442
100,10005,51,660.6560529999,300.3640960191
100,10005,52,784.9935066687,777.5692525464
100,10005,53,717.6510843250,721.7476019509
100,10005,54,160.5072525106,747.6141923331
100,10005,55,338.0850231775,622.6079926296
100,10005,56,123.1264199294,713.0490491712
100,10005,57,178.4879597953,79.1181898609
100,10005,58,337.5125676648,759.2635473134
100,10005,59,314.7924716716,703.4323403654
100,10005,60,730.5537329936,236.5483939664
100,10005,61,186.8625940808,520.4816363082
100,10005,62,912.1716861245,545.3698352967
100,10005,63,480.5364897296,180.5499654698
100,10005,64,811.9192089971,0.0000000000
100,10005,65,546.4061552393,107.8579822277
100,10005,66,660.5891826278,421.6851301762
100,10005,67,159.7888801246,849.3027944926
100,10005,68,668.4218021996,776.5167399393
100,10005,69,904.4905663895,163.4188527402
100,10005,70,169.8202327559,302.3159636900
100,10005,71,391.4916751904,454.5469431729
100,10005,72,205.4257759308,193.5113545752
100,10005,73,902.0029273885,402.0029273885
100,10005,74,851.4251619339,299.0698733672
100,10005,75,253.7397520870,613.6459689311
100,10005,76,160.3558202423,161.9234271609
100,10005,77,378.0452943054,744.2508850240
100,10005,78,259.5162004725,660.7545709646
100,10005,79,974.0597628450,628.7419965990
100,10005,80,246.2244479209,622.1786044781
100,10005,81,929.7111126045,0.0000000000
100,10005,82,860.0660278017,517.6077159564
100,10005,83,821.1474384850,859.6832577276
100,10005,84,876.6119168177,870.3595647316
100,10005,85,735.7558240487,382.3816858226
100,10005,86,804.6994168052,714.8158233266
100,10005,87,198.1782596944,89.1035826718
100,10005,88,767.9527708805,733.2713515963
100,10005,89,338.9990249951,375.9580355396
100,10005,90,444.1019460733,729.0018121553
100,10005,91,380.1510550500,776.0698243774
100,10005,92,661.4688226897,332.9078744225
100,10005,93,280.0937555144,488.7172262451
100,10005,94,394.5988187873,847.8660789134
100,10005,95,752.9399730525,752.8391231851
100,10005,96,779.9681588936,344.9762950415
100,10005,97,275.2449219507,318.6400417830
100,10005,98,607.7645154357,405.9683489045
100,10005,99,751.1465058135,784.7504455678
100,10006,0,133.4022132574,623.2229791630
100,10006,1,205.9926416685,773.5224230919
100,10006,2,203.7400220845,994.8080054052
100,10006,3,126.0494580878,1000.0000000000
100,10006,4,288.3729858229,370.0074872245
100,10006,5,379.0011506740,853.9779530273
100,10006,6,200.5958623017,760.6967140095
100,10006,7,758.1212947410,623.3647720376
100,10006,8,221.6373918193,217.4871640227
100,10006,9,247.5899958707,656.2249147154
100,10006,10,433.1559102500,738.9590676406
100,10006,11,268.4371686508,879.2407241805
100,10006,12,48.5927234232,53.0990201195
100,10006,13,755.4495086200,640.3596543036
100,10006,14,741.1964247302,932.7763149781
100,10006,15,206.8519579622,739.1304088547
100,10006,16,232.3276347428,606.7162478507
100,10006,17,367.6515328173,781.3232268447
100,10006,18,683.4499291956,767.3223985182
100,10006,19,140.1632327433,652.2004478067
100,10006,20,378.5723750774,262.2153574068
100,10006,21,758.5496159010,765.6827901982
100,10006,22,741.0597680609,929.1783317625
100,10006,23,173.8191221222,159.2150932459
100,10006,24,664.1247127420,236.4358230004
100,10006,25,110.4385951025,751.5521767194
100,10006,26,350.6558577251,404.9790792522
100,10006,27,155.3412098780,673.6428913968
100,10006,28,624.3070305074,328.9877324061
100,10006,29,250.8834731251,178.0117471335
100,10006,30,633.4326802063,219.7778506987
100,10006,31,351.9888194327,351.9497147080
100,10006,32,820.0993332089,173.4869118898
100,10006,33,762.0169021865,808.9929039219
100,10006,34,289.9156399428,159.7650103760
100,10006,35,750.4779141975,71.9709312603
100,10006,36,580.6155295290,572.6355279088
100,10006,37,275.8392990060,270.5506303786
100,10006,38,720.7390047337,682.9497905463
100,10006,39,784.9221241637,45.7170755374
100,10006,40,764.9817262283,326.1573813292
100,10006,41,771.2213355727,808.3902813698
100,10006,42,907.4476569424,196.6098312241
100,10006,43,261.9812332630,586.2908255296
100,10006,44,221.1360444652,149.5317234654
100,10006,45,164.0691058976,401.5536914198
100,10006,46,362.8139615129,623.0069657052
100,10006,47,120.3999592702,540.0331980221
100,10006,48,831.4084474297,853.4945076656
100,10006,49,309.1511511001,717.1473715959
100,10006,50,77.5799552888,743.8811242529
100,10006,51,841.6065180656,199.3053307643
100,10006,52,129.3887075031,285.7552046085
100,10006,53,444.6979152623,664.2318242665
100,10006,54,375.1939746183,308.6258889207
100,10006,55,61.0919769047,573.2735422082
100,10006,56,289.1977817137,733.3483202902
100,10006,57,732.6635577578,235.2873123101
100,10006,58,168.8540956786,628.2029899436
100,10006,59,917.7004629400,332.8873546964
100,10006,60,320.1195638127,343.6041341088
100,10006,61,87.1222843638,419.7673611631
100,10006,62,601.4105766276,816.2405021967
100,10006,63,152.4267756999,98.9442492144
100,10006,64,573.1366486208,456.3902336407
100,10006,65,787.1947602841,769.1984903094
100,10006,66,644.9776605894,7.4455164487
100,10006,67,229.3374502028,863.7642479532
100,10006,68,207.8464281558,829.1922127766
100,10006,69,273.8336520973,402.2171906411
100,10006,70,712.2746125391,109.7091990717
100,10006,71,236.8598953684,435.4030810698
100,10006,72,20.9900949954,197.0034864283
100,10006,73,288.5960424787,829.6593201634
100,10006,74,918.2418047046,271.5699058672
100,10006,75,857.1410358087,793.9706501896
100,10006,76,738.3312419502,86.2477337542
100,10006,77,405.6955335261,738.5452237420
100,10006,78,310.9686902891,167.7273144912
100,10006,79,92.1856080326,632.2046729061
100,10006,80,969.0692002153,109.6817612411
100,10006,81,828.0497529780,227.8519188430
100,10006,82,600.2044687030,876.0418373419
100,10006,83,672.6733007194,964.1696350759
100,10006,84,627.6305486128,857.8698397183
100,10006,85,0.0000000000,774.8574863306
100,10006,86,237.1118015356,538.8960046501
100,10006,87,619.5577992564,0.0000000000
100,10006,88,211.7262228044,778.7974046197
100,10006,89,204.7270104829,815.6368666996
100,10006,90,479.5354694401,396.7119362262
100,10006,91,256.6169051479,615.3098014838
100,10006,92,228.5526102715,650.3885184246
100,10006,93,868.9500792240,183.1868666921
100,10006,94,324.8451858317,255.4631979460
100,10006,95,693.3357250933,349.4475889760
100,10006,96,664.0119597316,665.6775013036
100,10006,97,528.9665833700,691.7422975523
100,10006,98,659.0395863924,313.4114269018
100,10006,99,381.3992711801,1000.0000000000
100,10007,0,796.3237433893,343.5430539233
100,10007,1,551.8684802628,196.8429486577
100,10007,2,317.8135176805,433.8648598873
100,10007,3,117.6978395529,1000.0000000000
100,10007,4,943.7047107704,563.5133338350
100,10007,5,147.2116922883,62.3098983440
100,10007,6,795.1945515122,144.5132409636
100,10007,7,563.7279035998,198.7799095153
100,10007,8,706.5910222196,937.9080399945
100,10007,9,45.6872113224,973.0923029351
100,10007,10,718.8379091442,768.2820832563
100,10007,11,850.4602405972,490.5730349902
100,10007,12,261.7882506752,105.3244239643
100,10007,13,232.2844104074,863.4278746785
100,10007,14,801.0987649309,660.7184905304
100,10007,15,399.9303130099,456.3579098411
100,10007,16,211.7016276621,471.2225778811
100,10007,17,605.9558273688,598.7056741760
100,10007,18,215.3787178577,297.9957457801
100,10007,19,441.9119235797,314.5439879635
100,10007,20,893.0695562179,98.5707217499
100,10007,21,838.0327758560,596.4594055566
100,10007,22,208.6583690368,668.8778629632
100,10007,23,573.3054885201,171.5152176616
100,10007,24,298.5143595779,109.5920816275
100,10007,25,204.2532683419,711.2068992237
100,10007,26,250.5963587907,814.7924185021
100,10007,27,721.7428938655,250.0541823888
100,10007,28,649.4971006860,264.8294248690
100,10007,29,765.0652056619,976.0862269410
100,10007,30,263.6303038307,210.6252258385
100,10007,31,209.4997011433,301.4068154638
100,10007,32,730.2090002816,617.4555646600
100,10007,33,301.5950504504,568.8407691927
100,10007,34,304.8049152294,761.3499907060
100,10007,35,398.6983246537,329.9581095810
100,10007,36,25.5964934921,637.3681660269
100,10007,37,343.1603131490,698.9111577055
100,10007,38,208.4272029187,601.1088510576
100,10007,39,298.9008105492,784.9331380966
100,10007,40,495.6206437702,812.1758551612
100,10007,41,483.4546172208,337.4404721889
100,10007,42,804.3254735259,778.4111061992
100,10007,43,802.5665481510,715.1524970284
100,10007,44,483.2369215843,923.8135789558
100,10007,45,78.8394192688,108.9269279463
100,10007,46,384.2143572326,171.1210832901
100,10007,47,527.0652952964,413.4059545011
100,10007,48,112.5087030366,842.9403541560
100,10007,49,429.6235698500,780.0689055853
100,10007,50,858.6212556390,275.3122848867
100,10007,51,656.1347873865,300.9848511401
100,10007,52,816.9531644471,52.5550563192
100,10007,53,246.6148084739,395.8780682092
100,10007,54,122.2578833882,604.8067018287
100,10007,55,304.7105910471,637.4666493492
100,10007,56,667.1493701948,407.6100240044
100,10007,57,143.6825171645,724.7943190213
100,10007,58,687.1665635085,460.7659796034
100,10007,59,752.4214431653,331.9780095972
100,10007,60,688.2317501899,563.8640171674
100,10007,61,476.6101115129,802.3496136502
100,10007,62,850.3258328130,756.2215848326
100,10007,63,159.5154475143,353.9661405286
100,10007,64,498.5710534719,650.8154719052
100,10007,65,261.2591571542,815.3342683386
100,10007,66,301.7478154027,764.5130173435
100,10007,67,785.7583162399,840.0165243283
100,10007,68,275.7164396352,339.9673973773
100,10007,69,619.5669955266,723.5348673212
100,10007,70,454.3289077091,760.7843810038
100,10007,71,652.0771047039,355.8183570315
100,10007,72,114.8834592788,314.9547457036
100,10007,73,771.0650010491,929.2729787161
100,10007,74,506.5556412367,199.2235630682
100,10007,75,185.1695211349,319.3608304554
100,10007,76,379.2623964258,580.5798778593
100,10007,77,437.1022218876,730.8110207870
100,10007,78,855.5079858045,705.1789639712
100,10007,79,217.2272176584,405.6902745627
100,10007,80,354.3808118442,301.8653207455
100,10007,81,869.5786994946,300.7713764662
100,10007,82,625.9124421790,171.8550883870
100,10007,83,668.8542410282,775.2965463628
100,10007,84,659.8163646558,627.3725054630
100,10007,85,715.1185688762,629.6306961758
100,10007,86,133.5714335864,193.8091115022
100,10007,87,695.4376112322,675.1490917362
100,10007,88,804.8730673618,217.1246492561
100,10007,89,529.7695371960,693.2617336213
100,10007,90,768.8892472516,805.9866509385
100,10007,91,1000.0000000000,298.3968760339
100,10007,92,327.0079004174,776.2614796446
100,10007,93,210.1952702071,718.2924471781
100,10007,94,918.2465169676,668.8802082883
100,10007,95,62.6361616259,698.6132836924
100,10007,96,885.5482272884,289.8441855261
100,10007,97,858.5033208681,158.0609960472
100,10007,98,7.2771565697,848.7443897159
100,10007,99,433.7331219148,889.8486400344
100,10008,0,188.0691367722,0.0000000000
100,10008,1,180.4167216872,137.9892625767
100,10008,2,739.9005038978,792.0248273459
100,10008,3,105.9207608858,1000.0000000000
100,10008,4,133.3756607227,707.7912341039
100,10008,5,286.2179998253,1000.0000000000
100,10008,6,840.4493450050,898.2499773810
100,10008,7,804.3077331104,383.0546721888
100,10008,8,359.4912452828,703.7839403764
100,10008,9,924.3396584684,239.1549793745
100,10008,10,315.3613923711,147.9988287718
100,10008,11,319.1011913114,341.0021851222
100,10008,12,295.4235564564,218.1522400981
100,10008,13,780.8023605007,134.2155702494
100,10008,14,19.8219341992,900.5021858559
100,10008,15,442.2988454177,911.1764524776
100,10008,16,279.2990524512,691.6814449329
100,10008,17,764.7445434875,818.8653370245
100,10008,18,753.1970892203,298.1183658354
100,10008,19,0.0000000000,778.6459129194
100,10008,20,240.9575882414,690.7637543054
100,10008,21,645.6698255666,753.1817904997
100,10008,22,438.3354379566,872.9372325945
100,10008,23,215.6093781762,402.3283964013
100,10008,24,950.4973167362,861.8600546402
100,10008,25,219.7985312253,554.4153929645
100,10008,26,166.7255667497,383.5352220615
100,10008,27,114.5208988230,360.1453627751
100,10008,28,706.7193155183,238.1029940055
100,10008,29,729.5672161730,610.4097551860
100,10008,30,425.7467534897,826.9374499775
100,10008,31,576.5531896196,143.8122757712
100,10008,32,106.9808709328,665.6510118955
100,10008,33,680.7300569173,323.5148834269
100,10008,34,252.2197928943,519.2180822415
100,10008,35,616.6753829183,838.6416012614
100,10008,36,494.5015540636,218.6861994970
100,10008,37,732.8204494597,85.9018037545
100,10008,38,709.9568326574,0.0000000000
100,10008,39,132.9233837547,313.8836377853
100,10008,40,352.8501486456,125.4092028083
100,10008,41,400.7862677590,166.5555013906
100,10008,42,296.6424095495,412.1163808535
100,10008,43,414.7593176987,305.8695375350
100,10008,44,592.3118023725,251.6328203466
100,10008,45,1000.0000000000,521.6126881326
100,10008,46,888.9424540880,719.1630350494
100,10008,47,205.8092638739,747.8800089941
100,10008,48,645.9977770433,69.2497440712
100,10008,49,306.6590010646,813.0460280309
100,10008,50,212.4163077328,233.1069475105
100,10008,51,846.1317096272,198.7586396350
100,10008,52,288.0145934817,802.2972895027
100,10008,53,167.9495931887,709.2303356203
100,10008,54,346.6437310840,551.4459316043
100,10008,55,664.6143002150,966.0323301749
100,10008,56,730.8234039452,155.9512153807
100,10008,57,578.4861354456,791.6014267194
100,10008,58,801.3053033308,228.1003083919
100,10008,59,585.2010831337,343.9008298321
100,10008,60,249.8863934174,803.8617219220
100,10008,61,679.7064265551,31.0329445892
100,10008,62,435.7134784512,560.2286465924
100,10008,63,340.2857005980,291.9628266329
100,10008,64,487.6758566084,722.9438545402
100,10008,65,691.5380048405,312.3553016221
100,10008,66,670.7116413297,806.0689139454
100,10008,67,811.7372933439,795.4763086739
100,10008,68,834.2580098122,798.7829111703
100,10008,69,309.5298557945,654.1316172256
100,10008,70,242.9721621191,768.2189846167
100,10008,71,643.8815459267,265.8451789341
100,10008,72,212.4496029137,328.3031576623
100,10008,73,737.1198625598,308.3514760875
100,10008,74,316.1245460546,212.2892741507
100,10008,75,218.1757035888,185.2999946836
100,10008,76,1000.0000000000,685.0499148098
100,10008,77,479.1344656930,719.8636731393
100,10008,78,875.6835463091,266.4076416794
100,10008,79,373.9380748370,721.4939778027
100,10008,80,768.3218055833,982.0043420183
100,10008,81,335.7554974004,410.2893617390
100,10008,82,276.1712274525,148.6573080797
100,10008,83,616.1465307710,654.4569705930
100,10008,84,871.1635255062,676.3949084239
100,10008,85,479.1397320244,131.6713236954
100,10008,86,706.7779546533,780.2424496676
100,10008,87,139.0772024236,139.8825009613
100,10008,88,179.6837848076,282.6322714045
100,10008,89,736.5666886802,115.4608225024
100,10008,90,714.8415787212,345.9920049774
100,10008,91,714.3666277342,870.3696999538
100,10008,92,706.1654742281,787.0417016047
100,10008,93,697.7059370141,927.6503584588
100,10008,94,798.5429527889,178.9247300692
100,10008,95,250.9469278003,196.3272246654
100,10008,96,589.9779055348,783.0762679835
100,10008,97,256.8344798560,323.4312316336
100,10008,98,116.9495290579,772.0104031674
100,10008,99,443.8345657055,790.6857220913
100,10009,0,731.0686322597,924.9967829313
100,10009,1,262.8319971733,185.7467912201
100,10009,2,767.7367170423,683.3800455005
100,10009,3,75.6915136653,1000.0000000000
100,10009,4,778.8009200798,511.0774169383
100,10009,5,269.6591362534,182.1113020913
100,10009,6,0.0000000000,730.5337485851
100,10009,7,217.4139518087,772.9403382026
100,10009,8,717.0810075493,230.0540007662
100,10009,9,665.4162965985,178.0219532250
100,10009,10,730.0267301716,450.0390842351
100,10009,11,925.5384103882,888.2960219849
100,10009,12,425.6776122822,297.9643835495
100,10009,13,205.4110583252,366.5900657645
100,10009,14,400.3111422165,733.7974711065
100,10009,15,78.7850385572,879.5443744920
100,10009,16,659.7908783213,344.9316861364
100,10009,17,799.4384630102,609.7122428028
100,10009,18,273.7612623072,775.1110507599
100,10009,19,825.1835353720,710.6805561139
100,10009,20,634.4897939027,685.2646158413
100,10009,21,922.1449197369,1000.0000000000
100,10009,22,628.0086912809,243.0217244314
100,10009,23,194.2857750576,204.7394617738
100,10009,24,207.6551436109,801.8198539189
100,10009,25,311.3088632376,652.4808798061
100,10009,26,229.3838445885,759.8670667339
100,10009,27,730.0356119880,844.9330617112
100,10009,28,73.5750123347,606.5091754100
100,10009,29,766.0757846161,820.5127405126
100,10009,30,694.1670146142,354.1677221717
100,10009,31,299.5716226673,642.3188165647
100,10009,32,57.7584061146,321.6680540435
100,10009,33,487.1614997313,166.9844334203
100,10009,34,59.0382568808,792.8049742704
100,10009,35,235.4464946503,598.9707411514
100,10009,36,0.0000000000,308.0230072441
100,10009,37,504.2393056932,675.8093843962
100,10009,38,250.7291331410,138.1613708631
100,10009,39,739.4576448003,33.7130022493
100,10009,40,207.0181307892,658.3049759237
100,10009,41,274.3749431275,130.6904341006
100,10009,42,217.6571244558,805.3719193661
100,10009,43,273.9811158609,319.6645389438
100,10009,44,314.9567337867,199.4674040187
100,10009,45,785.3042979013,809.6253110305
100,10009,46,878.8830719181,262.2199403427
100,10009,47,313.9691073748,220.1192633977
100,10009,48,508.2205310191,125.2551961582
100,10009,49,761.9651280002,451.7066949413
100,10009,50,916.3893294609,867.7582757460
100,10009,51,651.6038523913,301.4591630383
100,10009,52,610.4982600367,751.8725511072
100,10009,53,518.3259978464,36.6777135335
100,10009,54,258.3402403085,667.7461478729
100,10009,55,778.3737828745,158.3651043547
100,10009,56,441.4983988755,406.3002586631
100,10009,57,490.9265424068,972.1819051106
100,10009,58,143.6125647377,195.4223555611
100,10009,59,678.8506214092,204.9642639911
100,10009,60,792.1524200813,124.7455588492
100,10009,61,599.6310347426,920.6471624010
100,10009,62,344.8309485710,905.9692106882
100,10009,63,258.4253192136,195.7137653882
100,10009,64,966.7179594339,893.6670278153
100,10009,65,647.8978165655,739.1326895558
100,10009,66,758.8980228577,616.4657847841
100,10009,67,802.3568505818,754.0438109807
100,10009,68,848.1434362144,225.6961549113
100,10009,69,806.4685635954,322.8172835169
100,10009,70,677.7988920880,691.1849784618
100,10009,71,691.9903120837,216.1909465247
100,10009,72,310.8547991492,512.0521271284
100,10009,73,169.9049655840,880.2095271949
100,10009,74,338.4621934982,151.0707714332
100,10009,75,792.6038046023,245.9440701754
100,10009,76,312.2024741753,286.2047625231
100,10009,77,580.8403536702,696.7673363399
100,10009,78,859.7069000452,835.3456467585
100,10009,79,691.0612303131,174.0274253991
100,10009,80,164.3353281436,811.0225436252
100,10009,81,199.6590625464,516.1247638179
100,10009,82,306.9282090058,746.7763861377
100,10009,83,238.4911718358,0.0000000000
100,10009,84,808.1588346877,868.0675891024
100,10009,85,823.1080599220,342.0309097776
100,10009,86,769.7558395933,447.0968538038
100,10009,87,46.8236201366,604.1502028339
100,10009,88,334.9738235461,220.9673799128
100,10009,89,801.0910864246,725.2335644246
100,10009,90,630.0067145988,822.4539126215
100,10009,91,14.5459744660,648.4271142388
100,10009,92,247.1715795792,232.5917055165
100,10009,93,352.0524559371,239.7313254111
100,10009,94,765.4173915325,550.3848180141
100,10009,95,879.6496603348,219.3152511154
100,10009,96,394.9384917588,629.5561941412
100,10009,97,550.4535593048,636.4523718944
100,10009,98,721.1749900169,748.3123018727
100,10009,99,417.8397373741,709.5282050427
100,10010,0,791.0577728413,650.5543192869
100,10010,1,931.8709994215,619.9719435936
100,10010,2,224.9388942878,335.6207614512
100,10010,3,245.9088616032,759.7970856415
100,10010,4,352.9630180386,184.4392418636
100,10010,5,181.6901913434,835.6529774464
100,10010,6,802.8002404555,185.8134480850
100,10010,7,629.8854603631,642.1371855164
100,10010,8,265.4629822913,438.8801405418
100,10010,9,753.5185686477,285.5847216903
100,10010,10,229.0903728218,696.2241995692
100,10010,11,839.5150397158,789.2692457826
100,10010,12,789.0479700151,835.9905673204
100,10010,13,808.8707662759,634.2621791452
100,10010,14,182.0152157905,724.0595137688
100,10010,15,172.7508440579,578.0477776169
100,10010,16,926.2406239514,649.8482115464
100,10010,17,543.6056619023,917.6027864762
100,10010,18,760.2879481781,751.2588850699
100,10010,19,666.6141946703,351.8844547840
100,10010,20,553.1053197809,332.7088593475
100,10010,21,320.7192698168,599.0563102559
100,10010,22,553.6870452052,98.0844087573
100,10010,23,433.4458825807,166.1882879017
100,10010,24,664.7265865279,150.6832793161
100,10010,25,624.1421263532,636.2701585551
100,10010,26,117.9274952355,234.0188412084
100,10010,27,368.5658052235,981.4463857126
100,10010,28,175.8965577969,605.3463721311
100,10010,29,182.2012326970,533.2480657543
100,10010,30,718.6121907115,729.8104935683
100,10010,31,266.2414389998,755.2654595753
100,10010,32,164.0808671077,1000.0000000000
100,10010,33,114.4625959299,730.6645622486
100,10010,34,186.2236031041,112.0203208844
100,10010,35,882.5744947558,305.2420467543
100,10010,36,520.1159508238,895.5724686715
100,10010,37,201.0106622322,809.2984568717
100,10010,38,778.8717210417,553.2840863300
100,10010,39,812.1833735595,776.4584662605
100,10010,40,240.3858453184,249.9631299978
100,10010,41,706.2115028234,193.8458392586
100,10010,42,83.4726390515,289.5813921703
100,10010,43,648.8153740666,404.2347210006
100,10010,44,691.1073126790,972.4040368336
100,10010,45,151.2331266051,787.3174287170
100,10010,46,357.2322642601,296.3078807452
100,10010,47,194.7235520394,822.8828257197
100,10010,48,770.9477608847,802.7625224150
100,10010,49,692.2672316639,331.9742325940
100,10010,50,156.6928809759,652.0716962225
100,10010,51,350.6701370840,198.3553773635
100,10010,52,881.7502219760,558.2024580491
100,10010,53,793.9019853511,934.5477211896
100,10010,54,685.3445930856,364.9536732784
100,10010,55,208.5750409383,931.7010776653
100,10010,56,111.4442713976,250.0531354590
100,10010,57,211.0427824632,344.4606243094
100,10010,58,289.3948370715,426.8603370663
100,10010,59,764.5536412806,58.2156933276
100,10010,60,117.3530818511,425.4553011936
100,10010,61,971.1628906589,291.3089477951
100,10010,62,242.3960227980,632.8383438922
100,10010,63,0.0000000000,283.1686563995
100,10010,64,126.3730337412,25.2826339288
100,10010,65,188.6377759362,647.8899077731
100,10010,66,376.8610755953,367.8479099487
100,10010,67,1000.0000000000,554.8824065351
100,10010,68,305.7186524695,161.2217379970
100,10010,69,183.9434778650,270.7316510054
100,10010,70,369.9993061606,172.7805961165
100,10010,71,140.5678793886,465.4958615429
100,10010,72,378.9473595479,351.5497046796
100,10010,73,447.5924203348,997.2106078662
100,10010,74,827.1167866565,570.9540454983
100,10010,75,670.2374770786,541.4836229503
100,10010,76,785.1375013705,355.7496754424
100,10010,77,308.5301129631,738.8585101179
100,10010,78,305.9771727581,890.9146476473
100,10010,79,722.1794095777,803.7724878920
100,10010,80,555.6212513971,165.0835363476
100,10010,81,195.9164889310,296.0949182093
100,10010,82,841.5509203780,488.9729796214
100,10010,83,341.9193748293,176.0270602944
100,10010,84,636.5910660699,793.9216152531
100,10010,85,95.4464405788,931.6914032435
100,10010,86,360.4394551906,298.0954413726
100,10010,87,178.2461061551,214.1232249156
100,10010,88,651.1634785800,772.5132208487
100,10010,89,892.0806191306,387.1541885415
100,10010,90,569.2950173465,225.7748476849
100,10010,91,808.4542375325,149.4826281706
100,10010,92,996.5499314938,348.3780623909
100,10010,93,625.0858229829,13.9118083230
100,10010,94,208.4837134347,662.9564316244
100,10010,95,353.9744317811,948.4409204979
100,10010,96,166.9304203795,453.4100934329
100,10010,97,378.9660837968,688.7916255418
100,10010,98,596.2778470010,705.6130659411
100,10010,99,367.1849324279,655.1749412356
100,10011,0,244.2234395129,757.2119130116
100,10011,1,391.8657323503,768.8799576004
100,10011,2,282.7188501484,147.5397966381
100,10011,3,243.8643811330,764.3512953734
100,10011,4,530.5112258443,616.4331607765
100,10011,5,377.5897761837,179.2644603372
100,10011,6,286.6774279753,385.4610931518
100,10011,7,281.5998595101,192.9757272951
100,10011,8,838.3865863187,674.2876851668
100,10011,9,371.8335540477,95.7835794212
100,10011,10,849.9222650434,839.3501634765
100,10011,11,444.8247756653,781.3092486939
100,10011,12,648.1760741913,959.8491831482
100,10011,13,176.5615630337,863.1676026969
100,10011,14,391.6897210112,906.8737300476
100,10011,15,913.5821954165,217.3962581825
100,10011,16,205.0371903211,760.1782745699
100,10011,17,848.8636333781,736.8429029655
100,10011,18,513.7331351778,81.1449192307
100,10011,19,800.7450937391,575.2642104497
100,10011,20,233.2077432752,812.0190012769
100,10011,21,155.2233422549,760.7497570961
100,10011,22,665.1112612931,877.9458752182
100,10011,23,246.4824743126,361.1420642454
100,10011,24,422.7704553967,148.0151249798
100,10011,25,402.6764894246,818.0274076648
100,10011,26,50.8212921503,586.5382588831
100,10011,27,384.8731002342,809.6923279852
100,10011,28,743.2727928223,635.4791253449
100,10011,29,302.6897960409,881.1707536940
100,10011,30,364.4335633765,599.7767745027
100,10011,31,716.9338999182,916.9034387948
100,10011,32,774.9057681775,289.2305774057
100,10011,33,786.7674533098,276.2548185088
100,10011,34,341.8294380429,680.8794355586
100,10011,35,144.9289253925,335.8929668748
100,10011,36,77.1208392004,971.3491021208
100,10011,37,313.0449230931,370.2686001859
100,10011,38,268.5938213290,686.5648286449
100,10011,39,145.1631557648,341.5253597818
100,10011,40,168.9120849752,919.5913040831
100,10011,41,480.2692998629,237.9411657219
100,10011,42,193.9009878845,713.6259441766
100,10011,43,166.8575153573,756.4857105536
100,10011,44,198.1851936928,624.6361167482
100,10011,45,224.0757942357,613.5262638572
100,10011,46,328.2056710326,818.6730116965
100,10011,47,268.0287099645,141.0184273769
100,10011,48,159.3560333579,778.6011661530
100,10011,49,532.6126358401,313.5837979239
100,10011,50,790.2400104217,313.0899835149
100,10011,51,147.0562699571,301.7927810333
100,10011,52,278.0505936325,325.9537204257
100,10011,53,622.7579948853,223.6229839228
100,10011,54,897.6315430838,638.4327540506
100,10011,55,259.2498438125,187.9704446184
100,10011,56,791.0267913357,716.4485016473
100,10011,57,763.3718313126,417.6852333066
100,10011,58,943.5446413097,499.7275522183
100,10011,59,829.1174520560,215.3463162170
100,10011,60,810.8995132212,708.2525792763
100,10011,61,673.0438475707,541.1299229525
100,10011,62,230.8051240504,793.3927511779
100,10011,63,325.5569725634,424.7783723163
100,10011,64,755.1930338803,503.0734004844
100,10011,65,800.6152510768,124.2726936829
100,10011,66,26.0447389626,281.5984568922
100,10011,67,881.9699496405,525.8437399960
100,10011,68,227.6944003007,643.8331174656
100,10011,69,751.9929631952,711.1063761730
100,10011,70,300.9418217153,444.3345297990
100,10011,71,313.0428760525,552.3174884839
100,10011,72,350.5710186597,249.1707584025
100,10011,73,129.7470456520,294.0443350462
100,10011,74,751.2726118609,734.8481215339
100,10011,75,59.5349110820,611.3286451412
100,10011,76,191.7856501428,886.8168747215
100,10011,77,839.3496380331,730.3134550929
100,10011,78,224.8319963012,412.9879046614
100,10011,79,1000.0000000000,263.5465107849
100,10011,80,238.0572819364,157.2716391639
100,10011,81,128.7673951256,253.3482837190
100,10011,82,607.1163012217,864.3563181249
100,10011,83,449.7396728000,299.8287189591
100,10011,84,719.0292213035,642.7410761247
100,10011,85,654.2492193534,696.4107467723
100,10011,86,279.8600966101,727.3261680952
100,10011,87,612.3854972925,206.7521011828
100,10011,88,361.7766893156,736.6703740194
100,10011,89,202.7548812206,856.9151284087
100,10011,90,581.2612193167,572.8361520572
100,10011,91,437.0424873554,391.0691202634
100,10011,92,74.2753256465,883.7530025763
100,10011,93,155.7881206338,862.3599674780
100,10011,94,72.5945751147,127.6849085653
100,10011,95,192.1186551909,302.0777565774
100,10011,96,222.7204017003,483.5066867151
100,10011,97,737.6376364952,323.3312349065
100,10011,98,190.2437051650,217.0806258816
100,10011,99,806.4245817486,132.2809605852
100,10012,0,897.2986828475,146.7246633431
100,10012,1,299.9262617005,811.0259793578
100,10012,2,708.9729188654,368.3708166366
100,10012,3,242.2331758457,767.7416086762
100,10012,4,239.2592102389,869.6262329765
100,10012,5,63.9931903535,771.4585933757
100,10012,6,54.8694945542,677.9360315348
100,10012,7,923.8470896249,300.0174449404
100,10012,8,217.6592524881,742.2212428942
100,10012,9,123.2321259861,267.2171409085
100,10012,10,35.5113606998,193.1152814535
100,10012,11,829.8513975463,242.4289567297
100,10012,12,626.1961079800,780.4316398183
100,10012,13,838.1425670574,141.2013464280
100,10012,14,218.0565454233,631.3014519929
100,10012,15,745.7591251735,397.4057688038
100,10012,16,367.4995974150,258.4181479728
100,10012,17,586.6662610838,677.5241749497
100,10012,18,834.3577229954,0.0000000000
100,10012,19,281.9502022521,514.0448852428
100,10012,20,831.4785250486,858.5070730040
100,10012,21,417.4065245706,963.9190159416
100,10012,22,754.1926889050,685.2070529056
100,10012,23,0.0000000000,114.9345896230
100,10012,24,764.4007489307,788.5831968224
100,10012,25,288.2545086634,831.8548618096
100,10012,26,715.8356229542,145.7784241859
100,10012,27,817.4294817565,231.7566788737
100,10012,28,772.3563749428,689.8553993033
100,10012,29,217.6973284568,684.9271078746
100,10012,30,336.3611996956,327.3730328156
100,10012,31,657.5823481074,742.8085882587
100,10012,32,834.9588950238,759.8507710915
100,10012,33,169.9838294616,93.3605912182
100,10012,34,307.8889953516,300.0904722922
100,10012,35,725.2595034417,624.4895214671
100,10012,36,658.4908660134,526.2904482590
100,10012,37,451.9866737726,732.6839804224
100,10012,38,811.1694577571,114.6741369702
100,10012,39,190.2114057654,531.1793734880
100,10012,40,327.7948194478,345.7253371126
100,10012,41,626.4215381950,382.2649500038
100,10012,42,717.7517031015,579.3418718041
100,10012,43,118.4900743330,604.9011569051
100,10012,44,298.4291521220,278.2626847599
100,10012,45,925.2183601794,247.4799987897
100,10012,46,796.5427443255,328.1267322375
100,10012,47,290.6823620902,872.3590527556
100,10012,48,720.4318979524,125.7066267243
100,10012,49,643.5080164631,206.4388060391
100,10012,50,159.0830174328,18.5461838537
100,10012,51,355.2285231797,198.0903111936
100,10012,52,601.5131631783,210.2537574562
100,10012,53,794.4354242565,690.6110174029
100,10012,54,475.2202459584,316.0356563055
100,10012,55,239.0626406213,902.2528916274
100,10012,56,713.0088710119,932.3102174226
100,10012,57,402.2541945712,998.0503852801
100,10012,58,657.3664209944,753.2518294985
100,10012,59,402.9702894374,371.0397586206
100,10012,60,107.9496718590,790.6039164774
100,10012,61,111.5094668522,921.2810677897
100,10012,62,410.8754056003,621.7493954530
100,10012,63,362.9004574401,156.9821288567
100,10012,64,861.4245125073,26.2926550515
100,10012,65,897.2089224391,710.1417312938
100,10012,66,760.5988048640,232.3936103050
100,10012,67,244.3704676599,30.9506345271
100,10012,68,657.2169047548,187.0216269150
100,10012,69,519.1261370512,865.9151735789
100,10012,70,745.8140432640,249.7524968568
100,10012,71,383.6988564183,661.2204470186
100,10012,72,519.1773886558,30.6422255309
100,10012,73,6.0723344990,754.1163745629
100,10012,74,726.8047131272,654.8487568944
100,10012,75,417.4088884656,640.4478403956
100,10012,76,576.8635422182,832.7014235539
100,10012,77,865.4420137152,721.0832809061
100,10012,78,636.6345169717,888.8405428848
100,10012,79,166.9390584964,47.9406491086
100,10012,80,903.1392438147,629.1604416030
100,10012,81,613.6604778366,646.2663259625
100,10012,82,636.0719172362,174.2857885444
100,10012,83,277.6364040044,314.6076463564
100,10012,84,849.6582292002,730.5340772747
100,10012,85,319.2075780279,38.0524280319
100,10012,86,724.2513574279,65.7178582361
100,10012,87,526.9689657566,717.3534141624
100,10012,88,626.3765074504,251.6594152010
100,10012,89,230.1296001562,248.7218575763
100,10012,90,246.2822582102,706.1394748386
100,10012,91,675.8643509276,827.1234042562
100,10012,92,729.0044801657,560.0120017217
100,10012,93,811.7610358473,769.8790094984
100,10012,94,143.9325205485,741.3370861166
100,10012,95,623.0042542810,165.3201579092
100,10012,96,263.9765406141,270.8049162267
100,10012,97,585.5857392418,588.2748673347
100,10012,98,108.8722119455,124.7262631524
100,10012,99,750.3827663714,139.1004938661
100,10013,0,145.1220181679,285.6536160808
100,10013,1,733.4009116901,496.2582241749
100,10013,2,800.2102820535,115.8668220709
100,10013,3,240.8029859430,770.5351995610
100,10013,4,984.8404240385,159.6189127817
100,10013,5,490.3557415713,318.2552508561
100,10013,6,784.7166251023,226.2990172195
100,10013,7,245.3866731046,834.6323421459
100,10013,8,820.9158925987,422.2327177039
100,10013,9,300.7823570219,287.1969154538
100,10013,10,822.5607742216,234.4496861638
100,10013,11,415.4767744181,189.8951196768
100,10013,12,733.9394495529,738.1173004436
100,10013,13,147.2500229589,352.5924813172
100,10013,14,744.0219715144,278.1846419563
100,10013,15,624.8127358818,217.4661116914
100,10013,16,77.6505555144,683.9726596107
100,10013,17,771.3459041392,780.9727392544
100,10013,18,155.5804094455,514.5518232374
100,10013,19,216.3900645537,691.7686946968
100,10013,20,469.0534789287,253.9907243749
100,10013,21,304.6542190743,602.8792273250
100,10013,22,333.6292155309,920.2686113872
100,10013,23,370.8382943996,163.9218077675
100,10013,24,138.1739458112,770.4656092727
100,10013,25,183.3061416911,984.3443444013
100,10013,26,801.8732967026,546.8806426455
100,10013,27,372.6140663360,80.3622121452
100,10013,28,929.2263416578,565.4015532092
100,10013,29,366.9511592091,945.2910230370
100,10013,30,726.4823660786,772.3906488363
100,10013,31,240.0143781615,2.1487737714
100,10013,32,833.3567792553,168.4457067389
100,10013,33,749.4434678391,840.6995023828
100,10013,34,248.5068752433,752.7276675587
100,10013,35,364.9677234329,785.0918512773
100,10013,36,757.0384733443,553.3089521534
100,10013,37,761.4474284892,214.5046162173
100,10013,38,397.5848982704,16.5420142379
100,10013,39,823.2617451373,763.6548025370
100,10013,40,807.3493014287,235.9498790248
100,10013,41,264.4549063305,878.1016055107
100,10013,42,790.5070737436,193.5029571362
100,10013,43,766.2092956190,658.8674881293
100,10013,44,555.9771939639,773.8926622023
100,10013,45,214.6055067003,470.5154972624
100,10013,46,767.0987684840,824.9998245181
100,10013,47,143.3574940139,147.6067815831
100,10013,48,409.4703272199,224.0272129310
100,10013,49,122.8576596953,22.5210461205
100,10013,50,778.7737156358,907.5635469618
100,10013,51,142.4800820376,301.9930991769
100,10013,52,455.2495940097,579.1713964845
100,10013,53,872.3792505002,479.2726158453
100,10013,54,824.3541190877,763.1808844020
100,10013,55,748.5021455263,410.3676611862
100,10013,56,202.2200837624,659.3175781793
100,10013,57,330.9678689604,799.5915508473
100,10013,58,850.4852855144,862.6789298988
100,10013,59,234.0827781965,337.0675034074
100,10013,60,1000.0000000000,261.1686658977
100,10013,61,465.7891370758,280.9106233585
100,10013,62,618.2740841235,275.5723057946
100,10013,63,160.9705256459,189.0192930148
100,10013,64,50.0088670950,894.6702382573
100,10013,65,384.9449440980,854.6060766245
100,10013,66,277.1446039831,825.0464827015
100,10013,67,144.8261511694,90.6855154671
100,10013,68,635.9165444026,769.7277625734
100,10013,69,589.3677954887,418.2644565955
100,10013,70,283.0998668850,665.7827763964
100,10013,71,872.0901028037,760.9856109865
100,10013,72,287.6858543356,74.4790499074
100,10013,73,651.2888537561,717.5790741373
100,10013,74,168.2289603549,620.1544553497
100,10013,75,787.3423679905,919.1738386308
100,10013,76,0.0000000000,178.3383299201
100,10013,77,890.8976598955,710.3677263192
100,10013,78,567.0081830515,317.7804499193
100,10013,79,131.1436485427,878.2915442432
100,10013,80,325.9261861045,778.8039713725
100,10013,81,690.9008332444,510.9537411602
100,10013,82,275.9552666153,158.8001490249
100,10013,83,675.5011466450,380.8061407047
100,10013,84,759.5249905843,840.6465249049
100,10013,85,851.0817883275,262.2901936439
100,10013,86,645.9813651572,709.4396206987
100,10013,87,183.3698851504,250.9199422927
100,10013,88,884.1889838118,262.3336951529
100,10013,89,200.7315203500,583.3360440258
100,10013,90,301.4035229355,173.5461403048
100,10013,91,612.7060025041,82.1824953089
100,10013,92,401.9972449310,319.8315271936
100,10013,93,235.1192653609,51.8916003270
100,10013,94,38.6812398370,349.6489878058
100,10013,95,839.3493962987,495.8383349342
100,10013,96,195.0625820134,720.7300765609
100,10013,97,390.8858732713,723.8529513862
100,10013,98,694.5202778550,172.6512532312
100,10013,99,711.3460569114,167.9476865394
100,10014,0,273.4134336694,248.9712501792
100,10014,1,136.8245494207,355.5396182633
100,10014,2,689.4628670876,400.4563390136
100,10014,3,239.4735560806,772.9818118221
100,10014,4,663.2557554594,669.7897649506
100,10014,5,214.8785874999,722.2862940219
100,10014,6,247.8964895066,359.6886064552
100,10014,7,549.4936740424,784.7119448710
100,10014,8,309.9033209026,153.1161432258
100,10014,9,711.8698253212,529.7489808948
100,10014,10,135.6377645396,842.7588835006
100,10014,11,799.5569157351,715.9162189506
100,10014,12,240.9865894362,588.6328303924
100,10014,13,867.0381163963,655.4421972286
100,10014,14,859.2165464286,115.1358475420
100,10014,15,801.5232792432,150.9731954882
100,10014,16,759.2910923230,257.2107914439
100,10014,17,743.2399010653,623.7578673183
100,10014,18,542.4588550855,637.1150334083
100,10014,19,343.2383327198,320.0131486149
100,10014,20,793.0305929867,196.8435836114
100,10014,21,665.5641646119,266.6943692157
100,10014,22,667.5499421283,194.4271065139
100,10014,23,259.8861227321,311.7440382028
100,10014,24,749.1481117207,72.2910199188
100,10014,25,131.9997014948,827.1869307388
100,10014,26,812.2621321315,191.5355607263
100,10014,27,743.2729746296,627.4561764576
100,10014,28,414.6687868457,183.1566801196
100,10014,29,667.8896639995,134.5914317112
100,10014,30,632.9129725643,105.5870551098
100,10014,31,890.7126038264,227.5528674165
100,10014,32,236.2801269370,103.5038299477
100,10014,33,356.7396914617,547.2281667938
100,10014,34,38.1494007307,187.1085191302
100,10014,35,670.3400169178,329.4159634450
100,10014,36,364.3610344498,548.0003801612
100,10014,37,667.8537957932,679.4965639487
100,10014,38,818.5994608898,669.0726901776
100,10014,39,663.9565215800,366.7631913295
100,10014,40,794.3957385869,533.1175279904
100,10014,41,315.9311507840,794.5860748705
100,10014,42,924.5066232822,725.4125123198
100,10014,43,434.6250531727,153.3095988587
100,10014,44,331.9794884613,669.9776054752
100,10014,45,0.0000000000,130.5414902669
100,10014,46,244.5760322394,810.9344750386
100,10014,47,411.5323569370,796.4743803685
100,10014,48,768.0373171023,951.7604499081
100,10014,49,271.0679922342,122.0368557958
100,10014,50,251.2920532145,649.4338623872
100,10014,51,359.8132383625,197.9591022819
100,10014,52,757.5469668977,845.3323942054
100,10014,53,579.9940593484,758.9074546316
100,10014,54,645.3989840320,180.4843612799
100,10014,55,759.8983934062,372.6436758606
100,10014,56,493.6329010144,853.2225071401
100,10014,57,909.8212649979,762.5905404806
100,10014,58,283.8965202777,524.4685697717
100,10014,59,61.4335438094,309.8967580453
100,10014,60,165.2123611612,217.4244696594
100,10014,61,166.8929903466,550.8755325860
100,10014,62,817.8350965370,270.2087987847
100,10014,63,729.2329948392,812.7817771595
100,10014,64,491.3595531720,715.0486320072
100,10014,65,747.6533583717,441.2119634786
100,10014,66,138.7699018488,711.2805674778
100,10014,67,97.2965643116,180.0566828883
100,10014,68,179.4626858840,846.3384251650
100,10014,69,663.1280782371,71.5756017607
100,10014,70,858.0859791588,839.1905192891
100,10014,71,811.2917919292,808.9173522785
100,10014,72,199.1020296223,148.2523511610
100,10014,73,90.7140203196,128.5179610441
100,10014,74,74.0790913391,606.0201683945
100,10014,75,601.2378480257,728.3120616032
100,10014,76,721.4132076603,205.4258861316
100,10014,77,918.4734645000,697.3733839459
100,10014,78,539.8073002149,712.4477104412
100,10014,79,884.2368044390,293.5194484492
100,10014,80,781.7909911420,427.3554481219
100,10014,81,775.3082193654,695.6568400739
100,10014,82,291.6458686645,748.6659662810
100,10014,83,474.2454004887,286.3217124767
100,10014,84,669.7945407728,751.3227314594
100,10014,85,265.4240950262,959.0993546328
100,10014,86,742.6462908145,256.0492050383
100,10014,87,119.3458962927,772.8255099250
100,10014,88,106.6986140727,221.4098776122
100,10014,89,328.9848402876,191.3033881092
100,10014,90,374.4011949145,711.2189147700
100,10014,91,332.2875930371,197.6927885527
100,10014,92,629.2596914169,332.5310762014
100,10014,93,649.1944205951,300.1129431036
100,10014,94,683.6171121100,845.3786722273
100,10014,95,347.7970933927,258.6107277852
100,10014,96,336.8018758986,250.0000000000
100,10014,97,718.9751728205,318.2526424792
100,10014,98,662.0293749964,41.8101967065
100,10014,99,697.2188040342,206.7005263273
100,10015,0,571.3829031313,706.3128406931
100,10015,1,159.0155955287,249.7732009965
100,10015,2,322.5296093140,581.7819205905
100,10015,3,238.2147486942,775.1670802782
100,10015,4,179.6555606802,986.4573151677
100,10015,5,294.4135595314,329.1422938481
100,10015,6,615.1545043818,650.1920143976
100,10015,7,210.4604736739,155.7213233464
100,10015,8,722.9558419304,751.9740426478
100,10015,9,668.5727337885,870.1116201721
100,10015,10,851.3239530873,522.4774695357
100,10015,11,353.1286394292,631.0921399374
100,10015,12,305.1743557863,698.7456457257
100,10015,13,119.1588463895,834.6580670960
100,10015,14,663.2535280265,288.5715376094
100,10015,15,821.1961520171,310.6092068524
100,10015,16,689.5155511913,664.6759332494
100,10015,17,646.8734980181,940.4692311220
100,10015,18,32.2283358087,292.6233488636
100,10015,19,590.6707838691,210.8360509616
100,10015,20,218.5861364917,614.6082219024
100,10015,21,917.3673114795,431.0012274137
100,10015,22,490.7637626008,267.3421012013
100,10015,23,67.2593726978,193.2242292464
100,10015,24,563.6794321669,304.3046365472
100,10015,25,188.6885552508,741.6609342398
100,10015,26,924.3536891385,716.9841175816
100,10015,27,229.1537419115,726.9642157999
100,10015,28,377.6592078723,253.7217625723
100,10015,29,796.8663349451,305.9377809763
100,10015,30,343.7350194374,185.6112206017
100,10015,31,767.2547102167,310.8944445918
100,10015,32,99.1439759879,649.4938505869
100,10015,33,645.7938915708,322.4970652977
100,10015,34,762.9172350538,80.6406811717
100,10015,35,219.7422354226,149.7694092415
100,10015,36,972.8145845906,1000.0000000000
100,10015,37,100.4435483122,824.8854375165
100,10015,38,392.4507418493,622.9646839980
100,10015,39,138.8672327141,538.9808800911
100,10015,40,633.5504156930,162.5224776198
100,10015,41,539.6046118186,670.0946945943
100,10015,42,306.5747963763,294.7126576009
100,10015,43,342.1444869252,292.2480367436
100,10015,44,689.7065299306,658.0827759421
100,10015,45,784.0925085296,688.4775586434
100,10015,46,233.7829764409,288.1746082435
100,10015,47,62.9774960749,288.8442055468
100,10015,48,0.0000000000,754.6350366612
100,10015,49,497.8740008352,26.0317229505
100,10015,50,748.2074299902,258.5646497150
100,10015,51,137.8698702207,302.0372266563
100,10015,52,104.8901361069,163.7415213523
100,10015,53,293.0110352589,644.1004131411
100,10015,54,346.0538345080,398.8913916734
100,10015,55,714.4032386647,524.6356372962
100,10015,56,610.7509953754,290.6710854814
100,10015,57,494.4447278988,148.9123800281
100,10015,58,197.0349284508,782.0366389542
100,10015,59,185.2348911160,186.6110451095
100,10015,60,876.7201002640,854.4445733874
100,10015,61,122.8238111155,421.6147508286
100,10015,62,580.9874868156,85.8430483435
100,10015,63,1000.0000000000,761.2851718740
100,10015,64,522.6726403023,669.8881250356
100,10015,65,76.2231005450,378.0058047895
100,10015,66,881.8827000089,668.4568826720
100,10015,67,103.5121196836,268.8950966799
100,10015,68,266.6276423714,371.9015896786
100,10015,69,421.4654111760,233.2117164444
100,10015,70,583.4127740637,855.7140914993
100,10015,71,754.2673902399,782.8356136897
100,10015,72,214.8732178128,233.8291933971
100,10015,73,706.8452236996,184.8750350096
100,10015,74,196.0975293747,729.5392992220
100,10015,75,312.7612056151,136.9984614045
100,10015,76,264.7377975755,654.1926880268
100,10015,77,952.6930040957,680.2255568025
100,10015,78,70.6035926329,596.3879265197
100,10015,79,736.8038302364,640.5915685611
100,10015,80,198.9147630132,294.5642626033
100,10015,81,351.1071964377,700.2920022924
100,10015,82,828.0818115901,469.8173086956
100,10015,83,676.0490967268,175.1933702968
100,10015,84,754.8997721304,681.7929996326
100,10015,85,659.6041228863,774.8480426033
100,10015,86,280.9549204471,422.3106607912
100,10015,87,555.1235021202,817.2091221599
100,10015,88,900.7843085106,797.0058115094
100,10015,89,976.4529305118,398.3145686398
100,10015,90,408.7094948313,312.3424085854
100,10015,91,837.3445928172,932.2276966152
100,10015,92,242.5269373746,623.6100219486
100,10015,93,483.9803320406,956.4952021477
100,10015,94,728.0076790008,505.9577485304
100,10015,95,778.0562485172,421.4337307013
100,10015,96,654.4275959162,800.9432321302
100,10015,97,132.0881029751,50.5974375005
100,10015,98,228.9267262146,632.4365085403
100,10015,99,212.5736296229,240.7090316858
100,10016,0,348.6744920683,806.9781540223
100,10016,1,545.6897405059,557.6350089698
100,10016,2,163.0071082106,938.9689510714
100,10016,3,237.0041585818,777.1533874867
100,10016,4,864.5464487854,230.5765129500
100,10016,5,734.7569093644,623.6207045986
100,10016,6,997.9459420258,169.0904258207
100,10016,7,938.5812675377,114.5724768275
100,10016,8,367.8510288089,890.1156205593
100,10016,9,831.4161545737,732.8293013360
100,10016,10,254.5547727289,338.5562991997
100,10016,11,764.4083184026,220.9468468406
100,10016,12,451.3906984403,776.2124577230
100,10016,13,893.9200338161,177.0718492346
100,10016,14,1000.0000000000,263.4502473066
100,10016,15,690.7854377829,294.0927593182
100,10016,16,803.4328853443,409.8887526856
100,10016,17,815.7929114332,711.9246806762
100,10016,18,617.2476322897,412.0758440748
100,10016,19,976.0785099520,713.0452865170
100,10016,20,545.9204334841,655.3385357164
100,10016,21,789.8626746601,107.8650957998
100,10016,22,132.6960941485,306.5301734352
100,10016,23,321.6306685290,174.8505660991
100,10016,24,717.2316416044,840.4317645817
100,10016,25,118.0019906416,599.8533331874
100,10016,26,802.7825584638,271.0612341210
100,10016,27,576.1472490920,222.9494651697
100,10016,28,322.1639454724,284.3004841990
100,10016,29,590.1593910896,87.1896651388
100,10016,30,263.3779360224,773.2398217103
100,10016,31,64.4791679311,827.1371431684
100,10016,32,33.4154055947,317.5185284266
100,10016,33,273.0497239992,246.9999115126
100,10016,34,879.7934251492,732.2198362291
100,10016,35,344.8859824565,769.0064290613
100,10016,36,587.0999100530,942.0762702341
100,10016,37,267.5016702053,511.8937059503
100,10016,38,298.6246973716,717.5100159410
100,10016,39,331.0511663693,247.2636806190
100,10016,40,674.2042501420,789.8805473731
100,10016,41,830.6519852227,577.6838786502
100,10016,42,266.6405399085,928.0497968449
100,10016,43,800.4729262499,466.9681862374
100,10016,44,668.4261458885,602.1258805267
100,10016,45,832.8020134290,816.8714262511
100,10016,46,0.0000000000,1000.0000000000
100,10016,47,419.1101166413,610.5080067695
100,10016,48,752.8027749067,199.1211057696
100,10016,49,394.3245531065,241.0498878963
100,10016,50,323.4035567073,76.2843758207
100,10016,51,864.4404596571,697.9801022461
100,10016,52,1000.0000000000,109.0513171326
100,10016,53,286.4258462154,289.3325701966
100,10016,54,208.0102598861,492.4983864052
100,10016,55,271.6439331659,341.2161168735
100,10016,56,785.0654448645,198.9109353302
100,10016,57,806.8923773481,183.5064362163
100,10016,58,867.1273957954,290.5709588176
100,10016,59,306.6391652583,57.4524273311
100,10016,60,83.9131973251,484.4649521625
100,10016,61,960.4230050867,771.0915753093
100,10016,62,797.4687037977,393.8750395568
100,10016,63,701.4886262069,553.9409581180
100,10016,64,412.3333673884,424.4131994947
100,10016,65,11.1890206721,679.0052028690
100,10016,66,724.4428866418,948.1364491686
100,10016,67,650.3726377167,331.6023406039
100,10016,68,849.4663261894,828.4252998792
100,10016,69,711.7940834554,894.8429701050
100,10016,70,161.6315322806,0.0000000000
100,10016,71,627.8961579114,950.6517693728
100,10016,72,59.0914222890,297.5478791493
100,10016,73,207.9607080180,586.0432992470
100,10016,74,131.9127272346,745.2877673616
100,10016,75,320.1862479325,333.0249263265
100,10016,76,852.9272302615,664.1668126862
100,10016,77,1000.0000000000,651.5559106293
100,10016,78,162.9540234918,0.0000000000
100,10016,79,683.9413549199,290.8440822483
100,10016,80,591.4259674539,698.6240445436
100,10016,81,407.5336261551,785.4388239907
100,10016,82,613.6577481239,853.7770343495
100,10016,83,776.6290422267,64.1008682808
100,10016,84,804.2422848235,758.7596707897
100,10016,85,161.6275017747,72.9147293706
100,10016,86,347.0950506083,783.5695494439
100,10016,87,705.2487999010,273.9310484579
100,10016,88,93.5104078265,682.4561128502
100,10016,89,715.3420764603,899.2434896244
100,10016,90,361.4760721044,944.6882039737
100,10016,91,166.9546026411,778.2137940508
100,10016,92,345.0925729495,799.7082428660
100,10016,93,801.9344717185,601.6319564153
100,10016,94,803.2362855699,864.1401860104
100,10016,95,731.4315359038,758.1203161939
100,10016,96,821.9115401687,142.9110185267
100,10016,97,893.4073412256,760.9378471045
100,10016,98,263.3316662645,455.5945073292
100,10016,99,0.0000000000,308.6510671570
100,10017,0,727.9027413933,226.9060701316
100,10017,1,239.5680720933,583.3325219711
100,10017,2,856.0987891686,533.6690658907
100,10017,3,235.8277312416,778.9809435808
100,10017,4,108.3574601287,53.7192088691
100,10017,5,705.7527622910,409.0581167762
100,10017,6,226.9339848551,323.8909612077
100,10017,7,339.2230728420,828.5902061565
100,10017,8,777.0349081630,141.8947198359
100,10017,9,27.4429642527,610.6763058460
100,10017,10,669.7116834949,110.3393617189
100,10017,11,278.7531848909,112.7525410032
100,10017,12,308.8113607905,843.1101132493
100,10017,13,93.9375245805,309.4448632404
100,10017,14,626.1611365608,178.2375127268
100,10017,15,729.8780337973,204.2746385886
100,10017,16,242.0141708188,0.0000000000
100,10017,17,596.3348743232,746.1097999532
100,10017,18,250.9893508881,948.4465113391
100,10017,19,711.5850017782,274.3673282828
100,10017,20,185.6189387526,283.0436184525
100,10017,21,676.6847623999,270.8957436642
100,10017,22,764.3646345711,729.0281889407
100,10017,23,339.0875030584,494.5389305661
100,10017,24,113.2754267791,671.0503785900
100,10017,25,249.1951782219,633.4102456308
100,10017,26,838.3063455414,872.5682973165
100,10017,27,165.1236293359,299.3149208374
100,10017,28,953.3004403691,485.4077764228
100,10017,29,357.0874548995,343.1289662212
100,10017,30,584.6221509933,328.4508504078
100,10017,31,692.7371848590,648.0984988666
100,10017,32,121.7430886329,1000.0000000000
100,10017,33,595.5421728155,693.7968548370
100,10017,34,782.1767951850,338.5341131331
100,10017,35,693.7087693053,318.4303702061
100,10017,36,763.4642938992,252.3761888017
100,10017,37,824.9108795476,775.7067966844
100,10017,38,878.3843393710,188.0390026205
100,10017,39,688.8212274993,388.0885639009
100,10017,40,761.6222138534,525.3458453249
100,10017,41,693.7207690982,626.0631348637
100,10017,42,201.0383786616,306.3437797060
100,10017,43,180.5370655902,835.2390636167
100,10017,44,335.1438545085,787.6245305922
100,10017,45,144.7190679910,841.9486398859
100,10017,46,512.9162987954,393.0929974094
100,10017,47,149.5935854263,490.0556931284
100,10017,48,340.2035212216,261.5472117280
100,10017,49,282.4752772675,272.7322168278
100,10017,50,180.4404351089,353.1158699960
100,10017,51,633.2340285367,801.9732524269
100,10017,52,228.6772432212,857.4120005197
100,10017,53,36.4908795434,818.1803538185
100,10017,54,233.2207338083,315.8075324490
100,10017,55,194.1267533808,575.0310085736
100,10017,56,266.2424371089,443.8301424740
100,10017,57,785.8559061616,101.5525580045
100,10017,58,684.2370111506,75.1363351605
100,10017,59,340.8219790355,231.3543439484
100,10017,60,774.9326733846,353.5720511581
100,10017,61,661.2338718465,60.3476948718
100,10017,62,764.5347641519,161.4005718250
100,10017,63,615.7904800918,827.4973403592
100,10017,64,187.8563893861,22.7316430959
100,10017,65,640.3038757533,0.0000000000
100,10017,66,57.3050678779,47.4506995272
100,10017,67,714.6068777951,354.4401937127
100,10017,68,379.6587053373,737.0288783054
100,10017,69,144.4680355165,675.7062733649
100,10017,70,837.6307837062,255.7379999779
100,10017,71,82.4595547361,310.8180906370
100,10017,72,173.1254195801,350.8372390681
100,10017,73,253.7822291440,204.6555635126
100,10017,74,580.8581842799,299.1908889749
100,10017,75,667.5793828275,279.1167326008
100,10017,76,923.7328356804,254.8649476858
100,10017,77,792.2102644922,732.7052837098
100,10017,78,315.9984326776,424.7277268865
100,10017,79,276.2914151254,267.3566724209
100,10017,80,238.2641348660,699.1090047513
100,10017,81,391.6525898291,928.2469064238
100,10017,82,645.8670243790,177.0489298550
100,10017,83,796.4352103378,224.2447621770
100,10017,84,740.6352311425,786.9352084831
100,10017,85,817.5923696352,197.8111994173
100,10017,86,976.2823296276,48.5941464599
100,10017,87,153.4965870944,823.3952317761
100,10017,88,410.3035642548,840.2432807786
100,10017,89,671.9391360576,259.6886777562
100,10017,90,246.6423808807,271.2836875030
100,10017,91,710.9447515007,64.9923073280
100,10017,92,675.5598452920,795.4953441206
100,10017,93,673.1152725446,253.8362188623
100,10017,94,488.8428741515,917.7329883056
100,10017,95,177.9480342751,157.6374288691
100,10017,96,734.7326727724,899.4287474742
100,10017,97,702.1058671194,308.4733978515
100,10017,98,787.9826200504,611.5095496364
100,10017,99,62.3132121196,390.8224550363
100,10018,0,836.7036734835,416.7990748125
100,10018,1,315.2634925750,671.0027206717
100,10018,2,611.3370256418,1000.0000000000
100,10018,3,734.6760484874,280.6774559085
100,10018,4,696.3879955642,850.8585435533
100,10018,5,881.1569731664,582.0042963803
100,10018,6,668.1749540448,642.3698559401
100,10018,7,618.2995455807,993.1324620024
100,10018,8,232.1541826723,257.1605144960
100,10018,9,289.4921470088,908.4346135847
100,10018,10,994.9462435916,410.0243138143
100,10018,11,735.8591505490,452.8564202722
100,10018,12,665.2109449223,510.5118888561
100,10018,13,917.1006412793,705.7859623902
100,10018,14,784.2621506950,302.9975593111
100,10018,15,1000.0000000000,178.2919609019
100,10018,16,226.0949773273,837.7548052054
100,10018,17,987.2761461281,903.7829372575
100,10018,18,870.8365825091,894.5069184857
100,10018,19,307.4749053163,666.4330085468
100,10018,20,723.3871259225,389.8066634277
100,10018,21,417.8247821948,403.8751943067
100,10018,22,237.1285072943,911.8024249555
100,10018,23,110.0904436874,234.4300055737
100,10018,24,910.2916132806,59.6482482985
100,10018,25,255.1009095298,744.0359437187
100,10018,26,270.5982811797,1000.0000000000
100,10018,27,656.2951369787,996.1482129637
100,10018,28,807.1065721121,436.0695108581
100,10018,29,191.0734732158,206.4021036524
100,10018,30,710.3590607167,645.8092895791
100,10018,31,755.6716794007,745.8656430015
100,10018,32,781.8187563020,306.7500948294
100,10018,33,304.0489717276,808.7901823840
100,10018,34,708.1289188536,776.3013457748
100,10018,35,219.4233046312,175.9806872743
100,10018,36,272.7432316628,246.1300004638
100,10018,37,841.7018054714,147.1307019148
100,10018,38,495.4474365654,171.2575125503
100,10018,39,587.0378571594,557.6027729324
100,10018,40,906.2824369827,816.1078075485
100,10018,41,665.9209815732,725.7572964701
100,10018,42,568.7289574434,258.4523815313
100,10018,43,10.2705030424,743.9309866427
100,10018,44,504.2179430299,308.7678505214
100,10018,45,158.6934858607,599.2419842971
100,10018,46,515.5885947607,804.9098888338
100,10018,47,212.5570501654,329.3547099145
100,10018,48,725.4626814962,871.4095619182
100,10018,49,795.3974983147,903.6777008627
100,10018,50,793.3701736165,706.7626807179
100,10018,51,869.0963992873,698.1073635485
100,10018,52,622.3311480814,615.5959171505
100,10018,53,269.6652909820,98.4572329210
100,10018,54,323.2522533481,655.8011946595
100,10018,55,772.5073196699,805.5079444911
100,10018,56,174.2876766187,171.7185071220
100,10018,57,193.0954709667,511.2011741827
100,10018,58,67.1909439022,570.9787270158
100,10018,59,879.7870399514,906.9149842359
100,10018,60,265.7097248651,68.3872095993
100,10018,61,633.7085677282,921.6807209498
100,10018,62,79.6414331039,476.9615602964
100,10018,63,833.6978040191,830.5171364921
100,10018,64,700.1628360019,477.6453567520
100,10018,65,270.4098597386,217.8375714402
100,10018,66,309.8210294454,245.2989077680
100,10018,67,770.8964033572,338.8235828616
100,10018,68,336.6668486398,147.8379100658
100,10018,69,839.6963301125,188.3854908538
100,10018,70,698.8602846344,377.7365312155
100,10018,71,119.3757118222,205.6217817978
100,10018,72,251.4421706781,309.6803923870
100,10018,73,807.9913966952,119.2411881229
100,10018,74,519.5157638455,409.6948375277
100,10018,75,751.4176508001,186.8198572661
100,10018,76,416.6234425287,905.5010384222
100,10018,77,824.5004216221,716.9591407093
100,10018,78,772.7238041365,224.6950857372
100,10018,79,286.7800857560,506.2368227789
100,10018,80,861.0292911439,143.0669785150
100,10018,81,249.6936145320,796.9951628978
100,10018,82,275.1368853527,169.2574316189
100,10018,83,375.6208004887,805.4534645706
100,10018,84,334.3266427287,604.5879418750
100,10018,85,390.9385297248,873.2814038238
100,10018,86,714.5730002335,589.0636545502
100,10018,87,119.0050931770,387.4298648025
100,10018,88,587.8306092030,134.7141443505
100,10018,89,646.7394855319,549.3792339030
100,10018,90,689.6624290983,804.8556101843
100,10018,91,827.0621415226,743.1553516271
100,10018,92,249.4797024815,185.3954446729
100,10018,93,340.4039321796,943.9257903161
100,10018,94,385.2032624736,262.2177984296
100,10018,95,371.1673566908,593.3185711315
100,10018,96,684.4532613431,89.5854712458
100,10018,97,186.9435988752,25.9914495585
100,10018,98,771.7872183402,709.1636732235
100,10018,99,156.7145535191,427.7087174471
100,10019,0,227.2430068613,135.1324951512
100,10019,1,1000.0000000000,203.3123976049
100,10019,2,267.7079821328,217.9577457786
100,10019,3,733.5424900508,282.2629689327
100,10019,4,487.5431489642,757.5179828090
100,10019,5,466.5287636088,411.0155422515
100,10019,6,950.2924972379,243.5840707962
100,10019,7,119.4148600987,213.7813410041
100,10019,8,902.2218712591,846.0258053918
100,10019,9,300.4923835738,662.4024534642
100,10019,10,148.4778268283,738.9384217642
100,10019,11,213.2482829533,631.7895462590
100,10019,12,617.0458111139,302.8149466677
100,10019,13,73.1856400650,777.3377481676
100,10019,14,229.6730388779,51.4267234096
100,10019,15,240.5331416762,509.7347981275
100,10019,16,831.7909967802,119.5687964082
100,10019,17,704.9318355393,655.6957356207
100,10019,18,426.0340218983,282.6003748741
100,10019,19,220.7305158681,394.8241072258
100,10019,20,402.5539168308,923.7974813624
100,10019,21,276.3067578669,113.9330782047
100,10019,22,718.0149865902,182.3733710411
100,10019,23,278.1831782337,206.1293063520
100,10019,24,299.5662889572,309.4839887577
100,10019,25,416.8910073737,724.9823571773
100,10019,26,188.0080863421,361.0138667595
100,10019,27,796.3345100434,891.2561749176
100,10019,28,733.5580539026,389.9286259658
100,10019,29,443.9883976744,371.1289225388
100,10019,30,268.8979918808,744.4843107366
100,10019,31,364.3992148001,373.3381970554
100,10019,32,847.6268958149,766.7663751368
100,10019,33,194.5873613146,45.8096634475
100,10019,34,571.0920938265,66.6462512955
100,10019,35,820.6761535381,757.0294172503
100,10019,36,775.9026110024,735.4507486400
100,10019,37,161.3616400103,64.3429682734
100,10019,38,848.8070090292,732.9334129131
100,10019,39,334.6377020296,228.2292856203
100,10019,40,330.9840183320,177.7518520185
100,10019,41,0.0000000000,456.5876039980
100,10019,42,694.2120230268,696.7424915057
100,10019,43,679.9163985377,654.5119179554
100,10019,44,342.3325675965,137.0514961629
100,10019,45,959.5886239299,168.4131807984
100,10019,46,34.6099718810,732.1172547659
100,10019,47,278.4813540189,294.0742107756
100,10019,48,98.4874864492,707.8205175290
100,10019,49,726.4841086931,807.9314926313
100,10019,50,62.7674878839,875.4686015394
100,10019,51,628.5563477277,801.7832274138
100,10019,52,289.1471942107,244.3080867440
100,10019,53,333.0447423962,802.8779786612
100,10019,54,600.9406303888,331.1498789898
100,10019,55,683.0352871896,115.2959443914
100,10019,56,1000.0000000000,783.6171533898
100,10019,57,698.3348656779,689.2394537572
100,10019,58,345.7984904886,233.0176344699
100,10019,59,713.8575227715,837.6356469727
100,10019,60,735.7855972141,782.8116366026
100,10019,61,955.0206150253,261.8066889913
100,10019,62,403.4803434958,176.6876366926
100,10019,63,785.4806723067,682.6605497465
100,10019,64,398.1495624827,573.3810999601
100,10019,65,313.5497788418,744.8096601874
100,10019,66,692.3290641674,333.6800749433
100,10019,67,799.8861578009,299.5429810634
100,10019,68,741.1897053619,612.6212069011
100,10019,69,271.4293738982,335.2041921294
100,10019,70,101.2939300018,625.7005340914
100,10019,71,195.6420525464,164.7031884956
100,10019,72,389.7046064256,416.0331695054
100,10019,73,449.0955094913,536.9917032853
100,10019,74,700.6574488691,316.0002233702
100,10019,75,275.4868794553,760.3173330985
100,10019,76,752.3847819040,774.5508755693
100,10019,77,349.0829657380,202.6014015023
100,10019,78,802.6506809893,733.2647806600
100,10019,79,65.2407746614,303.9250139349
100,10019,80,280.1024168835,258.1443315828
100,10019,81,684.2408709810,330.5362702010
100,10019,82,267.2284759605,749.8711603616
100,10019,83,305.7522908713,984.7618597732
100,10019,84,870.4201189549,483.7292923569
100,10019,85,711.6662397865,816.3274696592
100,10019,86,160.4002137087,722.8764766148
100,10019,87,233.7488619513,773.6384311074
100,10019,88,412.1372934867,393.1467128336
100,10019,89,340.9039642276,151.1979564973
100,10019,90,629.6545362144,257.3935863447
100,10019,91,244.5272411948,927.2199058280
100,10019,92,778.6190453322,266.8713781199
100,10019,93,833.3219296296,660.2364876165
100,10019,94,623.9089517523,577.6082252145
100,10019,95,802.8544795632,772.8611065990
100,10019,96,904.1015941509,878.0083930954
100,10019,97,886.3024583510,797.5644161285
100,10019,98,360.9549465396,121.6214441129
100,10019,99,743.0287611263,924.6973567641
100,10020,0,746.5861833381,788.6032722630
100,10020,1,396.0460074651,355.4767000567
100,10020,2,217.3876793127,305.7350175607
100,10020,3,732.4222315335,283.7525319203
100,10020,4,703.6656868472,147.7553763780
100,10020,5,819.4916320403,741.2531120081
100,10020,6,232.5169866090,276.3287977764
100,10020,7,250.8789460467,230.4239599129
100,10020,8,243.0478038956,641.2680771240
100,10020,9,382.1315822669,355.9919787120
100,10020,10,914.5729876554,687.7106121850
100,10020,11,121.8308018803,543.4163509988
100,10020,12,703.9532556162,224.8513650842
100,10020,13,935.0274065347,241.0879990080
100,10020,14,208.3591838555,357.4585500671
100,10020,15,37.1329467315,192.9332791445
100,10020,16,566.4843543472,909.8423721743
100,10020,17,730.8524649114,933.5760904270
100,10020,18,898.7364939571,167.1675046984
100,10020,19,208.8173022726,550.7592165673
100,10020,20,826.0780746247,745.5749200500
100,10020,21,188.6368011338,273.1044284322
100,10020,22,914.9304374504,364.7434912757
100,10020,23,343.4471095503,405.9748997680
100,10020,24,628.6390621936,819.2427968224
100,10020,25,327.5436209799,799.2081754611
100,10020,26,36.3677527398,865.2443203758
100,10020,27,309.8438101573,788.6068487410
100,10020,28,202.3321838237,831.0723345092
100,10020,29,123.8166187829,184.4394627238
100,10020,30,286.6183835514,426.4758230756
100,10020,31,691.0600075581,319.2622690190
100,10020,32,847.3018878553,164.7235301065
100,10020,33,725.2254142485,864.4245835503
100,10020,34,854.8517776228,591.7679586767
100,10020,35,215.9965203552,800.8054046065
100,10020,36,273.0743764580,723.4671569058
100,10020,37,208.8868620359,751.9723473820
100,10020,38,433.2964319581,744.1988668988
100,10020,39,218.9255305428,904.0593416064
100,10020,40,240.4073704579,717.4124751567
100,10020,41,225.2603351097,448.7019700603
100,10020,42,750.0353123789,65.8392663197
100,10020,43,322.0758575261,0.0000000000
100,10020,44,247.6078100426,819.2820491853
100,10020,45,826.3273463762,631.0497608916
100,10020,46,68.6317526924,174.1812302881
100,10020,47,183.2092425299,712.4505615922
100,10020,48,816.3674469137,64.6274783697
100,10020,49,595.5588593618,836.8650344744
100,10020,50,886.9858008470,192.6112998810
100,10020,51,873.8030102678,698.3571851139
100,10020,52,194.1753693355,359.6971705312
100,10020,53,731.7918077839,261.5595804154
100,10020,54,993.4465893626,728.7064096472
100,10020,55,913.7589082213,1000.0000000000
100,10020,56,622.1031407516,831.6095926674
100,10020,57,615.8588425573,694.0447615334
100,10020,58,631.1211494014,649.4650596367
100,10020,59,544.3212481455,770.0585027430
100,10020,60,331.3114528170,659.3828087226
100,10020,61,156.0505404477,69.5998463355
100,10020,62,142.9503930337,246.1804504385
100,10020,63,391.3533548451,675.7966978480
100,10020,64,39.0464639773,836.7643807570
100,10020,65,805.4710368886,312.1543107762
100,10020,66,211.0778924349,617.3065784896
100,10020,67,292.6765634146,759.7295784651
100,10020,68,645.5205780431,154.7565798445
100,10020,69,686.2476889869,743.0166118523
100,10020,70,1000.0000000000,576.6340686631
100,10020,71,756.4064757979,191.2019395870
100,10020,72,887.3171481020,777.2319723402
100,10020,73,855.0260187068,694.6625456640
100,10020,74,206.6170137025,381.3221738547
100,10020,75,565.7474705484,949.1086955354
100,10020,76,202.1574152660,316.1372569598
100,10020,77,371.7782670689,187.4086993293
100,10020,78,319.5053501022,765.8180776500
100,10020,79,852.3131453249,867.2389777013
100,10020,80,788.7503240525,886.8557116103
100,10020,81,601.1960866203,281.4126063127
100,10020,82,817.1258312950,454.7735249504
100,10020,83,191.5052984776,821.0257005399
100,10020,84,973.4588933225,875.8531595417
100,10020,85,82.1455215927,192.6139780023
100,10020,86,58.4218968989,434.4393025623
100,10020,87,702.8925670354,849.2553911281
100,10020,88,589.4603900426,575.0413827095
100,10020,89,301.2082382552,771.1766437864
100,10020,90,619.7457351556,657.9653590742
100,10020,91,684.6032075490,240.0941586794
100,10020,92,0.0000000000,885.9770450984
100,10020,93,229.8676238860,242.3800776709
100,10020,94,834.2984832007,131.0820045605
100,10020,95,228.6090547484,384.2572419660
100,10020,96,18.5887663021,702.2139967946
100,10020,97,188.2064379433,794.5742078130
100,10020,98,813.1238758859,203.4275931723
100,10020,99,809.9973428499,890.4090728612
100,10021,0,319.8693469226,570.9188627084
100,10021,1,271.7143271833,361.5101087891
100,10021,2,794.9578859281,177.2879480553
100,10021,3,731.3116573954,285.1577792392
100,10021,4,101.6895771745,430.3638764471
100,10021,5,644.8057292023,221.3226762700
100,10021,6,712.4981632731,652.3342295575
100,10021,7,900.2266208053,222.5363614371
100,10021,8,747.7139123162,251.8879107446
100,10021,9,912.0835821296,335.7583648123
100,10021,10,236.5793087313,264.7391514943
100,10021,11,672.1930855087,175.8362836301
100,10021,12,715.5750209043,73.7570083195
100,10021,13,58.4203069961,239.0779109887
100,10021,14,520.4329956154,8.2729988248
100,10021,15,340.3594712451,79.5367229945
100,10021,16,819.6555370099,218.7074039164
100,10021,17,778.1280694549,713.2942331701
100,10021,18,308.7597178180,599.1375641085
100,10021,19,966.9910410957,1000.0000000000
100,10021,20,332.7596917830,130.1132347738
100,10021,21,917.6999155689,880.0484292998
100,10021,22,142.8054240974,240.6654128245
100,10021,23,653.9994874642,757.6554305602
100,10021,24,178.0686824368,548.2339216666
100,10021,25,320.8371070423,986.6185313997
100,10021,26,146.5120691808,242.5258659589
100,10021,27,959.8707063466,227.2959282268
100,10021,28,225.6313552193,767.5709909386
100,10021,29,817.8036189439,778.6964056303
100,10021,30,641.6184736884,763.6208350627
100,10021,31,546.8102021663,114.7957557993
100,10021,32,243.7704786703,89.2480997762
100,10021,33,451.4720284071,506.7016142797
100,10021,34,887.3235282686,303.7291746693
100,10021,35,726.5164634873,206.0045365243
100,10021,36,764.5357094312,212.8069271578
100,10021,37,212.2634562576,353.5841586443
100,10021,38,799.7159145159,255.3686846571
100,10021,39,535.9494921696,587.2696348878
100,10021,40,54.6226456997,219.2549308315
100,10021,41,346.7077808850,355.9224918421
100,10021,42,807.5714804846,695.0820692056
100,10021,43,867.8941399597,203.0104218221
100,10021,44,628.3924311773,78.3113898053
100,10021,45,178.6577157791,251.7376668844
100,10021,46,613.4720080350,632.9133264460
100,10021,47,346.7475303448,252.6349083195
100,10021,48,987.1882771575,354.7576423450
100,10021,49,670.6928606698,737.1613579202
100,10021,50,162.5979105369,268.0134293595
100,10021,51,623.8303754739,801.4693039985
100,10021,52,654.8046647676,69.2429078231
100,10021,53,724.6873207814,552.8648527863
100,10021,54,693.4172022306,230.9941739386
100,10021,55,180.3284915246,151.1143409039
100,10021,56,271.8856173516,683.4515286451
100,10021,57,20.3952146457,267.3793868380
100,10021,58,747.9091829950,987.0374660012
100,10021,59,696.4544013728,669.2950845448
100,10021,60,573.4290707163,350.3394901822
100,10021,61,144.1791852632,921.4417520848
100,10021,62,272.7198986267,262.9167400288
100,10021,63,766.5481314057,964.2553268566
100,10021,64,974.7789011395,770.7904765007
100,10021,65,230.4920740878,348.7656076320
100,10021,66,414.5860884694,818.9515381633
100,10021,67,551.7236644201,645.4231996354
100,10021,68,104.9222765661,254.1182147398
100,10021,69,263.5085207835,723.0474612754
100,10021,70,770.5359992411,832.5887393673
100,10021,71,945.3992633128,54.2257036190
100,10021,72,817.5222369871,714.8684304359
100,10021,73,471.9283219851,216.2532719549
100,10021,74,250.7781070988,452.8977912652
100,10021,75,651.1583281493,551.4598788033
100,10021,76,633.1845259108,276.3259224806
100,10021,77,395.1663659631,170.0287446914
100,10021,78,312.0532345179,308.4252104177
100,10021,79,800.4972056472,136.7840170240
100,10021,80,25.3296957218,988.8050598110
100,10021,81,560.6514744196,153.7780724838
100,10021,82,619.9799246675,844.0163745597
100,10021,83,78.1825977976,743.0776876525
100,10021,84,618.2830449571,941.9856547811
100,10021,85,259.0275024089,183.4358066840
100,10021,86,289.2308496619,900.0108895381
100,10021,87,700.8113035016,418.4114634539
100,10021,88,408.4060965308,964.0144244643
100,10021,89,242.1040581550,445.9836753451
100,10021,90,692.7351451959,50.2423194662
100,10021,91,294.3443652464,89.6404399697
100,10021,92,759.9150282924,519.2993464558
100,10021,93,754.1301495243,418.2436393382
100,10021,94,753.4922528589,713.1673916774
100,10021,95,21.8197762244,771.0609485265
100,10021,96,542.6095013318,163.9269445345
100,10021,97,746.5485645105,16.2521943023
100,10021,98,933.7152303779,169.4481879397
100,10021,99,849.2231873298,837.6353799297
100,10022,0,176.6694247239,845.3137398730
100,10022,1,730.3329091493,781.3228467674
100,10022,2,693.1102236534,337.1531001420
100,10022,3,730.2079972310,286.4879205387
100,10022,4,357.3497193145,775.2548136746
100,10022,5,865.0256887705,838.8477898138
100,10022,6,406.9622597105,790.3421251133
100,10022,7,271.4240735750,799.7413581253
100,10022,8,421.2714433869,294.4402157374
100,10022,9,713.1880575886,137.7744866310
100,10022,10,780.5037827671,139.0288364950
100,10022,11,64.8902402478,147.0504174515
100,10022,12,308.4082925638,178.5223886345
100,10022,13,946.2991821191,782.1256418718
100,10022,14,90.8032115701,291.9267988492
100,10022,15,379.0512752555,361.5796006948
100,10022,16,110.9771057138,267.9051070878
100,10022,17,127.6196128700,297.0725851564
100,10022,18,701.5854772310,603.9175168595
100,10022,19,677.5470352127,204.4886249147
100,10022,20,678.6791034017,22.9051853178
100,10022,21,764.0536648685,621.0167240096
100,10022,22,987.9107255374,639.6460922932
100,10022,23,839.6620278570,525.7934741271
100,10022,24,804.6415098035,240.8314922496
100,10022,25,191.4538335170,879.8538810107
100,10022,26,88.8909676560,630.3217513983
100,10022,27,337.2991152518,162.1635739512
100,10022,28,40.3216927377,794.6833724417
100,10022,29,532.5164550641,677.5513546515
100,10022,30,749.6445481482,242.2165480029
100,10022,31,313.6602660960,624.4293931211
100,10022,32,91.1739621839,631.1647873948
100,10022,33,608.6620114746,309.8821483839
100,10022,34,732.3203526995,859.2111021599
100,10022,35,285.8993170629,250.0206508258
100,10022,36,251.2977453583,205.7774788347
100,10022,37,874.4142598049,865.1755885026
100,10022,38,382.5585686126,283.4203768848
100,10022,39,833.3487331813,207.6845820914
100,10022,40,176.4953317292,857.8453948061
100,10022,41,845.0417986180,246.8643287055
100,10022,42,436.7017154593,258.7773613746
100,10022,43,1000.0000000000,399.1006846367
100,10022,44,368.8048583176,287.2615428941
100,10022,45,265.9460035392,143.9028267459
100,10022,46,663.9644494792,109.3486104171
100,10022,47,146.3680185645,801.0480083694
100,10022,48,229.1152292876,289.3262303592
100,10022,49,117.9911062126,604.6869602210
100,10022,50,1000.0000000000,747.1459425981
100,10022,51,378.5556974395,698.7324302578
100,10022,52,310.5343581447,757.9380122225
100,10022,53,880.0218398380,291.6850731986
100,10022,54,833.8443435059,825.8457924117
100,10022,55,392.6946441941,922.9252218888
100,10022,56,323.1445562528,940.0541267559
100,10022,57,688.8606429750,287.1894421473
100,10022,58,302.3772164166,707.2499168555
100,10022,59,849.9046095884,565.5659082444
100,10022,60,309.5500152899,238.2852848878
100,10022,61,449.5529324517,253.0230710818
100,10022,62,646.5161522708,589.4563523987
100,10022,63,903.6080283621,692.4996667579
100,10022,64,562.4614051942,628.5549695219
100,10022,65,644.5972831766,801.1689324063
100,10022,66,542.9447480667,860.9797988689
100,10022,67,404.5026127708,558.6156096641
100,10022,68,145.7988729788,856.4224706722
100,10022,69,938.3367324725,451.8077502091
100,10022,70,115.2800250349,240.3221491169
100,10022,71,947.2311830054,228.1274737031
100,10022,72,848.0424584522,527.9007640366
100,10022,73,342.6591601474,767.1782609547
100,10022,74,260.3994557991,280.6873513976
100,10022,75,439.2353647002,231.0321502437
100,10022,76,111.8141512178,674.2537479324
100,10022,77,422.4229937750,148.4875380909
100,10022,78,277.5052478669,844.1720227549
100,10022,79,657.2162508199,751.2988322879
100,10022,80,622.2886594090,222.1178248388
100,10022,81,737.7837890241,222.8352836933
100,10022,82,655.3636356093,180.2058933314
100,10022,83,733.3668451945,726.1308447156
100,10022,84,584.5591209798,613.5879087331
100,10022,85,917.8539255196,239.9460994507
100,10022,86,831.4079281465,271.2064363905
100,10022,87,210.2224048061,1000.0000000000
100,10022,88,88.3761618036,475.3549788477
100,10022,89,139.6246751999,785.5264787901
100,10022,90,871.2910036659,461.1024839324
100,10022,91,799.3802315232,770.2545703357
100,10022,92,415.6954489690,359.4319624597
100,10022,93,330.7118066806,714.8322832052
100,10022,94,685.2335815795,107.9520429429
100,10022,95,722.8557101754,673.7683334201
100,10022,96,218.6540433626,780.7505951618
100,10022,97,869.9657961044,831.2612748562
100,10022,98,352.1104189837,730.2785979122
100,10022,99,858.3435241604,781.1489592336
100,10023,0,786.0155475028,223.6724530035
100,10023,1,61.7729280259,799.5337544045
100,10023,2,319.0672282189,649.6193070024
100,10023,3,729.1143516571,287.7408818537
100,10023,4,698.5480395270,26.2979035279
100,10023,5,657.0194235193,88.2613159137
100,10023,6,61.0674865218,409.5304036436
100,10023,7,611.8989637454,851.1965452486
100,10023,8,711.2488573499,650.8459767223
100,10023,9,228.8216080853,293.8176125364
100,10023,10,288.6305568041,938.5343401881
100,10023,11,662.2285357212,727.2616483850
100,10023,12,479.1790115171,248.2421845273
100,10023,13,50.9472117054,695.4484896525
100,10023,14,334.7606561434,268.4370046915
100,10023,15,128.2556422044,339.2108324930
100,10023,16,464.2405527613,785.9060057452
100,10023,17,471.2082868710,290.8786242402
100,10023,18,126.1356816671,172.4262103832
100,10023,19,880.6694993149,770.7679371117
100,10023,20,175.1324842129,721.9910919151
100,10023,21,701.6541982224,772.9112533509
100,10023,22,170.1549853469,862.9566359301
100,10023,23,838.9304913042,849.3378750038
100,10023,24,248.7798047199,372.3718909743
100,10023,25,192.1510041811,776.7387237093
100,10023,26,221.8609423741,176.3380296098
100,10023,27,753.4083366293,716.5139584602
100,10023,28,598.6762966294,718.6006314414
100,10023,29,888.3018192663,784.2485052550
100,10023,30,427.3720959534,256.0222016561
100,10023,31,807.3473470415,771.0167442706
100,10023,32,1.9441924341,312.6404732591
100,10023,33,317.9125463450,255.2845649415
100,10023,34,678.6441383808,253.6975291945
100,10023,35,744.4519499586,760.3701036900
100,10023,36,735.1101350419,704.1318146023
100,10023,37,994.6540117047,138.7904093352
100,10023,38,975.2308499943,841.6283054103
100,10023,39,253.1030183056,913.4432684662
100,10023,40,284.6185841194,309.0338391876
100,10023,41,767.9969188550,227.4604558380
100,10023,42,303.7476719966,811.8754035149
100,10023,43,266.9675463025,884.3865620452
100,10023,44,714.7863362692,762.7292838191
100,10023,45,883.3912618833,794.5777447283
100,10023,46,214.7110048364,103.1596117322
100,10023,47,328.7655158287,141.5535888161
100,10023,48,676.5200269133,703.9024346953
100,10023,49,243.7909472107,654.0465825145
100,10023,50,77.9897784883,718.0083328541
100,10023,51,119.0493028616,801.0331749359
100,10023,52,657.2249433129,850.4484671231
100,10023,53,694.4095474304,809.8651009279
100,10023,54,683.0981143419,101.8408674403
100,10023,55,186.5297763389,184.0225128156
100,10023,56,649.8910437410,192.9080178270
100,10023,57,177.3775428217,867.5053523645
100,10023,58,124.0243808427,725.3935857834
100,10023,59,848.8908888352,750.7774617255
100,10023,60,614.1054162742,732.4713055290
100,10023,61,151.3298514127,578.6686326912
100,10023,62,761.2912861145,873.3667732598
100,10023,63,675.8220220762,650.2226953206
100,10023,64,358.6519874953,442.6580319539
100,10023,65,631.0347974556,189.3152251870
100,10023,66,756.1966261810,717.7833778578
100,10023,67,275.4470796811,541.3760125971
100,10023,68,748.8573933259,402.7897148219
100,10023,69,42.5478688751,336.5826610257
100,10023,70,821.9277306384,73.6794737321
100,10023,71,379.9408047382,832.4587482286
100,10023,72,710.5284130311,601.5138176573
100,10023,73,912.8514887792,842.7084934597
100,10023,74,312.6623999628,332.4898317260
100,10023,75,207.2022182746,409.3974343459
100,10023,76,680.8429686110,558.3426239653
100,10023,77,462.2867987171,116.6519147913
100,10023,78,722.9587941861,357.0829736228
100,10023,79,274.2637490713,800.5221919567
100,10023,80,164.0587421199,0.0000000000
100,10023,81,274.0404675445,158.0020176506
100,10023,82,273.5952084389,180.2418283320
100,10023,83,788.3895171612,631.5865942398
100,10023,84,889.6048767837,608.2370164370
100,10023,85,264.2763129475,804.8906379804
100,10023,86,917.8631825003,575.3046960444
100,10023,87,253.3542373197,348.2370164766
100,10023,88,761.4997853060,275.2987947536
100,10023,89,740.1000840536,737.3244554423
100,10023,90,311.6769594319,716.5601079460
100,10023,91,674.0091866024,386.3283463819
100,10023,92,593.5234644357,324.9278765860
100,10023,93,583.9340329798,587.8363260377
100,10023,94,206.2492718848,218.7078858778
100,10023,95,879.0332875212,163.1729854020
100,10023,96,271.9631987593,180.3468074917
100,10023,97,178.2754609427,777.4304784692
100,10023,98,493.8530408035,757.7644893914
100,10023,99,841.4002349197,734.8977575570
100,10024,0,65.1234365917,316.9106606128
100,10024,1,140.3725684465,690.7255140526
100,10024,2,168.0193558822,863.1009765098
100,10024,3,728.0184031297,288.9421141214
100,10024,4,166.0008064187,318.3721695401
100,10024,5,782.3161572159,996.4392570752
100,10024,6,744.0750313829,678.8018532257
100,10024,7,192.7243442389,200.5170112106
100,10024,8,57.2435951856,1000.0000000000
100,10024,9,444.1658900872,178.3768808407
100,10024,10,719.7579322363,712.0200559126
100,10024,11,61.9083861835,750.0721322340
100,10024,12,330.8714343763,345.9255340952
100,10024,13,949.7448412537,328.0638100318
100,10024,14,569.1203042736,601.9037990042
100,10024,15,197.5027753950,128.1788310750
100,10024,16,696.3785426085,223.4203418285
100,10024,17,189.4950432021,195.5826829568
100,10024,18,612.6018321142,268.2049684483
100,10024,19,72.7041844674,294.4102898874
100,10024,20,122.9489914803,327.9843536618
100,10024,21,916.6243655452,858.4920078756
100,10024,22,254.0570754550,707.0349003065
100,10024,23,711.7520138896,760.5925393036
100,10024,24,564.4749529044,715.0529066234
100,10024,25,555.9772844349,193.8957476144
100,10024,26,784.1824540504,583.0115598979
100,10024,27,152.9453587366,601.6267387397
100,10024,28,662.5396657338,687.6477566337
100,10024,29,177.0416230817,737.9305704141
100,10024,30,237.9029754186,856.2909965319
100,10024,31,704.0956591188,943.1293550800
100,10024,32,734.0134282628,784.5346330426
100,10024,33,582.9881014383,646.2045280960
100,10024,34,163.0795584525,428.7317239536
100,10024,35,76.8112271447,490.6970636741
100,10024,36,718.2735072623,708.8768136484
100,10024,37,247.6111823895,168.5976380772
100,10024,38,331.6123593675,797.3347729468
100,10024,39,0.0000000000,128.0067161682
100,10024,40,484.3681377064,729.3193308109
100,10024,41,710.1116231230,42.6179943461
100,10024,42,232.2738246952,438.8839890043
100,10024,43,484.1223365681,1000.0000000000
100,10024,44,348.0712009017,598.0454930272
100,10024,45,165.6214065305,905.9142251373
100,10024,46,260.6168974344,612.5387498904
100,10024,47,228.1319403717,901.6265875610
100,10024,48,320.9097202109,653.2308285070
100,10024,49,375.2346422707,570.0633585505
100,10024,50,855.5833814342,291.8483890143
100,10024,51,383.3670772868,699.2291918018
100,10024,52,202.6240081887,27.6864810098
100,10024,53,144.1391294091,488.3479475525
100,10024,54,252.9646192825,480.7492504121
100,10024,55,885.0957999251,370.5228086442
100,10024,56,1000.0000000000,195.6305283700
100,10024,57,232.0593598401,966.5910086685
100,10024,58,342.4266406591,919.0775194335
100,10024,59,348.4707468395,938.8166464930
100,10024,60,455.9933268093,849.7578495036
100,10024,61,654.2697867569,420.8924748731
100,10024,62,771.8032690929,696.9599751643
100,10024,63,198.2910688168,817.9351858898
100,10024,64,743.1987792743,31.1219533879
100,10024,65,223.7433581016,101.8847886821
100,10024,66,304.4815797599,314.8500131581
100,10024,67,672.2705865313,583.3458163578
100,10024,68,857.9737191246,863.5826602131
100,10024,69,742.3115541228,557.3296301101
100,10024,70,985.0824686776,449.1169177636
100,10024,71,287.7016393822,860.2775343768
100,10024,72,677.0811703655,696.2225265475
100,10024,73,294.0384266824,300.3069386141
100,10024,74,881.7617871329,839.7684739255
100,10024,75,634.0288061611,166.4466461540
100,10024,76,357.6860189334,0.0000000000
100,10024,77,271.7391608699,235.4622950466
100,10024,78,663.9126377694,837.2506800626
100,10024,79,435.7381000992,24.6484101177
100,10024,80,327.4215373145,659.1254430144
100,10024,81,364.9736461851,164.9004720514
100,10024,82,556.8135966421,755.2364469113
100,10024,83,954.3473919554,678.8223064016
100,10024,84,870.0997936067,891.1879487692
100,10024,85,606.4269139521,819.1896096383
100,10024,86,207.6761009282,610.5730513548
100,10024,87,781.1694698556,409.2513845904
100,10024,88,234.2870723760,202.8011911264
100,10024,89,841.1168374182,103.3259082016
100,10024,90,359.0612410464,269.8083612788
100,10024,91,219.7296764263,228.0232812074
100,10024,92,264.2476135246,598.8056646505
100,10024,93,200.0344838678,372.6177364826
100,10024,94,83.8475136012,733.5388977840
100,10024,95,458.2622560463,935.7966868489
100,10024,96,267.5731184379,844.2845801519
100,10024,97,806.9349149911,22.1470629774
100,10024,98,873.8715779720,782.1919654586
100,10024,99,307.9199398950,709.7540356216
100,10025,0,373.1685889473,242.1721663090
100,10025,1,732.3698090563,197.1772974041
100,10025,2,346.0689569538,624.0854659120
100,10025,3,726.9241396151,290.0868175974
100,10025,4,955.1542324101,844.2056068724
100,10025,5,761.3076269599,207.6586662475
100,10025,6,361.9427643123,816.3395878376
100,10025,7,839.8515156818,80.2590932384
100,10025,8,923.7054911551,240.4644623270
100,10025,9,126.3714106672,195.7089772833
100,10025,10,366.3985217685,303.0985825454
100,10025,11,679.9819327671,268.1964195398
100,10025,12,248.2072944025,259.9901081004
100,10025,13,551.7663511328,147.3422933434
100,10025,14,804.2921582256,873.8891952372
100,10025,15,363.0324920201,229.2687946235
100,10025,16,842.4377768492,836.8996272119
100,10025,17,295.1629070300,402.2387076329
100,10025,18,160.8094799329,846.1967217649
100,10025,19,463.6464970858,588.0933264127
100,10025,20,722.6194625983,493.9097137527
100,10025,21,253.1552261979,629.0340347535
100,10025,22,821.0261603936,406.0940968079
100,10025,23,782.6576685876,580.2108698841
100,10025,24,257.2160169259,730.9678473012
100,10025,25,685.8479546794,150.9763545466
100,10025,26,783.2851601068,215.5853643439
100,10025,27,655.4529529533,219.6281760544
100,10025,28,722.3545604767,703.5538157772
100,10025,29,478.9413659318,769.4941473393
100,10025,30,389.2778214124,179.6130960181
100,10025,31,135.5284341573,236.7273086439
100,10025,32,785.4236187476,322.1922401439
100,10025,33,304.7593996814,842.1199766006
100,10025,34,439.7989019330,152.0331801665
100,10025,35,1000.0000000000,223.0999189927
100,10025,36,203.3304677221,720.0567183936
100,10025,37,119.5394219873,699.6758018402
100,10025,38,888.7268156618,358.7780090401
100,10025,39,826.7977188858,186.8751036548
100,10025,40,303.1282559628,106.3120655530
100,10025,41,118.8188122368,675.4207368240
100,10025,42,683.8222664586,302.2609112982
100,10025,43,607.0469824691,731.5608562217
100,10025,44,258.0212931232,353.0825521135
100,10025,45,72.3823575867,609.4576983312
100,10025,46,797.5669891996,134.2855042629
100,10025,47,191.6919341569,86.0494585955
100,10025,48,866.6092043493,349.1536544426
100,10025,49,356.4406299702,718.2457537308
100,10025,50,212.2394172048,225.7522741317
100,10025,51,114.2058108461,800.4761154388
100,10025,52,821.5700884781,280.6958462821
100,10025,53,427.7880006061,259.5545003906
100,10025,54,269.5904127904,703.4635398185
100,10025,55,704.7155709796,715.4081273457
100,10025,56,145.5756275052,369.2883327736
100,10025,57,773.7302200875,808.0439015073
100,10025,58,757.2586280594,231.6762429853
100,10025,59,192.8893069967,833.2081811441
100,10025,60,693.1782352412,194.5134587198
100,10025,61,944.0023401794,744.7535945413
100,10025,62,584.5605061158,889.2050723912
100,10025,63,278.4899588432,761.0337428236
100,10025,64,655.4121393728,445.1268500994
100,10025,65,864.6269555742,626.5587623898
100,10025,66,627.8689321975,252.0610094383
100,10025,67,614.2673664990,661.7332730282
100,10025,68,410.5553509628,756.9311741181
100,10025,69,409.3323433903,802.0270436936
100,10025,70,179.9059484759,793.2277832564
100,10025,71,223.4334426075,823.5806643101
100,10025,72,468.3386006286,761.2396027786
100,10025,73,809.5786278624,397.0958203829
100,10025,74,979.6634608059,814.8383561238
100,10025,75,851.9120608795,182.6089345539
100,10025,76,807.5122518649,220.7043780332
100,10025,77,307.6875854760,208.9733711477
100,10025,78,119.8007080491,784.7173838768
100,10025,79,543.9003531717,696.1008178474
100,10025,80,985.4650163300,289.3703252743
100,10025,81,448.9891482333,258.1316842056
100,10025,82,807.7557477365,441.9843374290
100,10025,83,814.9428319607,793.1775972169
100,10025,84,608.8508884241,850.0576571023
100,10025,85,223.3144408824,214.4337483515
100,10025,86,177.6687754107,234.1358464955
100,10025,87,841.6293259635,999.1368670086
100,10025,88,764.0343021158,813.9295948354
100,10025,89,845.4056230261,769.7583178465
100,10025,90,347.6587557235,862.5574448664
100,10025,91,849.3986359973,642.7520426264
100,10025,92,856.2635582711,828.2433742932
100,10025,93,794.3265335570,250.0254985219
100,10025,94,188.8202640161,277.5694970240
100,10025,95,703.5301649063,839.6077157094
100,10025,96,177.0523443516,158.6754521277
100,10025,97,345.4390386218,359.7437688697
100,10025,98,1000.0000000000,926.4425782956
100,10025,99,270.8858262705,713.5075701248
100,10026,0,701.3348665199,739.1012809488
100,10026,1,338.1801534905,58.1615991931
100,10026,2,638.0611504417,889.5338052640
100,10026,3,725.8304525797,291.1792703251
100,10026,4,247.1869042034,643.7144750108
100,10026,5,695.2467292042,821.6778368654
100,10026,6,73.3540454151,328.3828337322
100,10026,7,340.7602956644,774.2569833899
100,10026,8,184.5153708699,169.2641362963
100,10026,9,277.3010068544,316.4504040102
100,10026,10,538.6731925844,258.9605954149
100,10026,11,103.1612298745,331.8125307225
100,10026,12,611.3147094759,828.5291239698
100,10026,13,444.4669552100,378.2732280133
100,10026,14,753.0626289547,697.8632161355
100,10026,15,745.7263976060,846.8399712283
100,10026,16,651.8546173265,79.4286166955
100,10026,17,329.0756368325,0.0000000000
100,10026,18,743.0220197205,873.6494159072
100,10026,19,216.2429837519,309.0864869783
100,10026,20,309.7524232075,808.4155194379
100,10026,21,216.5585505458,769.3701790449
100,10026,22,181.8068365531,201.0476608377
100,10026,23,820.5020595442,803.6200207344
100,10026,24,840.2486968177,303.9049852467
100,10026,25,752.2652313209,233.8555875031
100,10026,26,890.9175345685,716.2201293207
100,10026,27,1.1848277654,346.4722112476
100,10026,28,220.8541529512,12.5675771499
100,10026,29,107.2424012039,749.1240393513
100,10026,30,796.9991607428,581.6745676596
100,10026,31,749.0524447051,0.0000000000
100,10026,32,859.1954290436,774.9829434781
100,10026,33,734.4335463065,0.0000000000
100,10026,34,354.8149890314,877.3186700846
100,10026,35,153.9324804583,481.9275085812
100,10026,36,692.7101041409,236.7537850981
100,10026,37,605.3141483177,400.5746433568
100,10026,38,277.8243383718,278.9012910548
100,10026,39,789.9137055081,915.2471828920
100,10026,40,684.7407911835,183.2984537519
100,10026,41,153.6455871555,784.8308735409
100,10026,42,559.3102980632,723.0577781239
100,10026,43,233.7290111034,222.2414654113
100,10026,44,559.7244709832,536.7173434816
100,10026,45,1000.0000000000,0.0000000000
100,10026,46,822.7180327189,664.2139794222
100,10026,47,395.6823613203,884.1399418181
100,10026,48,115.7648597079,386.5718952277
100,10026,49,981.6783956830,343.3206278066
100,10026,50,899.3997210860,893.2266609689
100,10026,51,388.2447863763,699.8463915546
100,10026,52,121.4507623257,828.8700403153
100,10026,53,192.9613220988,856.5152697602
100,10026,54,172.6956121526,323.6281600242
100,10026,55,374.2954156751,330.7613139919
100,10026,56,252.6323417688,172.4695545801
100,10026,57,349.2354762258,335.6011104827
100,10026,58,653.2273661602,281.6403961160
100,10026,59,35.1276841231,725.5870222134
100,10026,60,319.8587404008,385.9178712451
100,10026,61,647.0606300631,87.5788106931
100,10026,62,887.4532604752,719.5212009078
100,10026,63,270.2863228847,521.1034504765
100,10026,64,422.6613655060,622.3044727915
100,10026,65,937.6376291280,269.0621202357
100,10026,66,848.6535951549,124.2347272420
100,10026,67,607.8764267340,747.3290039275
100,10026,68,373.3925602207,140.8071114560
100,10026,69,659.4635898148,364.0151901843
100,10026,70,718.8547857921,621.1635965810
100,10026,71,738.0057733527,757.3273134366
100,10026,72,623.0937855438,860.2789704581
100,10026,73,251.2901984818,775.3691966570
100,10026,74,815.0186707926,746.8933126522
100,10026,75,272.3794740159,849.0383092923
100,10026,76,352.1234060732,776.2893080099
100,10026,77,330.2275020888,189.4192654645
100,10026,78,108.1434564908,210.6258474146
100,10026,79,780.2808987035,418.3731949509
100,10026,80,289.5199741682,350.5521415810
100,10026,81,1000.0000000000,982.5673954996
100,10026,82,626.2419514929,834.9424638033
100,10026,83,259.7499858629,407.2228745464
100,10026,84,668.5690152527,610.4650060222
100,10026,85,850.9425408440,137.7650644191
100,10026,86,601.1140118717,917.5340792317
100,10026,87,292.2236753430,325.2062588695
100,10026,88,741.2808204877,671.6508045174
100,10026,89,789.3113530125,514.6659550832
100,10026,90,257.3835256827,443.4059935743
100,10026,91,252.8463867656,753.3526875388
100,10026,92,646.0405377162,793.4121496360
100,10026,93,182.2093312983,583.0892580199
100,10026,94,645.5021385590,894.7491479554
100,10026,95,577.6438636623,209.9399319763
100,10026,96,876.3840297429,804.5210071733
100,10026,97,673.0380711164,758.1616438872
100,10026,98,366.7784031180,348.2221318021
100,10026,99,273.2569184954,445.8450432938
100,10027,0,426.1513135825,847.1727953945
100,10027,1,875.6847115104,698.7566181897
100,10027,2,880.7298899445,594.9952530507
100,10027,3,724.7364393944,292.2231120106
100,10027,4,553.3473624050,353.2778678695
100,10027,5,359.5784266731,686.2483336631
100,10027,6,753.1514541530,734.4833739546
100,10027,7,742.3370598624,967.1037987549
100,10027,8,665.1252573597,1000.0000000000
100,10027,9,837.5367151475,529.1450853278
100,10027,10,308.1947773710,717.2391087588
100,10027,11,713.6435751983,784.7073456998
100,10027,12,681.8416976766,724.1279645776
100,10027,13,561.5519970444,595.0421251221
100,10027,14,654.3880886903,912.9719668906
100,10027,15,675.1328536378,729.3123770090
100,10027,16,258.7401633191,287.6695547913
100,10027,17,170.7776849719,325.2234501825
100,10027,18,319.1162019990,343.8301142300
100,10027,19,763.5707948657,133.5429897900
100,10027,20,901.1402535990,729.5612323712
100,10027,21,414.4572198988,838.7167587347
100,10027,22,962.2896369248,771.6487749618
100,10027,23,547.2712962682,850.5876013482
100,10027,24,140.1424717285,376.6172458370
100,10027,25,878.4410032153,138.0410612812
100,10027,26,1000.0000000000,348.6591624452
100,10027,27,675.5503644692,880.0231121744
100,10027,28,298.7333166405,88.1194090827
100,10027,29,824.0839589907,244.6066474301
100,10027,30,348.3079717650,786.0708274222
100,10027,31,915.1182608718,230.0202082100
100,10027,32,362.0228451733,662.1610194336
100,10027,33,191.5796385831,380.6430649572
100,10027,34,171.3653259384,349.3395075643
100,10027,35,601.9626112381,569.6864350748
100,10027,36,188.4111165794,257.1769840339
100,10027,37,767.7449408831,791.0692121680
100,10027,38,826.8423734325,856.0121881948
100,10027,39,0.0000000000,180.2877397795
100,10027,40,456.8292154616,851.1089140360
100,10027,41,234.5648724719,790.9942536692
100,10027,42,699.5369907774,179.5599356821
100,10027,43,807.0787460872,107.9817339570
100,10027,44,403.6096880699,779.8206612586
100,10027,45,788.1154900680,311.5400184970
100,10027,46,334.6895154282,697.5241422618
100,10027,47,29.0790124869,191.4093527904
100,10027,48,585.5702920704,563.2515825270
100,10027,49,811.9196628388,359.4012976284
100,10027,50,171.0078497262,637.6568316169
100,10027,51,609.2858856983,299.8011423417
100,10027,52,766.7581480872,491.7913900793
100,10027,53,212.4476697056,199.6898704000
100,10027,54,396.2400370275,696.6600415126
100,10027,55,0.0000000000,603.5760975876
100,10027,56,879.4802947796,919.9083000139
100,10027,57,950.0098355879,299.1634566363
100,10027,58,385.8594035635,335.4491974994
100,10027,59,212.2543173199,654.2320544138
100,10027,60,709.6452778398,486.9913049832
100,10027,61,664.0043866089,920.0313335766
100,10027,62,174.2539964650,729.6001045822
100,10027,63,79.6992870116,783.2303934848
100,10027,64,539.8363271528,782.7003151961
100,10027,65,360.3612077548,431.6688591015
100,10027,66,295.7488604315,951.2008597142
100,10027,67,644.0722621346,813.3802601927
100,10027,68,763.2993666879,581.5935182443
100,10027,69,185.2630428521,143.0189460662
100,10027,70,936.5571848287,764.6247807162
100,10027,71,528.7725455326,721.6369223661
100,10027,72,731.3682746498,852.4711430485
100,10027,73,212.6752053266,378.1571981071
100,10027,74,365.2840096085,705.1996012612
100,10027,75,171.2072198338,738.8983210196
100,10027,76,829.9871527525,867.9386441464
100,10027,77,849.6316057207,170.1662304564
100,10027,78,138.6145386618,634.7906629974
100,10027,79,862.8527914702,670.8756670023
100,10027,80,617.6623861851,921.8054253101
100,10027,81,764.8453614477,834.5926524621
100,10027,82,664.6781322755,183.7819308668
100,10027,83,14.8229737774,452.3936713061
100,10027,84,886.3656081451,685.7916084413
100,10027,85,274.1160650352,764.3855603252
100,10027,86,794.7472395772,379.1041708184
100,10027,87,343.1689254669,867.4690866252
100,10027,88,250.5061131498,841.0154694815
100,10027,89,116.3707543516,822.8824419415
100,10027,90,90.1423865881,965.4566832152
100,10027,91,635.9996890596,325.4160460090
100,10027,92,263.4245879056,158.0414364995
100,10027,93,679.4431620977,818.7140945660
100,10027,94,741.8862762850,328.3724778426
100,10027,95,249.3781891515,721.5583799793
100,10027,96,591.0932634024,263.1318649757
100,10027,97,864.0525866479,43.4369524110
100,10027,98,285.8213132040,297.2121338172
100,10027,99,164.3138964843,527.3587206886
100,10028,0,660.7175058074,160.2712802684
100,10028,1,815.6613104477,775.1549502134
100,10028,2,95.1430924120,424.7921201274
100,10028,3,723.6413608856,293.2214676656
100,10028,4,334.2960364845,311.4721479361
100,10028,5,87.0003629418,272.2335055582
100,10028,6,317.9670169964,822.6327510610
100,10028,7,141.1100295679,270.9874778219
100,10028,8,409.8597093726,689.1789440009
100,10028,9,611.1251900466,813.0624914324
100,10028,10,671.8409492882,867.3138529315
100,10028,11,170.9360698150,877.6540251049
100,10028,12,685.1582124018,560.6931852526
100,10028,13,430.1163353452,933.0410499483
100,10028,14,840.6121692054,692.1079882705
100,10028,15,776.1135338817,701.6368653957
100,10028,16,257.5182047035,636.5169631749
100,10028,17,436.5472751208,210.2833454735
100,10028,18,855.9563248645,276.4327454812
100,10028,19,796.6894660355,908.0512156223
100,10028,20,377.7607222512,30.8843092389
100,10028,21,243.6738332125,637.9006823067
100,10028,22,144.3856138997,797.1067002557
100,10028,23,749.9516845405,624.0128754375
100,10028,24,577.1696454885,536.2484388329
100,10028,25,843.3220001664,249.7673740157
100,10028,26,825.5534897820,844.8849576011
100,10028,27,761.6083532321,821.6203144740
100,10028,28,828.2473135527,158.4410619370
100,10028,29,522.3276173560,284.7541848034
100,10028,30,110.0924171304,554.0655392194
100,10028,31,271.0533020110,836.6532231403
100,10028,32,252.8284843210,74.4070812827
100,10028,33,292.8705286030,715.9040136015
100,10028,34,169.5645053801,710.4166576890
100,10028,35,464.4583765996,707.2560722550
100,10028,36,691.6513142173,778.8532480899
100,10028,37,362.2289936277,748.8163759181
100,10028,38,358.1982378657,953.9271092996
100,10028,39,314.9169736474,667.1773571172
100,10028,40,730.4230129443,427.1517262918
100,10028,41,857.9098486371,945.7037703973
100,10028,42,286.3779282605,557.8916711946
100,10028,43,796.5471238234,236.8010241494
100,10028,44,677.3408642139,285.9123848215
100,10028,45,149.6170433463,290.2109622400
100,10028,46,333.7460316054,229.3466641786
100,10028,47,519.8864877448,688.0889723327
100,10028,48,279.6098274346,727.5072537946
100,10028,49,702.2986467363,549.7606976876
100,10028,50,781.4381428574,320.5214387597
100,10028,51,893.1972327351,200.5833277998
100,10028,52,322.1357380823,308.3487454512
100,10028,53,482.3041722235,702.1689196047
100,10028,54,31.3780388183,236.5265851537
100,10028,55,358.3719717411,298.8857985501
100,10028,56,631.7705219811,721.7546424725
100,10028,57,801.4285954819,237.9738700923
100,10028,58,217.5397936771,5.0134244592
100,10028,59,392.6621138032,582.9381812470
100,10028,60,233.7344708180,844.4933384236
100,10028,61,438.3572221480,736.9045912288
100,10028,62,434.3900314261,919.8461452287
100,10028,63,310.4813469882,867.9511235213
100,10028,64,949.4348267803,817.9265344937
100,10028,65,659.8354110576,977.1035635409
100,10028,66,0.0000000000,617.3492132553
100,10028,67,202.1444478577,343.3282147803
100,10028,68,139.9204744233,616.2865022506
100,10028,69,852.9064018135,730.3499212005
100,10028,70,137.1800971669,521.6344499459
100,10028,71,631.2910969876,626.9327859668
100,10028,72,753.9892083678,757.3813743464
100,10028,73,600.6973600887,460.1904949490
100,10028,74,390.7085070902,633.0256895862
100,10028,75,775.6247729832,703.3157954925
100,10028,76,226.6646508584,432.5670226481
100,10028,77,868.5767098237,149.2908319465
100,10028,78,709.0764155879,80.7140417954
100,10028,79,157.4717952157,696.3340896087
100,10028,80,154.1962543695,738.7986997500
100,10028,81,685.1166950120,867.5115234988
100,10028,82,271.1576743384,192.1651535816
100,10028,83,140.7414867346,226.5631744752
100,10028,84,798.3622495732,881.7290833836
100,10028,85,701.9465480842,884.4629464720
100,10028,86,312.0593473648,261.0995850202
100,10028,87,424.3002393593,409.5050908360
100,10028,88,760.1873313508,147.9704148729
100,10028,89,191.6641497119,198.8540232627
100,10028,90,194.4888625682,264.5286460168
100,10028,91,616.5061013797,483.9044324786
100,10028,92,805.1771700206,295.1412637590
100,10028,93,483.9057384994,352.2910966867
100,10028,94,827.7312067421,924.5451131260
100,10028,95,365.4216991215,217.8201196043
100,10028,96,904.5488761765,650.4641588128
100,10028,97,314.3059491814,381.0535368805
100,10028,98,824.4683095341,413.8255348614
100,10028,99,602.5420732567,109.8776594259
100,10029,0,776.1803114927,298.0232489060
100,10029,1,350.8392469433,957.7184355900
100,10029,2,443.2568610136,42.3621742347
100,10029,3,722.5446092637,294.1770421051
100,10029,4,787.6241179963,534.6380899815
100,10029,5,455.3691586984,803.7081448879
100,10029,6,594.8908461604,270.9451989567
100,10029,7,648.1915017871,19.7280501620
100,10029,8,165.1863601554,194.3585960020
100,10029,9,835.6206025554,780.3765180306
100,10029,10,277.5301033331,16.4786935718
100,10029,11,747.8484130711,256.9392641877
100,10029,12,806.3165609729,657.7347726272
100,10029,13,580.3769844489,36.8087232065
100,10029,14,456.8548088582,778.4750474630
100,10029,15,762.9073664866,761.3340595125
100,10029,16,186.7094948495,417.8983756866
100,10029,17,199.4032655446,232.0929464884
100,10029,18,341.7925579926,706.0240301254
100,10029,19,603.3092217313,72.3708496350
100,10029,20,717.6363460262,169.1172790787
100,10029,21,738.7735891529,257.8039209964
100,10029,22,422.3085592665,513.7152908077
100,10029,23,769.5140949626,759.6589760167
100,10029,24,326.3311632826,707.9305529022
100,10029,25,939.6748093241,413.6146157226
100,10029,26,774.2749684195,478.9058943232
100,10029,27,408.7327077069,891.8835055060
100,10029,28,814.2943766270,219.0157609395
100,10029,29,889.2652698970,217.3495241276
100,10029,30,599.8472739793,665.8877388155
100,10029,31,24.8336519724,833.7949735046
100,10029,32,82.5061909543,609.7233623819
100,10029,33,570.0182648671,285.2627512226
100,10029,34,260.2064852759,209.1537521896
100,10029,35,690.2686356212,447.1801041743
100,10029,36,202.6834448979,798.9597208992
100,10029,37,314.8550667002,90.8426031831
100,10029,38,780.1372877007,332.9719838322
100,10029,39,827.6913329662,908.7942358371
100,10029,40,848.4884544076,810.7128637700
100,10029,41,905.3387184416,781.9840089791
100,10029,42,324.6408782378,201.6239045425
100,10029,43,380.5860193088,846.4229217777
100,10029,44,851.3670069275,545.8970753806
100,10029,45,220.8237493173,111.5271287541
100,10029,46,821.5917144300,755.1153231297
100,10029,47,230.1874845615,267.0440663744
100,10029,48,795.0167076389,319.0796802108
100,10029,49,646.2589552741,344.7525885316
100,10029,50,693.1245560804,2.5005194425
100,10029,51,604.2925511323,299.0044581415
100,10029,52,590.5548749536,295.0804137530
100,10029,53,712.7849215502,405.5110514600
100,10029,54,785.2808028368,768.0481048247
100,10029,55,542.7692641512,174.9090067600
100,10029,56,263.4494130785,743.4931235599
100,10029,57,344.8190786249,670.0302703160
100,10029,58,700.4717379814,803.6247368279
100,10029,59,352.4611840767,772.7196781904
100,10029,60,830.3197571317,100.4916887151
100,10029,61,143.2330817613,96.3464950418
100,10029,62,196.3726144446,600.8432251388
100,10029,63,318.5935773211,685.4912331296
100,10029,64,106.1971137187,98.7269448291
100,10029,65,0.0000000000,829.9859241769
100,10029,66,809.8180210902,722.5458067474
100,10029,67,257.1713379154,335.1870055680
100,10029,68,73.5883049650,229.6826187377
100,10029,69,236.1401861781,832.3101089446
100,10029,70,689.6244725156,198.2017345404
100,10029,71,237.9593495948,118.7231274697
100,10029,72,919.4170303807,821.5871854100
100,10029,73,160.9416131009,813.4400293840
100,10029,74,411.9245735856,488.4498795337
100,10029,75,986.9714231503,1000.0000000000
100,10029,76,565.3303999172,412.1598208803
100,10029,77,889.3107624977,124.6091632200
100,10029,78,804.9566017474,568.7072291249
100,10029,79,243.2072997986,323.5940192835
100,10029,80,668.1687770472,68.5004667837
100,10029,81,576.6466323142,820.9112500560
100,10029,82,515.4163243922,760.9991657158
100,10029,83,166.6967179406,71.8413581019
100,10029,84,624.2966885024,783.9319523741
100,10029,85,0.0000000000,197.3050179102
100,10029,86,382.6831784907,588.4514526518
100,10029,87,811.2474403306,290.2986551094
100,10029,88,226.8754146716,361.3375287118
100,10029,89,330.5308530870,541.1123367698
100,10029,90,657.8156427820,708.7562130255
100,10029,91,369.8172411185,706.8693673837
100,10029,92,208.7709688360,764.7965869368
100,10029,93,753.6884431295,107.5434670651
100,10029,94,822.3957109131,302.7301745709
100,10029,95,850.6994287933,425.0878341201
100,10029,96,645.8798703886,436.5402434614
100,10029,97,672.9362317443,738.0395674521
100,10029,98,767.8178049358,336.1187545424
100,10029,99,581.7411693807,194.9153275199
200,10100,0,407.1817853054,98.1517629907
200,10100,1,695.4402088238,121.0176990817
200,10100,2,190.5647710482,172.6244534997
200,10100,3,137.1667120418,299.7052331410
200,10100,4,946.0916631006,520.0135324673
200,10100,5,427.1472826670,708.6831086281
200,10100,6,287.3026521911,908.2886957126
200,10100,7,833.3208605658,674.3075869211
200,10100,8,258.6768663823,141.1904936822
200,10100,9,276.7397868621,409.5484264868
200,10100,10,788.7976607082,738.3850430973
200,10100,11,106.7289544690,819.4168033062
200,10100,12,760.1336460382,66.6835162969
200,10100,13,155.6223404585,416.8982230050
200,10100,14,614.1730397231,560.7534102199
200,10100,15,99.0654372139,842.2461795060
200,10100,16,389.0965087148,901.3563836569
200,10100,17,719.8912415317,524.8669977227
200,10100,18,384.3722263185,871.6002930672
200,10100,19,672.6874653908,704.3630931486
200,10100,20,662.8602252658,295.6148775691
200,10100,21,659.9379193926,795.0308246207
200,10100,22,0.0000000000,316.4723868262
200,10100,23,302.4359459701,757.4496102971
200,10100,24,626.8876303633,554.3415339183
200,10100,25,791.6884544875,847.7690735667
200,10100,26,703.6580506108,695.2875225867
200,10100,27,675.4671790735,788.8518206631
200,10100,28,131.2851278195,646.6392137912
200,10100,29,30.3571649053,142.6423849538
200,10100,30,774.5106125193,936.9150808787
200,10100,31,296.3493390793,194.4633080542
200,10100,32,596.4755409954,693.1343047002
200,10100,33,138.0041379282,861.9099952467
200,10100,34,261.2526854106,763.5147661641
200,10100,35,740.9770076310,744.0978362270
200,10100,36,386.0031850209,263.9659502047
200,10100,37,222.6698602027,740.7324071708
200,10100,38,760.2865224668,664.3005881698
200,10100,39,266.4788090173,752.3992081199
200,10100,40,695.4639939882,342.0251612424
200,10100,41,232.4038413538,884.3861391521
200,10100,42,808.1278901911,267.8766178026
200,10100,43,109.2582564066,338.7838204130
200,10100,44,422.2363983212,217.0085884301
200,10100,45,644.0262641651,302.5555116115
200,10100,46,588.6832508160,699.6428992262
200,10100,47,606.2359261271,344.6311944246
200,10100,48,713.7519425526,533.9726332472
200,10100,49,915.6174583507,234.3291612767
200,10100,50,217.4897107509,273.3280076256
200,10100,51,350.6945810264,274.0358119155
200,10100,52,891.3022476615,466.7422709404
200,10100,53,378.2850633185,739.5720191781
200,10100,54,265.1688611345,337.9206355764
200,10100,55,272.2045316799,311.2051821160
200,10100,56,233.6355290794,710.8962294339
200,10100,57,168.0846255264,712.6319114097
200,10100,58,789.1891616081,573.2647545580
200,10100,59,243.4370037654,823.2534890268
200,10100,60,307.7223579516,740.3031648547
200,10100,61,291.4046197900,171.3808254611
200,10100,62,72.2786948520,551.8628544445
200,10100,63,417.2016621855,700.1539335619
200,10100,64,155.1289581891,196.7836025901
200,10100,65,424.2574253208,615.0802360031
200,10100,66,690.2765680993,300.5272977113
200,10100,67,897.4728636191,184.1894490217
200,10100,68,926.3399907397,0.0000000000
200,10100,69,1000.0000000000,836.2628690648
200,10100,70,422.8916775838,164.9589560688
200,10100,71,672.6111088382,329.2815779596
200,10100,72,106.1839186337,316.5745050452
200,10100,73,314.0462342351,381.1595935343
200,10100,74,803.1192752103,382.1666623038
200,10100,75,919.3524422311,227.9905755409
200,10100,76,711.4217456342,736.0126261254
200,10100,77,641.0586996185,207.3033724104
200,10100,78,763.1269396020,211.2886430116
200,10100,79,196.4355035648,203.1461955184
200,10100,80,209.1963244731,823.8334686918
200,10100,81,896.5002889470,857.4376544792
200,10100,82,747.8297191871,278.7455278266
200,10100,83,319.5946506926,300.2826479989
200,10100,84,817.3149549988,982.7921647941
200,10100,85,296.9204519565,273.6628938609
200,10100,86,781.0275660194,720.6515259648
200,10100,87,212.0776032270,381.7129252823
200,10100,88,355.5286811141,731.1257349967
200,10100,89,0.0000000000,585.1545673949
200,10100,90,801.6530281984,459.4449133748
200,10100,91,841.6547301128,276.3889594284
200,10100,92,226.8219668425,815.7303288513
200,10100,93,106.9970066739,81.8873106337
200,10100,94,293.0897628643,882.1337121808
200,10100,95,398.9817018373,345.6273415866
200,10100,96,726.1358891022,826.9140124822
200,10100,97,827.4380245136,389.1755571986
200,10100,98,747.2012383984,725.8618192530
200,10100,99,585.8057888341,210.3073064541
200,10100,100,425.7566989798,732.4172119784
200,10100,101,820.3467204672,651.6454999194
200,10100,102,390.9835575344,39.4404836923
200,10100,103,381.8085827823,725.4853155221
200,10100,104,733.4360438558,841.6980568213
200,10100,105,827.7680979433,765.4535352095
200,10100,106,683.1818649398,1000.0000000000
200,10100,107,372.2552386395,0.0000000000
200,10100,108,700.6668544624,326.5026557501
200,10100,109,162.6558344209,564.3139665824
200,10100,110,213.8451863738,174.9763339475
200,10100,111,348.1085783017,780.6052122023
200,10100,112,294.1577014802,144.8227825039
200,10100,113,67.1515322980,88.1932239796
200,10100,114,299.0651692218,727.0696095556
200,10100,115,292.7641978726,632.8249037682
200,10100,116,344.7020148341,679.7360478646
200,10100,117,930.4957204212,660.8745949919
200,10100,118,777.2107117848,444.7461204058
200,10100,119,370.9393991653,300.9117526995
200,10100,120,257.9490006411,612.8834636806
200,10100,121,928.5905653017,617.3889009731
200,10100,122,757.0834434696,286.0076333806
200,10100,123,833.9378600295,189.1335319413
200,10100,124,865.5069218604,583.2591129974
200,10100,125,707.9090446608,954.0295951728
200,10100,126,688.6706163446,638.8747073123
200,10100,127,725.4829173611,251.6903627470
200,10100,128,421.4682786678,848.1369750222
200,10100,129,748.4876570495,759.1637704225
200,10100,130,725.1475136765,345.6299701981
200,10100,131,636.9921015764,839.9841377885
200,10100,132,566.6613053395,238.1716320082
200,10100,133,371.2255265311,277.1976865117
200,10100,134,912.3132301800,704.1758929127
200,10100,135,732.7905037791,523.2695399491
200,10100,136,406.8264107159,932.5826230488
200,10100,137,906.5947352973,828.7479113038
200,10100,138,933.5670848753,793.7802888988
200,10100,139,18.4827494819,730.4206561194
200,10100,140,698.3992869874,631.8829518919
200,10100,141,68.7829280283,891.1438465099
200,10100,142,312.7052040759,274.9091212304
200,10100,143,867.4627735458,873.9448368263
200,10100,144,528.5869304966,369.6102465417
200,10100,145,180.5263649462,87.5863935144
200,10100,146,153.8024033184,304.6903561566
200,10100,147,830.5248269148,805.3371180958
200,10100,148,359.6324361950,832.4880598643
200,10100,149,187.8311711750,274.4754895259
200,10100,150,641.7233302807,906.7866790095
200,10100,151,110.9203770465,562.9230493667
200,10100,152,667.4113554690,914.0754568052
200,10100,153,143.1057900213,438.2735500310
200,10100,154,362.0958028026,156.3385927812
200,10100,155,278.6684928702,220.4495353913
200,10100,156,280.6283918927,58.0021687310
200,10100,157,200.7629054038,612.6406944475
200,10100,158,454.7161503512,341.0263727490
200,10100,159,753.0547201761,228.3795233163
200,10100,160,121.2596973510,942.3539365254
200,10100,161,507.0393060778,827.6365327734
200,10100,162,364.2380003917,225.8842811943
200,10100,163,116.9205953876,357.1388924386
200,10100,164,614.2490228479,201.9261048041
200,10100,165,699.2920842495,848.2867085421
200,10100,166,517.6979705045,220.7804206170
200,10100,167,421.6973630834,360.9065046034
200,10100,168,223.4207747046,836.3076081137
200,10100,169,192.1967571052,47.6320406368
200,10100,170,916.7284516269,140.0693655651
200,10100,171,606.7009506191,191.2543117385
200,10100,172,574.2631213528,279.3489968415
200,10100,173,303.0836211561,738.4320118819
200,10100,174,531.9429172521,985.7604669755
200,10100,175,220.2385539004,181.5525624090
200,10100,176,793.2230391577,752.1317197460
200,10100,177,688.2096805026,688.1148225659
200,10100,178,617.9179933496,236.1722458831
200,10100,179,781.1558261901,179.7135823381
200,10100,180,757.8916092546,284.4926393145
200,10100,181,789.3946579411,817.3854207657
200,10100,182,627.0395844871,668.3170762035
200,10100,183,520.8862199506,77.7510723359
200,10100,184,384.6023870611,227.1491018402
200,10100,185,365.8459055588,614.8663686345
200,10100,186,494.0233606439,394.1710544857
200,10100,187,325.1232014148,202.2671528185
200,10100,188,210.4097469710,644.6682955577
200,10100,189,577.1317110024,286.4926122095
200,10100,190,668.6453605867,524.9445329402
200,10100,191,371.2412903088,227.4506946750
200,10100,192,555.1957372911,224.7587642049
200,10100,193,438.4764961842,861.1585690552
200,10100,194,161.1938175597,782.4492835666
200,10100,195,694.1064151224,844.8127075346
200,10100,196,772.2002925356,623.7814093147
200,10100,197,907.7957317444,865.3959081270
200,10100,198,957.4192506233,141.2199108108
200,10100,199,725.0479753046,113.9543875501
200,10101,0,128.2715243807,314.0484228691
200,10101,1,776.0377370306,179.2462028220
200,10101,2,818.1138360222,343.2909334616
200,10101,3,135.9298066699,299.1051833878
200,10101,4,122.2223221673,717.5242601694
200,10101,5,13.1820113984,211.2431910899
200,10101,6,19.8232616165,156.2567137875
200,10101,7,460.4163531826,396.2687067981
200,10101,8,744.7472469799,753.1978701032
200,10101,9,306.4006129830,167.7587986676
200,10101,10,160.7050513673,335.0811673330
200,10101,11,722.5379694925,273.3783967315
200,10101,12,326.8744529363,193.0545360621
200,10101,13,865.4648296639,588.2365713086
200,10101,14,875.8874731478,146.7272107130
200,10101,15,700.2804101603,101.5068521926
200,10101,16,228.6348024895,205.6657805031
200,10101,17,813.0119910300,168.6482498955
200,10101,18,922.1520633278,757.6302416862
200,10101,19,385.0984760920,267.6894301241
200,10101,20,219.9380663258,915.1553025444
200,10101,21,998.4292594690,904.3951804835
200,10101,22,853.1697075866,651.2449152917
200,10101,23,146.7510375874,900.4917848109
200,10101,24,312.9403042762,724.4509024892
200,10101,25,659.9086428156,1000.0000000000
200,10101,26,727.8435122376,88.0288798161
200,10101,27,158.0075063394,961.9039797515
200,10101,28,203.1525890268,650.4065141406
200,10101,29,389.4253206042,305.0144501666
200,10101,30,134.4452933633,755.8767531778
200,10101,31,927.6472897009,365.7662583107
200,10101,32,576.1550928249,353.0240727081
200,10101,33,820.1238354787,227.7996668605
200,10101,34,111.4889189523,426.9952170665
200,10101,35,522.6266042482,600.7642433010
200,10101,36,243.2013439061,252.7279151534
200,10101,37,180.7533506467,328.2818687293
200,10101,38,292.8568109610,588.1543074851
200,10101,39,687.2534741657,842.6325231523
200,10101,40,766.9772805533,775.1673088692
200,10101,41,308.1725436132,814.5308049129
200,10101,42,825.2507347329,900.5021903188
200,10101,43,188.3015690049,227.5093627686
200,10101,44,684.0495260895,823.5833259452
200,10101,45,206.9347731354,104.1144549384
200,10101,46,623.5718186639,160.5597006857
200,10101,47,844.4949627672,578.5475343756
200,10101,48,573.4487245595,719.4576321077
200,10101,49,308.1873335964,287.9980893636
200,10101,50,934.5181057550,665.6128694674
200,10101,51,147.4280123995,224.6620994985
200,10101,52,157.2982132988,746.5143911516
200,10101,53,724.6019969336,318.1273219449
200,10101,54,282.8517671908,616.0179473624
200,10101,55,186.3732179483,609.0938245820
200,10101,56,407.0290503083,833.6629832394
200,10101,57,594.9043522112,756.6656843499
200,10101,58,469.5380951422,894.2871309170
200,10101,59,83.9452459967,820.0164009678
200,10101,60,616.2274532181,228.9229308923
200,10101,61,162.6640853499,754.6263406411
200,10101,62,290.6825706851,909.4275305178
200,10101,63,177.9381069214,637.7792047489
200,10101,64,308.6544275581,340.1205212925
200,10101,65,997.1023105428,317.0071097303
200,10101,66,747.6566361651,133.6244346955
200,10101,67,829.2328930367,132.4470671506
200,10101,68,691.0776012989,406.5130958712
200,10101,69,107.6514753196,945.7522292426
200,10101,70,795.1727685642,566.6517285299
200,10101,71,179.0830258554,758.6639561042
200,10101,72,207.5404417481,335.3281699235
200,10101,73,786.7405306555,554.6129218754
200,10101,74,885.5189916813,409.2526987218
200,10101,75,215.8308002168,894.1255768698
200,10101,76,207.1383432471,171.5209986952
200,10101,77,114.2085131945,701.2367294722
200,10101,78,795.4203959281,710.7745052681
200,10101,79,246.2487665634,762.8069041483
200,10101,80,566.3623610344,256.4464560026
200,10101,81,819.4961906552,1000.0000000000
200,10101,82,534.2468471912,801.4128639704
200,10101,83,253.8042031014,415.3011447207
200,10101,84,532.0885679658,792.6507049182
200,10101,85,707.9426936021,400.5149694257
200,10101,86,703.6348597212,66.0973273861
200,10101,87,724.2386536141,461.5379350100
200,10101,88,631.9960130182,258.4770279234
200,10101,89,278.9341441784,87.5060903612
200,10101,90,594.0350172459,1000.0000000000
200,10101,91,172.5103629284,433.3856733263
200,10101,92,723.5863963414,718.0654539679
200,10101,93,691.6837214408,362.1353333486
200,10101,94,264.5572919994,263.1178939350
200,10101,95,740.9799089691,277.1642333905
200,10101,96,230.7644848315,649.2646455407
200,10101,97,158.8140307340,240.6304075364
200,10101,98,266.8943005273,92.7051949918
200,10101,99,605.7414827386,280.1931194285
200,10101,100,646.1957447009,634.3604193402
200,10101,101,858.7633707504,951.8961510847
200,10101,102,670.3416384671,770.9955272574
200,10101,103,345.0828536703,137.3053382337
200,10101,104,239.7014246054,248.5005939638
200,10101,105,396.2246116660,769.6312867144
200,10101,106,198.7430927114,633.0369393688
200,10101,107,0.0000000000,795.6752709393
200,10101,108,410.4384588407,217.1583239901
200,10101,109,587.0217569767,850.8559177772
200,10101,110,192.4928333340,84.4914119041
200,10101,111,871.6811548504,718.0033868318
200,10101,112,480.6871550901,921.9822427298
200,10101,113,242.1530240974,287.9267701096
200,10101,114,747.1942219296,83.7355155246
200,10101,115,621.9895616503,321.1614169332
200,10101,116,357.4210702370,242.9040859731
200,10101,117,815.3880723880,819.6355058464
200,10101,118,633.3888114770,0.0000000000
200,10101,119,268.6383190959,389.6405001595
200,10101,120,396.4822043512,363.6844397949
200,10101,121,282.8983682706,816.9484476860
200,10101,122,1000.0000000000,820.8056359128
200,10101,123,574.6100115700,477.4268240681
200,10101,124,731.5329065118,1000.0000000000
200,10101,125,611.2840129411,780.0061835414
200,10101,126,995.3372375019,439.4275379395
200,10101,127,426.6808719261,987.3693453617
200,10101,128,756.8128764068,236.3414601023
200,10101,129,322.2716425887,797.2153393492
200,10101,130,735.6555696569,885.7602513466
200,10101,131,973.2538554675,371.5423317733
200,10101,132,96.6154574117,177.4545141895
200,10101,133,729.6370440972,310.6231485080
200,10101,134,408.2414747928,730.6367774592
200,10101,135,649.3903997027,349.5350269269
200,10101,136,444.6276161200,270.3002422603
200,10101,137,726.8869322871,709.1266625150
200,10101,138,647.6579487770,622.1779003644
200,10101,139,870.9122367294,282.0176137644
200,10101,140,610.5507705564,682.3688748859
200,10101,141,463.3434590857,346.8290656613
200,10101,142,356.3842188423,643.4524645155
200,10101,143,798.8272981379,486.4538681268
200,10101,144,637.1499373604,387.8851839221
200,10101,145,227.2169046046,206.8398272195
200,10101,146,183.2804194252,356.8060523665
200,10101,147,146.9287423252,868.8877466809
200,10101,148,393.0865617443,790.6331427831
200,10101,149,613.2371353409,460.6957049583
200,10101,150,599.2752418776,0.0000000000
200,10101,151,287.3636030751,918.8086242060
200,10101,152,666.7144462654,740.6344542616
200,10101,153,879.9252574814,246.3119071779
200,10101,154,613.7336376840,642.1774439762
200,10101,155,389.7494333016,248.6601280358
200,10101,156,279.9751819691,580.7194409753
200,10101,157,142.2922084137,677.4629728026
200,10101,158,466.6435216050,213.6912646502
200,10101,159,346.6777382807,136.6993730936
200,10101,160,945.5892050850,0.0000000000
200,10101,161,781.5486039028,491.3536002685
200,10101,162,95.2187639041,247.5067542434
200,10101,163,960.6300531267,253.8776674454
200,10101,164,427.3799577656,860.2862250857
200,10101,165,841.1210092134,246.7837741998
200,10101,166,786.4380356701,348.3165356858
200,10101,167,0.0000000000,858.8428409876
200,10101,168,236.8045576983,173.6049844053
200,10101,169,83.6836722343,600.5903784827
200,10101,170,755.6996440628,963.7962812222
200,10101,171,857.9535427498,709.0932228839
200,10101,172,277.4777186495,241.4398197605
200,10101,173,312.2484772207,793.3954135263
200,10101,174,777.9648404423,803.6976107902
200,10101,175,794.7259919275,249.5454509697
200,10101,176,728.7849743200,253.5221189379
200,10101,177,419.5706582657,271.0796124183
200,10101,178,855.8218352727,556.8361554862
200,10101,179,103.1163236527,334.0663928562
200,10101,180,776.2504767634,0.0000000000
200,10101,181,479.0395231287,85.5376507182
200,10101,182,127.4518290952,747.9554567176
200,10101,183,217.5303339301,269.4954351856
200,10101,184,454.6833941787,715.9781286853
200,10101,185,826.8004971795,81.9001648455
200,10101,186,656.3848830558,270.7016648487
200,10101,187,182.5106571450,440.3023523521
200,10101,188,241.4075522164,118.7760655048
200,10101,189,349.7756367786,447.5594195791
200,10101,190,528.1949231868,355.5312039609
200,10101,191,569.2717289532,539.9162335074
200,10101,192,419.5489959783,0.0000000000
200,10101,193,813.6267978073,632.4846472613
200,10101,194,393.8037770698,917.9417534550
200,10101,195,584.5737976597,643.1892497068
200,10101,196,337.3073897159,186.5367696957
200,10101,197,728.5852042946,846.7519699162
200,10101,198,617.6321656924,339.9214722440
200,10101,199,925.0595009014,766.2594908765
200,10102,0,817.9042861419,736.1949614509
200,10102,1,464.3609214897,142.4087056603
200,10102,2,674.0940636973,140.4914023199
200,10102,3,134.6946310211,298.4879530226
200,10102,4,810.3553109091,535.6366904703
200,10102,5,281.3873168197,769.3984701617
200,10102,6,810.8204517725,711.3550371218
200,10102,7,701.8897563091,369.8364304216
200,10102,8,413.3918281246,818.5617286683
200,10102,9,0.0000000000,321.1408644701
200,10102,10,817.9810790365,57.3310107597
200,10102,11,168.5050704774,366.1865044159
200,10102,12,478.9201902995,306.1301506353
200,10102,13,113.2517968383,904.3522257195
200,10102,14,666.9621499527,268.1456583380
200,10102,15,887.3434194871,236.5526215752
200,10102,16,768.4689182472,868.2512235021
200,10102,17,579.2760142988,314.6174849601
200,10102,18,380.7643443519,151.2189225437
200,10102,19,69.1529056403,800.6449635703
200,10102,20,955.0395530714,979.8318695861
200,10102,21,250.8106507851,587.3976087081
200,10102,22,235.7538427646,798.4304982783
200,10102,23,202.7571852431,665.4366175036
200,10102,24,777.3753653017,378.8233574317
200,10102,25,615.5500865012,831.5352683611
200,10102,26,265.3477468290,216.6105456714
200,10102,27,786.1823936100,380.0669530131
200,10102,28,748.5465523602,692.1495412065
200,10102,29,171.4802683688,225.9673993166
200,10102,30,250.9106198566,218.1358215930
200,10102,31,194.9591296709,861.1994448028
200,10102,32,211.6726344741,510.4462127133
200,10102,33,49.8671081572,215.3131781300
200,10102,34,95.0238345941,674.8017965490
200,10102,35,752.7834707592,523.8835250211
200,10102,36,735.0602511484,763.2307435778
200,10102,37,820.7945318664,896.9034074410
200,10102,38,758.4641595868,229.8720510267
200,10102,39,657.3512774910,89.8351925160
200,10102,40,943.3643988295,220.5208682834
200,10102,41,612.3585424981,740.3398005637
200,10102,42,228.4764753230,309.9006272831
200,10102,43,696.3785815840,81.9715090865
200,10102,44,271.4799686233,481.9346188358
200,10102,45,440.1257730612,228.3247738337
200,10102,46,665.2212997680,636.6459806515
200,10102,47,745.7193942601,475.4695668019
200,10102,48,751.4282290716,315.3271789194
200,10102,49,307.7814244543,424.6819286629
200,10102,50,119.0829185742,781.3826245529
200,10102,51,354.4197740283,276.6670690097
200,10102,52,850.6252399013,618.3755613421
200,10102,53,570.4595805403,566.9835031342
200,10102,54,132.9610241819,403.4602817355
200,10102,55,426.6659031288,573.1777381117
200,10102,56,655.9511872197,268.6324948031
200,10102,57,31.1042979479,373.5043890156
200,10102,58,335.1546503994,786.2518238580
200,10102,59,191.1547613402,702.1021992862
200,10102,60,450.4659472547,354.0575879097
200,10102,61,797.9168383545,321.4750228950
200,10102,62,273.4432771294,650.5216642229
200,10102,63,187.4365438867,821.4965124273
200,10102,64,739.9681509695,144.1946127553
200,10102,65,375.0360565594,561.1036097095
200,10102,66,371.1451240207,844.3931650781
200,10102,67,754.3410819434,127.0099513111
200,10102,68,241.7838581683,743.9673276397
200,10102,69,636.5996805760,79.3651782354
200,10102,70,667.0692056607,235.4462819018
200,10102,71,0.0000000000,575.6419203873
200,10102,72,314.3789615341,546.5176122878
200,10102,73,724.1710554777,868.7437071168
200,10102,74,284.9319839435,271.0742282886
200,10102,75,644.6955389532,678.7287767551
200,10102,76,778.0546421957,126.2881805658
200,10102,77,84.5472332375,695.8691015228
200,10102,78,824.0701602672,236.4442059608
200,10102,79,481.6069970843,215.3265730467
200,10102,80,211.2270031786,190.1760206712
200,10102,81,221.1884954903,814.8298708404
200,10102,82,164.9800983289,609.1957707061
200,10102,83,748.5324853456,251.1671505187
200,10102,84,728.4492498820,545.6618891738
200,10102,85,210.8660754325,746.9472730017
200,10102,86,139.5788260252,220.1932592565
200,10102,87,752.1731086450,807.2107417943
200,10102,88,379.3092878967,254.3407097741
200,10102,89,339.1215834541,734.1836349571
200,10102,90,181.9044574134,783.7055453482
200,10102,91,675.7774790250,707.5955353811
200,10102,92,1000.0000000000,704.2356796815
200,10102,93,282.2335427917,753.0063133967
200,10102,94,395.7722574774,781.2693158889
200,10102,95,630.4082598810,741.5472002190
200,10102,96,327.3897729992,346.0142941520
200,10102,97,926.5804272123,545.6113805856
200,10102,98,271.4019593780,187.3991330428
200,10102,99,148.6060049710,327.0533838381
200,10102,100,221.9668029428,383.0478452812
200,10102,101,152.8414327199,753.7091548382
200,10102,102,881.3158320718,815.9095894985
200,10102,103,752.4150153466,88.5407337588
200,10102,104,771.8979853363,52.1930288820
200,10102,105,489.3815065458,266.9657269163
200,10102,106,995.2980780848,384.4595717873
200,10102,107,936.8610566243,452.0829533906
200,10102,108,0.0000000000,578.2775845269
200,10102,109,361.2445407807,390.8128903587
200,10102,110,738.1690696985,697.0294771610
200,10102,111,352.2021374246,141.2009005046
200,10102,112,137.0158730272,342.6874266825
200,10102,113,331.9803418280,223.1612286691
200,10102,114,189.9820653382,224.3813178226
200,10102,115,416.3036079302,284.7405630492
200,10102,116,334.9935126007,797.1415573338
200,10102,117,644.6947713153,933.2585968559
200,10102,118,795.7888290347,310.6868558924
200,10102,119,131.2218836125,342.9154283465
200,10102,120,0.0000000000,830.6301395507
200,10102,121,607.9126225485,290.0551382697
200,10102,122,901.6604216757,52.0118817026
200,10102,123,806.7613295317,103.7710834687
200,10102,124,639.3059236634,469.9113600144
200,10102,125,699.2076233389,680.2366768757
200,10102,126,612.9726345097,715.2293149324
200,10102,127,837.6091694418,517.0473816627
200,10102,128,661.7480016781,712.1293776488
200,10102,129,860.4722892390,178.0997402876
200,10102,130,757.7603081536,427.3933656784
200,10102,131,259.4161508765,654.7706207017
200,10102,132,642.9709393059,635.5357568489
200,10102,133,37.3429606485,653.0887924106
200,10102,134,400.5030003857,754.7632565895
200,10102,135,202.2266955299,752.4847096654
200,10102,136,379.8123863583,650.6416834005
200,10102,137,739.4923992548,889.1739390695
200,10102,138,251.9291401943,891.6930913029
200,10102,139,0.0000000000,94.0085826652
200,10102,140,71.5521813426,796.6311204145
200,10102,141,736.3873694824,511.2266689237
200,10102,142,143.3208331482,0.0000000000
200,10102,143,731.1330986938,801.4811772401
200,10102,144,683.6697079569,153.9524743960
200,10102,145,674.3816004174,131.3419439547
200,10102,146,741.0864116165,391.1074962010
200,10102,147,85.3410708289,571.3101350154
200,10102,148,410.1199694901,735.3138748787
200,10102,149,437.8760866283,645.3703650739
200,10102,150,329.6207107998,243.6507544951
200,10102,151,776.2609775669,622.8270872385
200,10102,152,202.5401080608,58.0326638121
200,10102,153,722.7306223568,207.7657719723
200,10102,154,157.1403360259,935.5422963988
200,10102,155,945.3243872237,943.7576622353
200,10102,156,779.0826957705,100.6509300574
200,10102,157,635.9656363712,254.7038154139
200,10102,158,907.6224749127,603.0686494522
200,10102,159,789.5663343946,737.8234875568
200,10102,160,213.8199318146,297.4012173600
200,10102,161,476.8968306396,889.8097261283
200,10102,162,444.8024316179,297.7250404507
200,10102,163,538.3133758670,566.3333190384
200,10102,164,223.3168478998,724.0137357166
200,10102,165,713.7219749294,690.4362085739
200,10102,166,93.1292424681,857.5811970225
200,10102,167,770.3253774468,180.5093377090
200,10102,168,287.8821616668,800.7926398164
200,10102,169,514.5736077007,709.2891366545
200,10102,170,51.1493726475,133.5438213400
200,10102,171,217.0599700251,316.9359242836
200,10102,172,142.2018147599,300.5806281641
200,10102,173,263.0122179385,843.2584689836
200,10102,174,757.7590724249,340.3040069596
200,10102,175,135.0245186206,1000.0000000000
200,10102,176,543.8406148554,133.2090183854
200,10102,177,720.1341665033,267.8542196563
200,10102,178,850.1818512908,153.1432519789
200,10102,179,796.9718054818,755.3732536030
200,10102,180,166.7169557820,931.0016528667
200,10102,181,449.0620642543,259.8175542796
200,10102,182,166.8720779439,301.3319457631
200,10102,183,760.7677264945,818.7696988233
200,10102,184,296.7524451193,242.3854718103
200,10102,185,778.3539906702,560.1074358802
200,10102,186,843.0094951498,614.6555195484
200,10102,187,565.9206143117,724.6754158794
200,10102,188,284.2536170868,602.8816608985
200,10102,189,991.2112397184,535.3064545566
200,10102,190,380.1112464963,966.4182174645
200,10102,191,706.9779557937,874.1266589100
200,10102,192,304.4293001354,817.7938282300
200,10102,193,697.1249948243,723.8156060900
200,10102,194,305.4886532009,649.5943457064
200,10102,195,287.4145640781,696.8970328099
200,10102,196,836.0789147853,262.1114420215
200,10102,197,523.4584939180,794.9715991799
200,10102,198,830.9309282915,180.3777393726
200,10102,199,668.9086359380,461.1856708519
200,10103,0,26.5327746187,731.3603538156
200,10103,1,895.3210518081,793.0197893584
200,10103,2,333.2441311342,876.6233467534
200,10103,3,133.4612964486,297.8535620852
200,10103,4,852.1614843162,669.8301909898
200,10103,5,199.4737097031,180.0681315732
200,10103,6,243.1901246009,880.4506632961
200,10103,7,0.0000000000,697.3675897608
200,10103,8,725.7721911978,146.1226183341
200,10103,9,903.4622594389,847.2201348004
200,10103,10,257.9436481148,810.2190241904
200,10103,11,642.5335161834,1000.0000000000
200,10103,12,306.2352451300,365.7258130903
200,10103,13,908.1517040984,105.4397805591
200,10103,14,972.9812777743,308.4968245057
200,10103,15,734.6706118870,369.2043247011
200,10103,16,775.9495344995,64.7983491276
200,10103,17,792.7156270838,258.1226389666
200,10103,18,785.8829510322,98.3868181345
200,10103,19,470.2031636736,73.3453981702
200,10103,20,351.4676645084,243.2778087906
200,10103,21,171.7318471686,797.5673208438
200,10103,22,708.8702332964,78.1305983271
200,10103,23,492.4117601323,738.0444793837
200,10103,24,48.3187212452,256.6926939176
200,10103,25,670.5193914443,736.4128062202
200,10103,26,366.4880126502,674.8188190080
200,10103,27,293.5880445013,281.0369975261
200,10103,28,843.1698297975,523.1017148653
200,10103,29,989.3107082297,803.0646051721
200,10103,30,934.5056075611,769.9958374037
200,10103,31,218.5308010767,738.8081606372
200,10103,32,279.0432702131,781.5666590719
200,10103,33,838.8786084362,817.5693253339
200,10103,34,281.5427757328,120.7135973721
200,10103,35,27.7595637299,134.0982395148
200,10103,36,236.8383657176,773.9348356271
200,10103,37,1000.0000000000,236.9538415628
200,10103,38,813.1757080756,143.9993776295
200,10103,39,283.4598172720,747.5383062583
200,10103,40,786.9861657870,626.4544093338
200,10103,41,875.4015326544,594.9678387304
200,10103,42,93.8999084644,819.1586016801
200,10103,43,293.1408114576,687.4030214047
200,10103,44,331.9282789151,377.6393782245
200,10103,45,735.0194784982,1000.0000000000
200,10103,46,208.3866995727,628.2045424402
200,10103,47,628.1688339939,507.7317432830
200,10103,48,148.5371074094,244.8984277315
200,10103,49,220.1076307770,331.0363824576
200,10103,50,824.0216793046,246.9040180896
200,10103,51,143.7489890207,221.9736673771
200,10103,52,345.0449065311,554.2670398930
200,10103,53,909.2615839047,194.0466124077
200,10103,54,524.7792929772,597.0423242861
200,10103,55,681.9231990363,145.3145336625
200,10103,56,907.1930044714,59.5792568319
200,10103,57,704.4150485507,318.6493192857
200,10103,58,206.7410591334,605.5013398324
200,10103,59,785.3315826782,70.7601113093
200,10103,60,695.9968797012,694.2500058324
200,10103,61,786.2433052995,673.5217896229
200,10103,62,457.8409655734,588.0376999747
200,10103,63,293.5964768711,770.4051854280
200,10103,64,210.2724999919,847.2263200728
200,10103,65,727.8069519109,786.8983862344
200,10103,66,57.2767354123,794.5213515638
200,10103,67,197.8445083928,659.4369288213
200,10103,68,224.9495100382,253.3826984625
200,10103,69,922.7939266542,209.3489535918
200,10103,70,313.0702620850,631.5124461253
200,10103,71,178.8377422111,549.1745303236
200,10103,72,384.6028146238,359.2187557345
200,10103,73,130.1662752383,446.1582327849
200,10103,74,355.0857857876,273.4919949191
200,10103,75,837.1411938374,688.6032466134
200,10103,76,384.2500671036,653.1991013940
200,10103,77,47.5835790184,690.1625308864
200,10103,78,333.4772714330,280.5202741412
200,10103,79,648.1554458117,595.3419431926
200,10103,80,824.7800709874,597.3785876806
200,10103,81,142.1940197905,805.3576037912
200,10103,82,329.7574191073,158.7486363700
200,10103,83,634.9319402780,220.5900321869
200,10103,84,941.1179860573,746.8114661227
200,10103,85,732.7603705868,603.0395924798
200,10103,86,234.5196737555,765.8285377709
200,10103,87,274.5989712592,373.1735648582
200,10103,88,610.7410154238,730.5421741658
200,10103,89,875.2239440136,965.0491909066
200,10103,90,136.9943420964,225.1012873914
200,10103,91,361.0927097356,600.3288170081
200,10103,92,158.9838451101,471.4117110254
200,10103,93,700.0080803577,584.5135807740
200,10103,94,791.0158200155,236.8242816311
200,10103,95,213.8879511967,51.1736153341
200,10103,96,117.2640927773,693.4619360009
200,10103,97,289.2528667187,904.9403565200
200,10103,98,847.8330772472,91.1587720408
200,10103,99,200.5321043348,345.6579991162
200,10103,100,356.9000875856,701.7288113603
200,10103,101,327.7629521174,574.8416313477
200,10103,102,163.5194486326,535.0650249091
200,10103,103,140.1902260411,611.7132904164
200,10103,104,888.9991594981,760.6016298834
200,10103,105,329.9120652264,750.6435776707
200,10103,106,123.2111471100,269.8023571286
200,10103,107,313.1569545802,0.0000000000
200,10103,108,768.8086945914,353.2195230924
200,10103,109,869.1835577127,131.3181543498
200,10103,110,734.3408772802,601.5246320324
200,10103,111,783.8368099478,78.3432105513
200,10103,112,225.8948711331,699.2858119708
200,10103,113,159.2606098656,168.1381212306
200,10103,114,621.0425712283,869.3813938519
200,10103,115,630.4611996008,593.1996307761
200,10103,116,790.7790639915,326.0815883108
200,10103,117,650.3534539671,727.0609627122
200,10103,118,654.4546227245,174.2195509488
200,10103,119,100.1307177964,190.8645709289
200,10103,120,768.2891125919,189.4582209424
200,10103,121,226.8291876710,1.0474354850
200,10103,122,147.4142377050,59.1332325622
200,10103,123,743.1800617156,331.1990515003
200,10103,124,579.6521874830,894.8479837559
200,10103,125,898.5162336416,493.5956524236
200,10103,126,782.2479971742,244.7795306071
200,10103,127,34.4337975501,296.2406756678
200,10103,128,198.9735763357,890.5665592490
200,10103,129,220.8919948350,71.7107124963
200,10103,130,795.1085922477,981.1746752320
200,10103,131,83.7699779952,301.6460830907
200,10103,132,197.1352482203,615.5699650697
200,10103,133,828.6584527813,616.0431919236
200,10103,134,889.6045754282,276.1031366329
200,10103,135,614.0560928593,640.9839274926
200,10103,136,271.7056918556,115.7559580615
200,10103,137,912.3741593544,543.1660615370
200,10103,138,322.9759242289,653.5498831802
200,10103,139,876.9498405575,838.3561999405
200,10103,140,622.9959797646,432.5535233633
200,10103,141,540.3921085405,375.5795107095
200,10103,142,140.2085703428,747.0730451128
200,10103,143,665.4113710958,316.2749856478
200,10103,144,298.2143683347,733.8050797353
200,10103,145,588.9789264408,37.7758297422
200,10103,146,316.0124420441,893.0333261833
200,10103,147,308.2894404150,707.2871416867
200,10103,148,405.5683871097,672.9605006282
200,10103,149,841.6140642806,391.4728359983
200,10103,150,704.0169871726,870.7206547027
200,10103,151,697.9086970383,822.1853912366
200,10103,152,328.5970320212,196.6066596139
200,10103,153,165.7476051287,923.2129495327
200,10103,154,999.9759548642,316.1424527477
200,10103,155,749.8251476308,863.9859334589
200,10103,156,777.8220135615,619.0747992584
200,10103,157,173.3576639996,311.3644580958
200,10103,158,299.4551626360,544.3865702164
200,10103,159,402.1221144854,791.6585431394
200,10103,160,807.7191772349,679.0608492301
200,10103,161,22.7873975120,901.4407851977
200,10103,162,0.0000000000,122.3658527379
200,10103,163,257.9733043444,299.4331115003
200,10103,164,807.3009017442,836.9791006267
200,10103,165,229.2968515154,786.8255565978
200,10103,166,705.9021388951,711.0521198118
200,10103,167,819.0108132189,841.6470499209
200,10103,168,208.4662219631,229.4120921643
200,10103,169,11.3548749898,347.8864278413
200,10103,170,972.1388160880,133.0654715895
200,10103,171,152.0391786600,426.6200612076
200,10103,172,917.4782434218,641.4087299277
200,10103,173,679.7098028332,336.0855427369
200,10103,174,714.5385836617,861.1957810719
200,10103,175,585.5689995358,584.1122199343
200,10103,176,25.0972414160,901.2126942343
200,10103,177,297.0165327959,628.5305991608
200,10103,178,736.9939881560,245.0145165236
200,10103,179,143.4968815626,651.2537189633
200,10103,180,861.9235949898,632.0360015134
200,10103,181,617.5910073039,813.4657067350
200,10103,182,719.5438561881,813.3849039522
200,10103,183,340.8937279793,771.2914746786
200,10103,184,364.7368819478,731.6966360421
200,10103,185,723.7408594264,52.1060852919
200,10103,186,292.5956248852,533.7813773686
200,10103,187,190.5621166020,361.9221238653
200,10103,188,336.0020457379,100.7979289055
200,10103,189,197.3800583170,715.2331740715
200,10103,190,458.8704132179,94.9669487196
200,10103,191,563.4567343380,688.7735000178
200,10103,192,119.1848607505,289.5727975153
200,10103,193,166.0190058298,436.3630318148
200,10103,194,0.0000000000,710.7872566285
200,10103,195,367.4522061513,840.1123210161
200,10103,196,288.7814997236,799.6742580757
200,10103,197,680.8482623382,651.0078457918
200,10103,198,220.1977439021,282.2051933470
200,10103,199,741.8268643511,743.9091892108
200,10104,0,381.4102285687,800.5169141861
200,10104,1,794.3924093928,825.7340712011
200,10104,2,159.4372515373,604.6534437855
200,10104,3,132.2299137345,297.2020296605
200,10104,4,0.0000000000,627.2483858319
200,10104,5,778.5901137087,869.7741741165
200,10104,6,597.9920270750,129.5319873326
200,10104,7,739.8158820867,604.3246475497
200,10104,8,14.0409942094,521.7459950119
200,10104,9,722.3682193466,636.5549282946
200,10104,10,672.8896065104,637.6529901465
200,10104,11,237.0117430450,874.7561400950
200,10104,12,240.1191830007,271.7926049374
200,10104,13,70.4815341432,382.3413292126
200,10104,14,650.2716444697,161.0294952423
200,10104,15,653.9616285684,214.5737584608
200,10104,16,741.4402634421,768.4909789183
200,10104,17,654.1641915560,162.8713391817
200,10104,18,184.4480158931,617.3089905881
200,10104,19,715.6184709955,314.2048163006
200,10104,20,846.3659449199,107.9699543560
200,10104,21,481.5339170603,868.6666985173
200,10104,22,810.8621169537,314.5422074510
200,10104,23,196.5245787402,872.7289757839
200,10104,24,756.0805963267,707.7816669080
200,10104,25,607.2020235022,575.9321109070
200,10104,26,525.3630711505,248.2575698937
200,10104,27,441.1949384416,238.1432778008
200,10104,28,873.9836215158,630.5905799564
200,10104,29,601.2821273570,729.1333141943
200,10104,30,728.8464314988,361.4760802251
200,10104,31,789.2191052757,577.6694739276
200,10104,32,333.1039200974,244.7824231057
200,10104,33,127.6579219792,491.7139257161
200,10104,34,346.3141270303,752.6046230233
200,10104,35,942.3710599292,618.5604084290
200,10104,36,744.7355498858,282.7184930815
200,10104,37,275.3896013374,179.5099019577
200,10104,38,385.8799444266,80.8890860663
200,10104,39,206.6744450303,359.3102674671
200,10104,40,700.5972785120,205.4992901303
200,10104,41,723.9093045472,609.5678636521
200,10104,42,188.6322373457,224.6495432739
200,10104,43,436.7573056368,739.6761469992
200,10104,44,678.6623879208,724.0111330349
200,10104,45,710.9803469833,740.7255349535
200,10104,46,248.1308118676,133.9603962598
200,10104,47,767.1969592105,262.2749868870
200,10104,48,766.3679029354,616.8723384848
200,10104,49,75.2814784766,355.8181820814
200,10104,50,5.7240570631,212.6633498595
200,10104,51,358.0550303361,279.4126903556
200,10104,52,648.4086858432,217.1933053038
200,10104,53,738.6797200118,862.5035528869
200,10104,54,668.0257492553,257.9468113343
200,10104,55,890.7685385257,934.1345161741
200,10104,56,249.3097961184,388.4428457797
200,10104,57,732.9773882236,396.8131046291
200,10104,58,623.9098486861,439.7293641234
200,10104,59,824.8077566212,227.3542993784
200,10104,60,315.3052360070,886.3138705179
200,10104,61,667.1771264848,257.9168813603
200,10104,62,921.6825555326,182.0671908652
200,10104,63,289.0322192454,503.1927297248
200,10104,64,329.3499797421,683.1288561230
200,10104,65,683.2466666454,257.0790447047
200,10104,66,870.5825474901,503.5399026775
200,10104,67,174.9474963147,709.9205988497
200,10104,68,728.6606301597,776.9793680660
200,10104,69,230.8308695200,403.2419843698
200,10104,70,881.2770551182,886.4105294256
200,10104,71,804.0974489082,594.7849052831
200,10104,72,358.6533831168,250.6666971759
200,10104,73,674.9435045711,311.7177940070
200,10104,74,413.0673207154,233.1496148194
200,10104,75,271.1912530265,332.4504646644
200,10104,76,964.0307636808,771.0801902765
200,10104,77,0.0000000000,680.3755814632
200,10104,78,314.5572758692,828.4176631978
200,10104,79,671.1373632470,377.2744987860
200,10104,80,306.2209428635,745.2454118596
200,10104,81,82.3351890527,715.3775183455
200,10104,82,321.4454540416,780.9673174775
200,10104,83,669.6558793550,59.1448602326
200,10104,84,737.2582026577,927.8486269075
200,10104,85,268.3039982311,244.1084965674
200,10104,86,800.3058405975,421.1383336166
200,10104,87,318.3063869152,933.5468053203
200,10104,88,897.6752789418,786.7801510056
200,10104,89,657.3189294786,361.8783349405
200,10104,90,153.3727985898,629.8359374783
200,10104,91,304.4526771472,301.5454887137
200,10104,92,627.8574343624,85.9681121314
200,10104,93,178.2695681876,307.9754114044
200,10104,94,857.3271441792,631.9016977234
200,10104,95,805.8069346020,224.4255972213
200,10104,96,416.0536430192,235.5399194080
200,10104,97,163.7598457516,217.3399747357
200,10104,98,815.3705737374,183.1846274803
200,10104,99,247.0552466227,337.2250869386
200,10104,100,664.2991033478,701.4944453062
200,10104,101,295.7305589728,804.6034296388
200,10104,102,226.1376442357,817.3414384654
200,10104,103,61.0388983369,208.9733661972
200,10104,104,246.3199407475,337.5841221196
200,10104,105,897.8931481349,241.9098704556
200,10104,106,944.3181641019,545.3519178553
200,10104,107,6.3135124615,837.8782421515
200,10104,108,353.7244928997,103.4400345716
200,10104,109,126.7433006611,651.7391990671
200,10104,110,253.2264912173,413.4750698536
200,10104,111,176.5413650898,557.7011724557
200,10104,112,428.4346313238,213.7239840978
200,10104,113,216.3892680015,404.8048269493
200,10104,114,274.1087639305,821.1865194632
200,10104,115,235.5700560225,982.6892883322
200,10104,116,743.9875755424,824.4955071047
200,10104,117,734.6078268190,527.9921228483
200,10104,118,903.6531090410,318.0040109176
200,10104,119,723.3615827114,580.0829486501
200,10104,120,819.1568860428,836.3069806484
200,10104,121,838.7601270817,757.9522816941
200,10104,122,58.0095465557,763.3110155659
200,10104,123,703.9644034047,25.9811656271
200,10104,124,553.8863151261,311.6736679211
200,10104,125,929.4143135881,769.5484927517
200,10104,126,618.2737621292,834.3376943140
200,10104,127,890.1721008396,390.9807588543
200,10104,128,958.1729994057,312.3212939197
200,10104,129,499.0661827332,685.0436386518
200,10104,130,261.9561580595,283.6183092103
200,10104,131,768.8594508623,272.3353252599
200,10104,132,250.3306619353,617.3491558558
200,10104,133,329.1433477300,308.2509764791
200,10104,134,876.0974386401,294.3561592676
200,10104,135,735.6930290053,665.1337161050
200,10104,136,188.1731382483,659.0260365461
200,10104,137,148.4273593957,783.1020293531
200,10104,138,653.1879097838,275.9141948288
200,10104,139,203.8457565930,704.1104948392
200,10104,140,778.9737802742,540.1822547176
200,10104,141,963.3093980058,880.1991233421
200,10104,142,167.2221391646,428.9990516372
200,10104,143,596.8281357429,766.8675237779
200,10104,144,259.3357710231,963.4069691833
200,10104,145,177.9645766115,669.6274761272
200,10104,146,890.0252590117,854.9359015322
200,10104,147,316.2578298322,865.6650344412
200,10104,148,376.8488498028,611.8644865130
200,10104,149,644.0631194616,329.0730765348
200,10104,150,624.6114982822,118.9559951069
200,10104,151,778.8640715962,733.3033273551
200,10104,152,924.0179387961,374.1615934369
200,10104,153,363.7687974462,739.4991829384
200,10104,154,251.5313580792,221.4025028798
200,10104,155,97.0672066614,900.7780317956
200,10104,156,776.0746274234,136.8317995805
200,10104,157,228.9608904749,328.5391049294
200,10104,158,679.1173072974,54.8504665942
200,10104,159,786.8619589740,290.5769880880
200,10104,160,172.1269290858,839.8576541034
200,10104,161,206.1042226620,473.1278583481
200,10104,162,298.5192084881,289.9277916633
200,10104,163,294.5683653635,675.0240726104
200,10104,164,693.2841524698,602.2953159422
200,10104,165,560.4368760904,250.1785765961
200,10104,166,315.9283681932,122.4518080143
200,10104,167,594.6907818345,250.6849483416
200,10104,168,269.8881623927,749.8093187888
200,10104,169,84.7604863346,981.0278240716
200,10104,170,229.9531242843,1000.0000000000
200,10104,171,432.3795710128,355.7325377479
200,10104,172,206.1950047038,787.8011007088
200,10104,173,622.5133187233,258.0040936912
200,10104,174,157.9319398192,358.6556286886
200,10104,175,433.0470573299,176.6758167342
200,10104,176,419.4607395788,73.5066910255
200,10104,177,817.4520155401,973.4386928404
200,10104,178,260.2656965861,395.6379988058
200,10104,179,808.2280506464,553.6727386135
200,10104,180,133.2183104037,311.3313101477
200,10104,181,810.2142580267,167.0285418233
200,10104,182,253.8077613897,781.0686375314
200,10104,183,816.3018162130,156.2410556140
200,10104,184,427.3835198071,222.3304201196
200,10104,185,166.7337009378,59.5976501855
200,10104,186,174.2110201959,689.8890549553
200,10104,187,796.7418608107,302.0912613784
200,10104,188,393.3353900923,615.4590930707
200,10104,189,718.7000348446,343.1248742689
200,10104,190,569.7046771382,50.8446517530
200,10104,191,658.0613916629,145.0559105820
200,10104,192,767.0617635804,558.3230482012
200,10104,193,365.5272656611,297.0503909573
200,10104,194,278.1222637905,881.5933253037
200,10104,195,73.1654831543,962.1345449023
200,10104,196,747.0561787025,777.8612611103
200,10104,197,903.6019437306,497.9144328171
200,10104,198,377.8881844103,75.7538541015
200,10104,199,809.2146569253,204.3883647084
200,10105,0,691.8132744231,205.6934949820
200,10105,1,190.4007603414,1000.0000000000
200,10105,2,348.3542714959,916.8390889320
200,10105,3,131.0005930580,296.5333738990
200,10105,4,751.1280185576,377.8842958727
200,10105,5,775.0928321982,91.5307603512
200,10105,6,767.3205650925,744.9735285243
200,10105,7,292.0488127527,237.2005958434
200,10105,8,923.5225063670,765.4122441629
200,10105,9,726.5935776427,790.1077674893
200,10105,10,448.4208618025,358.1215908532
200,10105,11,786.9485991318,494.2450596412
200,10105,12,592.8480424859,793.0035707889
200,10105,13,950.7767882668,632.3123431771
200,10105,14,268.0153404506,296.3585311756
200,10105,15,795.7531245099,179.9958620756
200,10105,16,320.8376075846,670.4743748501
200,10105,17,812.0425186120,463.1794183712
200,10105,18,621.8414306690,692.6611532372
200,10105,19,760.6943039005,629.3330227323
200,10105,20,647.2783200951,432.1139105086
200,10105,21,738.1554546597,97.4061094167
200,10105,22,38.5381682905,186.0750824844
200,10105,23,223.7807285999,718.8637219553
200,10105,24,358.7041995400,785.9110168579
200,10105,25,753.5933022490,618.0625372021
200,10105,26,347.5866040729,811.2469083685
200,10105,27,831.4749411823,675.2109382654
200,10105,28,365.5325552484,207.5840495718
200,10105,29,832.2690107354,754.9751404571
200,10105,30,224.8237255309,243.1158713926
200,10105,31,347.9306561974,260.4043209976
200,10105,32,316.4168966040,656.6490368861
200,10105,33,744.6751284246,397.6499066316
200,10105,34,259.6950436789,301.7411115985
200,10105,35,273.6992588006,967.1230256335
200,10105,36,256.9668143539,287.4986027116
200,10105,37,151.2724705490,659.3043183656
200,10105,38,808.2549766911,695.2141606085
200,10105,39,619.7844432619,108.0890176409
200,10105,40,535.8204036066,839.3904501853
200,10105,41,668.1525759304,702.7802369084
200,10105,42,687.3113703516,88.5011332900
200,10105,43,806.0320468074,814.7054406362
200,10105,44,459.7305816143,684.7946078574
200,10105,45,283.6099040321,671.9661813069
200,10105,46,780.2160962612,651.2097598104
200,10105,47,692.9796377162,742.2557065840
200,10105,48,415.5628209040,782.6355731302
200,10105,49,649.0631714944,737.0000928064
200,10105,50,900.0661354696,803.9868310715
200,10105,51,640.1553715321,719.1706265436
200,10105,52,395.5567246362,640.9187797146
200,10105,53,705.5799942386,223.4797616420
200,10105,54,875.1410534658,790.7297790569
200,10105,55,686.2890325094,178.6405414469
200,10105,56,216.7728626635,208.9217547422
200,10105,57,331.8155064065,970.3642211259
200,10105,58,811.3712487145,243.4322068488
200,10105,59,880.5865031407,381.3398614891
200,10105,60,717.6232940823,0.0000000000
200,10105,61,798.3615877748,815.9185887867
200,10105,62,631.5986531385,237.5815308934
200,10105,63,66.7892779467,772.8822585396
200,10105,64,649.9101782989,772.1535859764
200,10105,65,191.0857379194,187.0898238714
200,10105,66,274.4166179164,302.7189322464
200,10105,67,187.1065791178,754.2393444963
200,10105,68,754.0953529656,291.4992385541
200,10105,69,631.6367762109,688.3872107980
200,10105,70,477.2358665881,882.0288596963
200,10105,71,856.8369451201,683.0901197730
200,10105,72,271.1368941044,233.2817433135
200,10105,73,70.7130230709,816.2518382913
200,10105,74,975.8763870607,647.4826807076
200,10105,75,189.9898373604,243.3449982887
200,10105,76,486.8593323971,504.4849198791
200,10105,77,209.0399501309,740.4052800561
200,10105,78,767.8445810722,362.4151207944
200,10105,79,367.6082706002,264.3224778886
200,10105,80,841.9005155283,377.5569682083
200,10105,81,93.5689704641,560.1318104213
200,10105,82,716.4816515044,584.4004187721
200,10105,83,785.6076540379,188.3075228834
200,10105,84,585.6239670790,723.5193366450
200,10105,85,817.8029511457,372.3554166465
200,10105,86,852.8490872921,773.5102044390
200,10105,87,268.9895640622,283.5212685252
200,10105,88,95.6022445672,693.7516534587
200,10105,89,684.2497133233,726.7440297127
200,10105,90,249.8462580934,49.5517575771
200,10105,91,615.5439203801,861.7329272146
200,10105,92,427.4740604752,732.2797764199
200,10105,93,960.4908224570,366.2739560261
200,10105,94,762.4830594368,192.9800917452
200,10105,95,837.2197134168,857.9131230704
200,10105,96,88.7593400933,854.8545580945
200,10105,97,974.6084051903,596.7864610207
200,10105,98,437.2400791659,628.9520141696
200,10105,99,275.5868977153,308.8773925549
200,10105,100,259.1290408319,327.8211369143
200,10105,101,91.7547083681,788.9296927765
200,10105,102,869.9446819745,183.3524664105
200,10105,103,560.4213923670,346.8425143888
200,10105,104,419.1304443824,247.4622125279
200,10105,105,989.5688760826,721.8035156680
200,10105,106,236.6963765517,878.2629002476
200,10105,107,952.3840227843,400.4594418787
200,10105,108,221.0425493490,754.6308162860
200,10105,109,671.8039030528,875.1244903033
200,10105,110,265.5727093431,625.3144354988
200,10105,111,550.2869734167,599.3145592113
200,10105,112,746.0034738980,843.8290494110
200,10105,113,442.8692436214,188.9399990526
200,10105,114,934.9891995119,267.3964456990
200,10105,115,960.1870904298,35.5790555707
200,10105,116,712.3861619865,299.1818284300
200,10105,117,851.7043785476,711.1933602197
200,10105,118,520.8255342995,212.3587288727
200,10105,119,892.0306586164,633.5751159268
200,10105,120,596.1358602499,261.3200376084
200,10105,121,206.6942209499,905.6738006233
200,10105,122,190.1683373285,411.5318971229
200,10105,123,813.4242268331,369.1525331500
200,10105,124,560.6712742541,731.9024262717
200,10105,125,286.8621466522,365.9720159342
200,10105,126,782.0823804884,202.3224995690
200,10105,127,288.9010995914,573.6038767709
200,10105,128,260.7346009976,204.9141038744
200,10105,129,211.0769846633,799.2880218426
200,10105,130,291.1046469428,826.9368671714
200,10105,131,805.5963637263,640.4917707280
200,10105,132,794.8726844333,137.5424357412
200,10105,133,744.4616340171,256.0894927835
200,10105,134,860.5963882894,309.1968223860
200,10105,135,364.9111438442,67.1422009774
200,10105,136,169.0570617179,232.1657163423
200,10105,137,440.9272201879,803.8628541774
200,10105,138,821.8883402645,280.3926732569
200,10105,139,858.6224571900,404.2320388792
200,10105,140,284.2640058795,282.8230409712
200,10105,141,766.6230267798,0.0000000000
200,10105,142,293.9358445657,798.9641089049
200,10105,143,57.8371672189,158.3460457583
200,10105,144,611.8726778611,716.6928657833
200,10105,145,104.8734613191,612.4632845945
200,10105,146,442.5291639954,278.6722012744
200,10105,147,65.2666769045,829.8605138593
200,10105,148,324.3182127153,560.9094045663
200,10105,149,186.3981340452,175.6646509118
200,10105,150,507.2699231197,164.7358377070
200,10105,151,523.3182970773,773.4239085482
200,10105,152,722.2668117153,352.0393459919
200,10105,153,743.0947800837,740.6669665181
200,10105,154,681.3339380282,760.5088213291
200,10105,155,162.4503772110,748.8919704716
200,10105,156,273.7023774645,154.6771743698
200,10105,157,772.6218357109,807.9488903658
200,10105,158,86.1962713728,128.5635535964
200,10105,159,278.4990675090,414.4313456212
200,10105,160,849.1216302931,142.5560978201
200,10105,161,527.8113436227,827.9140301254
200,10105,162,686.0533097963,167.2778046692
200,10105,163,139.1417163182,288.9956191034
200,10105,164,784.9461608055,980.1130121129
200,10105,165,631.5690381812,538.7733810155
200,10105,166,1000.0000000000,310.1396760071
200,10105,167,871.8449746659,585.1171362251
200,10105,168,484.4396318544,888.0406904280
200,10105,169,730.0758631985,1000.0000000000
200,10105,170,478.2915539788,552.6559323428
200,10105,171,593.4949552530,285.9648993024
200,10105,172,339.4020533867,648.5022904043
200,10105,173,145.2352488212,150.2939557081
200,10105,174,98.5291126625,827.5958011606
200,10105,175,746.7791139033,419.6516420965
200,10105,176,132.0862411812,941.7733589357
200,10105,177,175.1156337059,197.1099691765
200,10105,178,279.6767313700,233.5249487038
200,10105,179,302.8481800547,138.9787759760
200,10105,180,351.3666963252,234.1084321178
200,10105,181,243.3849835865,299.9990699633
200,10105,182,417.6181087216,452.4162638947
200,10105,183,176.6511094502,135.5337612472
200,10105,184,568.2741588234,701.4154558166
200,10105,185,111.6688438847,583.2113529474
200,10105,186,414.6174521688,236.7139639150
200,10105,187,481.9636090115,657.3905906789
200,10105,188,453.9456503019,149.0521390430
200,10105,189,379.0591420602,258.3264420957
200,10105,190,62.7115161960,956.0050400067
200,10105,191,744.1617224333,267.3482374792
200,10105,192,1000.0000000000,394.2865958971
200,10105,193,765.5949196322,207.3203126301
200,10105,194,268.5742966044,738.1379178179
200,10105,195,170.9928054240,678.5299040069
200,10105,196,40.6628644186,425.3888720890
200,10105,197,891.1778048697,768.9812902081
200,10105,198,675.7267148008,879.8883396672
200,10105,199,791.5095696697,853.1660666118
200,10106,0,386.8120069529,435.2851485128
200,10106,1,614.5069984220,341.7031611728
200,10106,2,642.2781138380,556.6585993619
200,10106,3,629.7734439642,795.8476120328
200,10106,4,496.1761384641,126.2627847352
200,10106,5,642.3496352123,926.2150459514
200,10106,6,217.0735345874,844.4135639426
200,10106,7,831.6466090779,392.1495101712
200,10106,8,696.6238145886,160.5587336994
200,10106,9,447.1623572667,694.2965017156
200,10106,10,673.2474700587,247.8065532738
200,10106,11,292.9244188209,350.3475586329
200,10106,12,687.1905471703,706.0163590040
200,10106,13,27.9649468624,850.4659653569
200,10106,14,268.8487216398,64.1084782690
200,10106,15,793.2287284021,294.9019144602
200,10106,16,104.3171547036,339.1132596250
200,10106,17,770.9743284230,173.2359324558
200,10106,18,121.8869548175,285.5594635567
200,10106,19,802.3889502500,410.9635155424
200,10106,20,151.3635013357,214.0230756841
200,10106,21,683.6003608684,298.2655088423
200,10106,22,866.9157373278,722.9202295471
200,10106,23,418.5802916448,708.8019551317
200,10106,24,665.0747583723,407.2122625053
200,10106,25,783.0479179982,713.9283550085
200,10106,26,343.9144881252,447.6821382330
200,10106,27,297.0248631840,432.9841229739
200,10106,28,324.3769531581,254.6696650629
200,10106,29,504.2656705094,754.5239318679
200,10106,30,312.0535566947,578.1319684390
200,10106,31,253.1802473664,513.2505533410
200,10106,32,711.1129236743,110.3141069167
200,10106,33,280.0417755242,196.8500961676
200,10106,34,8.3426301405,851.5121657516
200,10106,35,559.0491863546,173.2547100391
200,10106,36,771.4260141129,786.8439777562
200,10106,37,568.0397670522,333.5128161812
200,10106,38,381.4545947139,657.0794384525
200,10106,39,792.8394834968,737.1392215459
200,10106,40,242.9121738769,401.3827002748
200,10106,41,224.2536864623,259.1231744860
200,10106,42,779.3268422322,687.4670209069
200,10106,43,210.7955697332,444.7509354251
200,10106,44,674.6113542640,355.9180274521
200,10106,45,849.6448397070,315.2893513246
200,10106,46,801.6163981634,176.1100498782
200,10106,47,825.6953483236,222.3742419862
200,10106,48,694.0061179427,454.9323371704
200,10106,49,590.3700818034,585.3328386717
200,10106,50,164.2297026824,698.7252974718
200,10106,51,861.6149325951,782.2749443542
200,10106,52,750.9489865314,783.8893923981
200,10106,53,433.7996542639,125.7051098193
200,10106,54,611.8895397556,127.4046295838
200,10106,55,384.0870140994,878.9419700889
200,10106,56,931.9710415148,787.9770516587
200,10106,57,804.6931770922,800.3986052803
200,10106,58,161.1780518900,163.7298181820
200,10106,59,726.2607318769,326.8238199501
200,10106,60,231.4366223533,342.3981060678
200,10106,61,281.2828326327,676.0456895961
200,10106,62,791.7557163355,277.7038246640
200,10106,63,305.8884357475,880.2399018443
200,10106,64,347.7212636135,276.4992238217
200,10106,65,767.5909816004,648.1570088402
200,10106,66,152.8535331227,225.3689164082
200,10106,67,223.8282022978,768.8864120538
200,10106,68,286.5742417649,281.1114293081
200,10106,69,333.9431809047,674.0647990425
200,10106,70,239.0100672569,169.3144010678
200,10106,71,838.1897946227,760.3110829546
200,10106,72,292.5315649226,65.0818714787
200,10106,73,679.6546192755,751.4029959961
200,10106,74,801.4002407037,702.2148841285
200,10106,75,759.5995584128,231.2257098333
200,10106,76,751.9419014058,323.3697055888
200,10106,77,172.3700418540,734.1402003223
200,10106,78,703.9776466790,867.2284208860
200,10106,79,223.2774011899,667.3033146979
200,10106,80,235.1995461736,284.3811083244
200,10106,81,749.3462651717,190.1892097751
200,10106,82,548.5987756147,792.7983884264
200,10106,83,900.1833453325,231.0964736141
200,10106,84,788.1385317470,599.3368415144
200,10106,85,502.9189932517,458.3863459365
200,10106,86,465.6743909832,511.4890914515
200,10106,87,821.3403598558,339.2421396368
200,10106,88,909.3090908266,327.8296838656
200,10106,89,747.5152959485,37.5801519963
200,10106,90,429.3149381640,526.3049786695
200,10106,91,215.5342479554,696.6875049835
200,10106,92,683.3291140605,891.2439310541
200,10106,93,266.0966277451,614.5787218998
200,10106,94,198.4962610804,87.3159676553
200,10106,95,109.6649052736,438.1621746599
200,10106,96,358.7498682691,53.0408176194
200,10106,97,248.1545452771,910.3995142824
200,10106,98,360.6126373268,709.4625099203
200,10106,99,773.8704310215,770.8233967236
200,10106,100,289.9560588205,712.8969907625
200,10106,101,257.5985207821,715.1637299893
200,10106,102,540.5328015415,204.1003900435
200,10106,103,654.8533855514,967.3416015187
200,10106,104,744.9259834366,558.2914506845
200,10106,105,829.2387865525,235.5924774116
200,10106,106,600.4068859952,7.6421460316
200,10106,107,263.2425461397,4.4642809409
200,10106,108,845.1246943341,320.4644995041
200,10106,109,374.4419329503,309.2074230047
200,10106,110,806.6866328119,17.2672925155
200,10106,111,242.3512505306,249.3339409377
200,10106,112,528.1213646190,184.7791285121
200,10106,113,43.2410660879,59.7690486376
200,10106,114,291.4758896794,176.5880062951
200,10106,115,706.4827682282,753.5794105338
200,10106,116,206.0481482260,265.8213555409
200,10106,117,894.2246953045,935.9068569215
200,10106,118,794.7843555090,245.9183780942
200,10106,119,934.2800885155,817.8962098446
200,10106,120,855.1303015631,570.0139448599
200,10106,121,484.8632943453,120.8463767955
200,10106,122,359.8499092142,858.3852746905
200,10106,123,711.3745586267,210.6116272699
200,10106,124,594.7111045184,166.1522124901
200,10106,125,203.2123333690,291.3874783248
200,10106,126,718.5478782017,919.6520502498
200,10106,127,595.6704371434,807.0293359679
200,10106,128,642.7346340158,730.8575700611
200,10106,129,802.4271078972,348.9496631318
200,10106,130,324.8985475468,350.6658968646
200,10106,131,39.7527904332,235.2611719629
200,10106,132,325.2138433973,170.3913234852
200,10106,133,122.4249365064,607.2749158403
200,10106,134,343.7157469307,320.4841149417
200,10106,135,862.1713952749,217.5175277863
200,10106,136,207.5815542514,775.4467543602
200,10106,137,203.6054867930,695.5438243609
200,10106,138,225.0513377600,205.3425578337
200,10106,139,208.4812440568,161.6027815299
200,10106,140,830.6060224073,754.5798982569
200,10106,141,510.1181496890,856.4974570333
200,10106,142,391.3707656441,202.3937038469
200,10106,143,235.7210976363,727.7637013114
200,10106,144,291.0406082780,177.8116260316
200,10106,145,193.2198746511,704.3773958908
200,10106,146,455.2084564268,175.6417888437
200,10106,147,738.8371771762,213.4032928129
200,10106,148,251.3587613978,528.5590999264
200,10106,149,791.5302302562,709.3833920304
200,10106,150,241.1810961802,821.0531682980
200,10106,151,911.2756828169,803.1754112021
200,10106,152,517.9591687701,270.6995250116
200,10106,153,684.5029746426,909.7676654875
200,10106,154,784.0448895763,841.2147473465
200,10106,155,626.1390901031,121.5423410914
200,10106,156,270.4039493622,673.5387362532
200,10106,157,781.2433995763,769.7930587595
200,10106,158,549.9641432351,739.2498781410
200,10106,159,724.6304221463,810.9498636224
200,10106,160,126.5642524005,375.7290968641
200,10106,161,557.0539309457,477.1780264309
200,10106,162,809.7144881970,378.8672252388
200,10106,163,888.0563120512,301.6184809853
200,10106,164,253.8543403121,190.9628607767
200,10106,165,642.1146435171,426.6758495599
200,10106,166,251.5767165013,852.7778730722
200,10106,167,341.1269646391,1000.0000000000
200,10106,168,899.0641306266,41.9250732252
200,10106,169,260.4341896028,269.0874285028
200,10106,170,775.5903472649,239.5893473083
200,10106,171,817.4977260737,649.9819952422
200,10106,172,625.0072750139,438.4697800844
200,10106,173,252.1494087933,87.5518928706
200,10106,174,547.0400564766,766.1064384734
200,10106,175,116.5706239575,690.5791074360
200,10106,176,819.2343267412,52.6946130087
200,10106,177,925.3734193583,241.6541049848
200,10106,178,126.3164247126,160.2762422037
200,10106,179,542.9739108871,861.1686563630
200,10106,180,680.4448732493,237.8760789793
200,10106,181,664.6164807157,526.3557716713
200,10106,182,950.3547804131,814.0220861438
200,10106,183,594.6405633473,778.9873081131
200,10106,184,344.5446364863,235.8829767596
200,10106,185,62.8271450906,122.4803153394
200,10106,186,554.1535790921,464.8381569600
200,10106,187,245.2678383653,84.4134037046
200,10106,188,1000.0000000000,704.4034685919
200,10106,189,718.6508370412,591.4439785692
200,10106,190,482.4775208043,423.3169989312
200,10106,191,394.8377651894,220.3517785404
200,10106,192,686.8263419866,805.0243404036
200,10106,193,567.6301191242,190.8372056646
200,10106,194,625.9531102433,156.7409051692
200,10106,195,384.5274960499,612.9205094717
200,10106,196,527.2319186291,234.2117192395
200,10106,197,761.6593561484,790.5247636241
200,10106,198,788.2472362173,660.9645944273
200,10106,199,605.0916252578,265.7888200593
200,10107,0,700.3027052978,614.7948101975
200,10107,1,651.8267961306,234.3582543601
200,10107,2,871.5955303059,981.4237097212
200,10107,3,628.5485753321,795.1447603902
200,10107,4,649.5931989416,674.0000972261
200,10107,5,990.5331703747,74.3105340422
200,10107,6,659.1152579580,121.8950728067
200,10107,7,200.0833073122,796.2277893953
200,10107,8,120.1688964162,551.7539228325
200,10107,9,132.1836285280,686.8805364187
200,10107,10,385.2012194927,686.0545855224
200,10107,11,381.1986564087,419.7201348187
200,10107,12,733.2454298343,545.8245605502
200,10107,13,993.4877994150,169.4071160935
200,10107,14,192.5841354699,338.9993410237
200,10107,15,721.8321570927,266.9272346168
200,10107,16,1000.0000000000,676.4497097489
200,10107,17,135.5486204693,857.5530135113
200,10107,18,678.1682165403,353.0389797692
200,10107,19,93.1425250158,570.3291119396
200,10107,20,601.1914667620,343.0370362733
200,10107,21,970.2224552218,340.8236014454
200,10107,22,16.3927663058,967.0934808118
200,10107,23,230.5161531710,836.9995824447
200,10107,24,0.0000000000,47.9004645711
200,10107,25,936.4369487193,728.5280076372
200,10107,26,238.7638850161,840.6706669762
200,10107,27,667.6832495988,110.6099682931
200,10107,28,504.1853790555,381.5093944743
200,10107,29,399.7524984887,735.3956187763
200,10107,30,851.2930757724,295.9499301251
200,10107,31,602.9906650615,269.2203346095
200,10107,32,586.0605394288,678.8300304458
200,10107,33,591.5286153480,853.3566233626
200,10107,34,139.6784129733,92.1368339440
200,10107,35,399.0370989987,124.9863066446
200,10107,36,785.7026634913,780.1230872446
200,10107,37,751.1089981209,783.6135921693
200,10107,38,1000.0000000000,87.0163717948
200,10107,39,230.4396074135,371.7164019119
200,10107,40,330.9337114539,793.0805618479
200,10107,41,174.6645432735,446.3080768912
200,10107,42,916.6668015473,194.1242804361
200,10107,43,165.1747231435,292.0065861999
200,10107,44,748.4714502411,702.5659611839
200,10107,45,645.3008878110,361.5858090747
200,10107,46,310.6334439363,204.1053415164
200,10107,47,682.6369935538,824.3809298488
200,10107,48,0.0000000000,150.7618341754
200,10107,49,738.7118722428,634.0219799994
200,10107,50,1000.0000000000,562.0460448930
200,10107,51,636.6388874146,716.2521799761
200,10107,52,649.8082030596,683.3037927183
200,10107,53,273.6075418270,899.6463789074
200,10107,54,868.2310837129,1000.0000000000
200,10107,55,201.8727959369,210.3173496662
200,10107,56,659.1464447766,797.2265028793
200,10107,57,385.3017184107,288.0022373229
200,10107,58,235.5205693622,436.0768133478
200,10107,59,565.5440170597,285.2220516503
200,10107,60,833.5391712621,604.3615602751
200,10107,61,171.9199205283,260.8180939110
200,10107,62,149.4573945481,67.5746399572
200,10107,63,330.0227054248,684.4297129371
200,10107,64,176.6594782416,182.0533018633
200,10107,65,856.4704290234,195.1216414492
200,10107,66,859.7542251757,168.2085985626
200,10107,67,641.6792023313,1000.0000000000
200,10107,68,303.5846688829,746.6357528029
200,10107,69,784.3017580288,335.9173991728
200,10107,70,879.5843903315,273.6129091526
200,10107,71,278.3094090187,278.7029667709
200,10107,72,197.1183567991,140.3745567903
200,10107,73,596.1113978873,199.9789876232
200,10107,74,811.1117215260,637.8499626602
200,10107,75,927.5286617548,445.9481897315
200,10107,76,177.7582247093,836.3930120865
200,10107,77,143.7911196219,731.4661012802
200,10107,78,641.3004544093,335.3004619874
200,10107,79,215.0606597415,282.2951091534
200,10107,80,606.1269263113,769.3436678474
200,10107,81,819.6465062888,161.5631786817
200,10107,82,173.6797332352,616.2940431182
200,10107,83,446.5549605749,951.1304760971
200,10107,84,886.7316426690,797.8024349340
200,10107,85,147.0150467328,667.4792279406
200,10107,86,196.3871266253,90.8930923273
200,10107,87,883.8593968812,871.5570485033
200,10107,88,87.7032993437,148.3134329120
200,10107,89,368.4175476156,704.9722354888
200,10107,90,312.4762342615,236.1214197910
200,10107,91,897.4013045522,177.9878073803
200,10107,92,174.4255081592,136.8947800006
200,10107,93,701.0096138237,763.4563872628
200,10107,94,197.6384252522,701.9907168468
200,10107,95,172.3347108999,718.0043178659
200,10107,96,745.8402598799,1000.0000000000
200,10107,97,674.5875063570,195.9747602581
200,10107,98,1000.0000000000,713.1192637170
200,10107,99,1000.0000000000,825.8555473481
200,10107,100,739.2146654409,747.9169420554
200,10107,101,358.1549499994,835.7815512563
200,10107,102,285.0252798753,297.8368129896
200,10107,103,323.5799819411,512.3578014626
200,10107,104,383.8961625918,241.8769880016
200,10107,105,394.3403503685,214.2855100028
200,10107,106,371.1985126743,295.8194114986
200,10107,107,43.0103623631,871.6495665861
200,10107,108,723.0362768190,554.5611732712
200,10107,109,791.5244955242,128.6166288130
200,10107,110,785.4596270758,153.9278615567
200,10107,111,696.4848346776,277.3630561220
200,10107,112,813.6067854237,641.1992076251
200,10107,113,237.0165768148,307.1510339339
200,10107,114,633.1253013759,591.7795403881
200,10107,115,309.4824406357,793.4994671838
200,10107,116,225.7360209083,744.3996347315
200,10107,117,183.3588604196,844.2004682890
200,10107,118,656.6670730377,283.5162304625
200,10107,119,787.3353865816,957.3705478281
200,10107,120,916.7780800075,604.2028347602
200,10107,121,310.8989815515,167.3917036695
200,10107,122,378.4252304425,200.4609220352
200,10107,123,920.0119848483,344.8091504768
200,10107,124,647.4779246499,622.1039191318
200,10107,125,37.0022908950,152.2916050709
200,10107,126,733.0670224022,176.2495807921
200,10107,127,869.5811296064,340.0812893941
200,10107,128,230.5711196032,912.1292486372
200,10107,129,907.2210736377,238.6451360158
200,10107,130,866.8078926527,366.0933583219
200,10107,131,273.3170439975,818.0745471708
200,10107,132,838.5856021361,708.6619809624
200,10107,133,854.3026484441,674.6101236224
200,10107,134,326.1182473655,328.0996068872
200,10107,135,1000.0000000000,377.7507875250
200,10107,136,170.5624465125,533.4526675514
200,10107,137,268.2516594960,907.1497560914
200,10107,138,698.0888214417,1000.0000000000
200,10107,139,811.5735522389,977.4101853911
200,10107,140,835.4448272594,684.9635886787
200,10107,141,461.3976465572,917.4690069818
200,10107,142,273.0161654284,468.8578193426
200,10107,143,248.5340485976,157.8967663605
200,10107,144,439.3414613699,443.8977584260
200,10107,145,618.0357258214,660.6482209073
200,10107,146,916.3091976249,63.3655492937
200,10107,147,858.3553991060,229.8473030777
200,10107,148,163.4762280994,521.5303838725
200,10107,149,461.1142462567,938.9234173467
200,10107,150,646.9962257973,184.4132907496
200,10107,151,156.0417423587,164.2156265936
200,10107,152,200.1467732756,645.0111956854
200,10107,153,347.1237657108,234.7545278225
200,10107,154,353.7109768787,684.6040174903
200,10107,155,751.3391174670,193.6900417428
200,10107,156,765.5967146170,195.3168249202
200,10107,157,562.7028403581,728.3197950688
200,10107,158,80.2374702505,849.6395390345
200,10107,159,105.3596542447,851.2047981838
200,10107,160,904.4991927801,602.1685725714
200,10107,161,619.3081714636,0.0000000000
200,10107,162,711.6832080127,70.0278139786
200,10107,163,660.6911460669,592.8400692130
200,10107,164,217.3789999145,362.9740197752
200,10107,165,930.7477430748,756.6226288690
200,10107,166,568.8588363557,798.4869957431
200,10107,167,181.4596767618,225.1789712862
200,10107,168,715.3069577910,976.6890369253
200,10107,169,285.1671970972,769.6644701030
200,10107,170,242.1346551595,795.7981641842
200,10107,171,262.6729751887,329.6384090690
200,10107,172,283.9152416095,179.5890773603
200,10107,173,385.2139294582,128.0147597989
200,10107,174,509.5141219693,171.5758091895
200,10107,175,840.6907561815,665.2001867087
200,10107,176,725.8751757175,943.7637447213
200,10107,177,217.6873085582,777.7760082797
200,10107,178,241.1947539866,295.4500044278
200,10107,179,349.8598808416,764.1676269457
200,10107,180,266.1215877271,758.8209372297
200,10107,181,880.4656299593,362.1048367797
200,10107,182,920.4310778950,204.5898914432
200,10107,183,213.5349612151,929.0127352419
200,10107,184,404.5092077316,727.4742020430
200,10107,185,24.3972011664,675.7586719925
200,10107,186,748.8211700058,652.4202797743
200,10107,187,645.6266344037,215.0751822536
200,10107,188,777.2198416639,253.5216305750
200,10107,189,69.9694474004,838.0385888420
200,10107,190,907.3009881724,0.0000000000
200,10107,191,223.8688868644,220.7092485505
200,10107,192,206.1763431309,623.6388479311
200,10107,193,218.2772554371,861.4652228210
200,10107,194,733.0771081602,307.3271170224
200,10107,195,291.3018709518,793.9509405949
200,10107,196,621.8775816656,107.3246454852
200,10107,197,622.7085956929,855.9029339031
200,10107,198,243.7788051086,770.6940906288
200,10107,199,780.4444296667,567.7038530239
200,10108,0,755.2573333635,826.6810878321
200,10108,1,49.4164509351,0.0000000000
200,10108,2,72.7352782504,0.0000000000
200,10108,3,627.3318145212,794.4227632755
200,10108,4,199.0524168628,1000.0000000000
200,10108,5,687.0541931098,765.3700531585
200,10108,6,986.8771773028,750.2271032190
200,10108,7,598.1487399343,646.5873215431
200,10108,8,917.1401883863,712.5683970202
200,10108,9,271.5329821274,816.8118138606
200,10108,10,594.0591804334,951.4872511704
200,10108,11,823.0789187682,806.5593426857
200,10108,12,829.5465057118,672.1437290981
200,10108,13,0.0000000000,307.9227052378
200,10108,14,498.2167022816,105.8446349098
200,10108,15,659.6038536967,0.0000000000
200,10108,16,657.1264427816,246.3295848779
200,10108,17,540.8822968020,689.7006750059
200,10108,18,259.7426310897,867.8941235839
200,10108,19,297.5534231668,272.9615308753
200,10108,20,209.1622075529,1000.0000000000
200,10108,21,727.0919680710,107.9741537911
200,10108,22,294.8098608615,605.5778502545
200,10108,23,73.2995730914,606.9594290312
200,10108,24,822.7397087366,685.8048570633
200,10108,25,838.9115592327,810.7747881079
200,10108,26,632.6323697230,392.1770100799
200,10108,27,170.0901179838,220.2268855942
200,10108,28,868.2536354103,396.5973012892
200,10108,29,168.5554852338,764.4861388026
200,10108,30,740.9278148317,766.3936624312
200,10108,31,232.7430932374,681.8279975803
200,10108,32,552.1900625428,353.0161911765
200,10108,33,351.1500086873,739.9004915745
200,10108,34,351.8135864452,640.3574202649
200,10108,35,787.9142753378,930.2869308193
200,10108,36,297.3242621253,767.6839341242
200,10108,37,849.5330389430,287.9562744237
200,10108,38,361.0890029631,211.1146137455
200,10108,39,85.5597231736,634.9881588046
200,10108,40,491.3341946436,70.5117608463
200,10108,41,321.7371616192,382.0710716438
200,10108,42,813.3956684851,783.4337896369
200,10108,43,559.6937178005,157.4783686889
200,10108,44,368.5609135166,895.7731375126
200,10108,45,134.4398068738,96.0440104778
200,10108,46,306.8032356952,730.2266734625
200,10108,47,779.5507062744,134.7498119677
200,10108,48,774.0458958564,694.8422562570
200,10108,49,894.3369145668,527.6722061663
200,10108,50,137.1437914644,99.9462767258
200,10108,51,865.0956740852,785.2515685072
200,10108,52,436.8050834881,177.9001753974
200,10108,53,156.6514943201,223.0070362780
200,10108,54,748.3279405997,174.8390691436
200,10108,55,874.5953598329,337.7142167185
200,10108,56,354.4416625535,507.2563082902
200,10108,57,467.1782299777,206.6273733857
200,10108,58,549.0921683112,38.4103625189
200,10108,59,698.2205437302,185.6078854635
200,10108,60,0.0000000000,977.9560794394
200,10108,61,298.3482491272,810.3617615965
200,10108,62,253.0475209059,385.8182182856
200,10108,63,200.3326932787,715.7701064340
200,10108,64,783.0215080541,343.0192831145
200,10108,65,372.7772755118,308.9649199550
200,10108,66,742.6808750676,426.6147803872
200,10108,67,789.4820306926,979.8951362793
200,10108,68,789.7572009771,206.5048454614
200,10108,69,180.3611217530,251.7095385062
200,10108,70,661.5116982699,413.6580239566
200,10108,71,274.8357647855,491.2496059534
200,10108,72,702.7822180640,727.4234209119
200,10108,73,223.9749883309,730.2775934692
200,10108,74,782.9589574794,564.6969088391
200,10108,75,47.0014703026,829.6496621630
200,10108,76,601.7811346446,772.5965249092
200,10108,77,116.5104793491,730.6170631244
200,10108,78,100.5839124599,270.1180923101
200,10108,79,999.6633650263,852.9095383580
200,10108,80,21.9254474240,464.2445018589
200,10108,81,907.2778091599,213.9210140688
200,10108,82,325.5028551116,167.7791073645
200,10108,83,234.3691172890,854.8208731340
200,10108,84,694.5511898488,872.6700115194
200,10108,85,879.4649146435,501.8684109602
200,10108,86,155.1942457152,732.1980381110
200,10108,87,565.9535920685,456.1544603898
200,10108,88,413.3629127591,378.0955835117
200,10108,89,278.4361654352,282.7362869006
200,10108,90,845.0295053741,796.8331656487
200,10108,91,266.5084914924,297.4242779249
200,10108,92,866.5458951656,244.3416694146
200,10108,93,362.6779621246,396.8642144264
200,10108,94,71.9135007317,210.1886486871
200,10108,95,772.2384869405,593.0366217534
200,10108,96,735.1112494927,221.0322965624
200,10108,97,508.1246609946,158.9792785788
200,10108,98,891.2971753799,763.2603007489
200,10108,99,974.9315601965,711.4148111295
200,10108,100,362.4747877150,488.2806368550
200,10108,101,3.4902723082,867.3432430494
200,10108,102,261.6160789045,122.8159145879
200,10108,103,1000.0000000000,458.5008478474
200,10108,104,757.7688096632,331.6041852773
200,10108,105,481.2723061630,677.1234569559
200,10108,106,474.8886058608,833.5693547285
200,10108,107,960.8903643447,352.9293051978
200,10108,108,216.7942508378,792.8533694750
200,10108,109,133.8717454518,724.6466655233
200,10108,110,339.7690361841,72.5078194762
200,10108,111,205.0843764664,825.1658028545
200,10108,112,757.6653152371,257.4651190691
200,10108,113,844.8500430483,720.9691670867
200,10108,114,159.1683025191,769.9217972610
200,10108,115,728.2326781904,155.2772080579
200,10108,116,28.8399778521,22.5602590239
200,10108,117,12.3593015179,671.1401803911
200,10108,118,868.5393883616,169.1399841696
200,10108,119,77.4509297155,898.0932985276
200,10108,120,168.3581423931,236.6709231599
200,10108,121,870.8408407954,878.7892772680
200,10108,122,256.8048010724,628.5916682778
200,10108,123,638.7946436994,224.8935756978
200,10108,124,708.5808866844,103.6117669848
200,10108,125,252.1404478403,92.7866092085
200,10108,126,862.9377022551,903.3824712061
200,10108,127,260.1100885541,614.7089840191
200,10108,128,991.8062026114,265.0418629802
200,10108,129,322.7507540337,46.3059359164
200,10108,130,923.2648549953,877.2190917768
200,10108,131,361.9271941109,149.8764391443
200,10108,132,835.3373422772,744.9214157283
200,10108,133,284.7382697214,310.3197150762
200,10108,134,308.4809144693,332.0300930896
200,10108,135,306.8138297326,885.5406648961
200,10108,136,353.3788120237,946.6615954871
200,10108,137,947.4859926105,0.0000000000
200,10108,138,929.3324599399,580.5025768254
200,10108,139,238.6260237216,623.8647228627
200,10108,140,278.0246548993,620.3241256165
200,10108,141,301.6361329518,0.0000000000
200,10108,142,154.1718814370,199.1090738749
200,10108,143,321.1020610417,631.1150461724
200,10108,144,600.7457247099,330.1832823818
200,10108,145,740.8991904919,744.8651805069
200,10108,146,320.9934702139,450.2937541723
200,10108,147,762.2685347711,420.7834432650
200,10108,148,65.1489410193,543.5957908536
200,10108,149,624.0087227716,411.1878511295
200,10108,150,396.3436910976,158.1914762089
200,10108,151,284.3194306158,329.0545363094
200,10108,152,430.1274595541,565.3963921424
200,10108,153,73.7773383188,41.0550594648
200,10108,154,647.1753018519,143.4819495478
200,10108,155,358.7422698052,147.4580355386
200,10108,156,756.4526314154,728.7578541162
200,10108,157,941.3685129835,87.7200350605
200,10108,158,164.8771517872,923.7303688449
200,10108,159,174.0662303632,753.3801774029
200,10108,160,43.3705065982,935.7680365760
200,10108,161,1000.0000000000,248.2610460599
200,10108,162,746.4523265700,496.6735009132
200,10108,163,209.8588268762,471.2512897381
200,10108,164,832.6962909509,97.5436908393
200,10108,165,177.3367853015,608.7589656963
200,10108,166,222.7869920640,201.1134629528
200,10108,167,346.1467813671,686.6595281804
200,10108,168,684.6556018891,51.4329821737
200,10108,169,803.0492313178,747.3020809987
200,10108,170,704.9782060645,710.0049958922
200,10108,171,238.4727687299,741.0218295474
200,10108,172,203.2961391309,394.6261699272
200,10108,173,954.1913321387,768.2941039637
200,10108,174,731.5804767375,734.1788464197
200,10108,175,285.3299610740,346.2317392043
200,10108,176,733.5764545013,67.8659413073
200,10108,177,776.4137365471,618.3965315643
200,10108,178,405.0212007164,211.2323845947
200,10108,179,608.8017359976,111.8019711276
200,10108,180,587.8908523414,573.1948136919
200,10108,181,127.4372066274,223.3895558542
200,10108,182,350.3712387361,140.2341761765
200,10108,183,427.2467141053,367.7454531285
200,10108,184,490.1280442496,215.7908946121
200,10108,185,499.9167792916,240.5968124461
200,10108,186,364.8057118169,370.0299577699
200,10108,187,220.9723730714,786.3259482877
200,10108,188,805.7137938729,775.0678259411
200,10108,189,921.6773622129,447.9448955684
200,10108,190,457.9771670696,610.3730138760
200,10108,191,701.4493697342,898.6858592018
200,10108,192,438.3317501199,259.1797483242
200,10108,193,275.9432739176,756.3717166281
200,10108,194,927.4215383751,237.4255726243
200,10108,195,140.8670603820,844.5409179521
200,10108,196,256.0732406895,583.3732384578
200,10108,197,684.8389760012,717.4508741780
200,10108,198,285.6455037901,552.2329653595
200,10108,199,468.2816625065,852.5744893526
200,10109,0,300.6113364155,518.6060178707
200,10109,1,766.3885413483,574.2828743615
200,10109,2,271.3724182426,296.0072010732
200,10109,3,626.1118554044,793.6858231723
200,10109,4,869.5902974858,217.3734958881
200,10109,5,853.6266989708,265.8592823461
200,10109,6,211.8166829141,803.5807627276
200,10109,7,281.7087546974,168.7737382113
200,10109,8,173.8573407311,682.6716747229
200,10109,9,853.2234259731,39.2252141725
200,10109,10,767.0553824556,660.5888283496
200,10109,11,424.8968056370,824.9324632199
200,10109,12,526.8370267862,778.7139582357
200,10109,13,1000.0000000000,718.0915339047
200,10109,14,95.8381868483,258.4033930862
200,10109,15,486.1366903884,228.6612361845
200,10109,16,897.3835507591,801.0828349986
200,10109,17,148.7121295156,713.5613249030
200,10109,18,827.5618363600,829.3673638580
200,10109,19,144.0626625299,745.0399522101
200,10109,20,828.0420667216,825.0475197057
200,10109,21,195.4773919709,296.9586384705
200,10109,22,763.5497151692,310.5568500321
200,10109,23,364.9928849666,697.2226458013
200,10109,24,332.5517677972,885.5977677698
200,10109,25,826.5565442370,1000.0000000000
200,10109,26,688.7897155731,769.8702621710
200,10109,27,528.8940690667,824.3153533168
200,10109,28,785.5315921097,381.4289444177
200,10109,29,488.4756854975,687.8780473802
200,10109,30,99.9825711588,650.6743715381
200,10109,31,445.5125454873,675.0988395710
200,10109,32,185.2549723766,568.1556458865
200,10109,33,15.0201508157,156.4474766626
200,10109,34,846.8840251032,807.5661812623
200,10109,35,82.3146037605,701.1280402204
200,10109,36,804.1084353860,250.7781908387
200,10109,37,364.0983417362,130.3886024187
200,10109,38,953.5677548501,709.3049270103
200,10109,39,797.0243055990,723.7172157552
200,10109,40,215.4304821757,577.0739278063
200,10109,41,849.6505477447,271.1760522425
200,10109,42,298.7614964729,421.5847408513
200,10109,43,228.8562489263,648.7845394517
200,10109,44,644.0965753045,224.3986578330
200,10109,45,475.3103271132,135.4488685695
200,10109,46,790.0506114764,249.1167018434
200,10109,47,781.8832662906,883.7975497340
200,10109,48,336.4086562538,795.3377573814
200,10109,49,874.4169964212,708.4743813597
200,10109,50,803.9824207457,861.3612217360
200,10109,51,633.1920720383,713.2171089710
200,10109,52,736.0101673323,305.5341852310
200,10109,53,261.1154094287,737.3171307039
200,10109,54,202.4682544329,365.9447468701
200,10109,55,460.7041315040,577.6566386919
200,10109,56,789.8917288451,389.3565192748
200,10109,57,801.6399991706,209.2678245890
200,10109,58,656.1656992846,724.8443182570
200,10109,59,325.0204044885,74.9906446990
200,10109,60,850.9158334387,206.7638073783
200,10109,61,276.5575998334,178.9703179956
200,10109,62,282.2325141631,184.7546089037
200,10109,63,163.0356132387,1000.0000000000
200,10109,64,763.7413375677,153.5437940256
200,10109,65,780.3503349249,900.1721089341
200,10109,66,76.0481033417,596.3631237478
200,10109,67,883.9874830299,900.3625815886
200,10109,68,248.2866360543,186.1902101323
200,10109,69,762.8697841704,712.5436050340
200,10109,70,50.1770935987,539.6353412473
200,10109,71,150.9666071041,403.3807977818
200,10109,72,546.8587993761,797.4617236046
200,10109,73,674.3669628824,636.5718958303
200,10109,74,199.8875138293,411.2741286751
200,10109,75,247.7720910301,562.6061393961
200,10109,76,87.2821061089,145.2912381791
200,10109,77,587.6151705285,731.1718857288
200,10109,78,98.7828585512,686.5128537362
200,10109,79,741.3039849992,45.8379851986
200,10109,80,796.7075298145,124.8588823689
200,10109,81,454.5938085539,349.4678299885
200,10109,82,310.1707534460,777.8538956896
200,10109,83,84.3399910201,840.6409818577
200,10109,84,641.4316476634,688.8811824046
200,10109,85,369.0956898196,285.0576129359
200,10109,86,573.4963584488,461.1607051855
200,10109,87,343.8939291041,791.8143383353
200,10109,88,587.3449613289,592.1996107952
200,10109,89,160.1956800330,912.8678404935
200,10109,90,810.8413821549,380.4457401929
200,10109,91,99.6959650574,782.9052476443
200,10109,92,204.1092963514,835.6183855278
200,10109,93,801.8055282295,161.5413032843
200,10109,94,671.3541329137,774.5172249074
200,10109,95,539.1373209186,218.2158613208
200,10109,96,804.2643669403,787.6287779240
200,10109,97,206.8861283923,905.0991144550
200,10109,98,291.2947622056,263.5103366618
200,10109,99,910.3709871742,637.1000048219
200,10109,100,855.5596042391,55.9266722403
200,10109,101,251.3172825017,635.5070943677
200,10109,102,604.7515045686,887.1772839463
200,10109,103,790.4207025045,746.9794233654
200,10109,104,457.1671598120,788.0001178702
200,10109,105,825.7259989223,220.8059384658
200,10109,106,325.5995939713,644.0008586180
200,10109,107,719.9305729992,522.3870051988
200,10109,108,380.9142726708,234.8208179693
200,10109,109,739.0241546642,858.8709094208
200,10109,110,292.6826259624,185.2645586495
200,10109,111,752.3260741519,861.2766082746
200,10109,112,614.9454544272,833.7909141995
200,10109,113,651.9264473751,657.9792137173
200,10109,114,707.6321378009,454.3814100454
200,10109,115,194.3584959276,354.9677802560
200,10109,116,696.9385358870,486.9347130069
200,10109,117,253.0615455693,628.1436558473
200,10109,118,121.7948238294,396.6809894419
200,10109,119,15.3626725308,669.5309528784
200,10109,120,337.7223896683,658.4265081350
200,10109,121,231.5842306596,761.8455318154
200,10109,122,156.3305793804,201.2413224095
200,10109,123,1000.0000000000,225.0071182686
200,10109,124,767.4327323330,610.2038767815
200,10109,125,343.4086531765,210.2131441156
200,10109,126,670.9207334055,203.9721513410
200,10109,127,642.7245059219,808.1358018180
200,10109,128,250.3106443449,185.1977353896
200,10109,129,729.2401539908,730.3409579496
200,10109,130,1000.0000000000,416.0535789653
200,10109,131,505.2206758467,134.4576593191
200,10109,132,318.6468147367,772.5756939138
200,10109,133,527.5786396039,349.0522188743
200,10109,134,791.4303779237,832.3866812061
200,10109,135,731.8260091293,802.8608457217
200,10109,136,423.5450874858,309.3686939000
200,10109,137,641.0989556762,310.3745407390
200,10109,138,43.5420053275,769.8148300668
200,10109,139,710.0767242133,720.9998545217
200,10109,140,674.5285094974,109.9674846022
200,10109,141,0.0000000000,833.7077047583
200,10109,142,97.6447122759,872.2727092480
200,10109,143,419.5435077240,162.4058697984
200,10109,144,726.9154159478,143.0835665102
200,10109,145,635.9778547606,697.4297689570
200,10109,146,741.0955755424,716.9120867494
200,10109,147,471.0143243507,238.7600093903
200,10109,148,0.0000000000,589.4200627990
200,10109,149,116.7121970802,159.4535652607
200,10109,150,279.2034104217,998.5346363270
200,10109,151,250.3189814766,223.1698327126
200,10109,152,865.7086379847,801.5026267892
200,10109,153,700.4666431056,396.8140432131
200,10109,154,150.9423271169,395.5163323738
200,10109,155,575.5952150839,261.3672573107
200,10109,156,334.4826881284,488.2138492517
200,10109,157,800.4768412953,37.8140143461
200,10109,158,774.4371911578,438.5988881376
200,10109,159,587.9791799810,156.9398794365
200,10109,160,784.2472400013,221.0823938108
200,10109,161,108.0008024323,563.3456292329
200,10109,162,760.5509003584,206.6098477890
200,10109,163,501.6819258377,540.1171358731
200,10109,164,575.7272822302,451.5611843957
200,10109,165,173.4070326173,365.8759135209
200,10109,166,853.1204060908,153.1322321282
200,10109,167,240.9259400972,405.4912096591
200,10109,168,886.1741735423,885.5489453728
200,10109,169,802.2536673250,213.3783961362
200,10109,170,318.9583430881,229.5716904686
200,10109,171,968.7423975070,730.3599424223
200,10109,172,796.2355459428,489.4733205057
200,10109,173,893.3135929299,935.3921600968
200,10109,174,219.3248063460,189.1460470906
200,10109,175,670.6173573791,246.1764681080
200,10109,176,801.2924281552,913.6508774807
200,10109,177,858.3768776422,466.3398066623
200,10109,178,214.5347583514,206.2749769832
200,10109,179,262.4612387695,326.1426336136
200,10109,180,826.7123787979,924.5943485289
200,10109,181,826.9063288538,727.6815902818
200,10109,182,771.0189844611,628.1713105156
200,10109,183,962.0737909660,605.2175721843
200,10109,184,322.4517513844,739.9192372789
200,10109,185,492.1136869337,813.8094484661
200,10109,186,0.0000000000,733.3368961638
200,10109,187,861.8641061894,934.4615183477
200,10109,188,813.3189363652,305.1935965835
200,10109,189,274.4394214422,214.0242401809
200,10109,190,128.5695961211,583.9150229050
200,10109,191,301.7350613737,738.9231666436
200,10109,192,124.8706763310,1000.0000000000
200,10109,193,786.5476483435,573.5248978455
200,10109,194,715.1552248819,173.7322521537
200,10109,195,585.1849641035,43.3400952207
200,10109,196,854.3445286299,649.5822207134
200,10109,197,759.5009403941,558.1055302670
200,10109,198,240.9842081249,889.3281827530
200,10109,199,227.5442376470,275.9518719426
200,10110,0,679.4753980207,379.3651725952
200,10110,1,332.8092401820,676.6635715495
200,10110,2,720.3252830671,181.7877994173
200,10110,3,624.8944993131,792.9318369999
200,10110,4,76.2557911567,53.2820283843
200,10110,5,629.2572402614,677.0935424884
200,10110,6,708.8738546236,131.3433644635
200,10110,7,954.6822452061,280.2013175542
200,10110,8,719.9171703683,557.8565660528
200,10110,9,607.9821029700,301.5532671531
200,10110,10,295.4909647572,407.0934920116
200,10110,11,823.4571048085,261.1699891063
200,10110,12,330.2010826952,869.9298131472
200,10110,13,0.0000000000,751.3058941603
200,10110,14,819.7596450000,780.9383298030
200,10110,15,222.2919218337,453.4264389396
200,10110,16,49.3766582074,604.4031172363
200,10110,17,367.9353117950,897.1818824600
200,10110,18,353.0013779447,260.9230703917
200,10110,19,892.9811718515,696.7899905475
200,10110,20,427.6380611420,224.4847863327
200,10110,21,460.5311975227,317.1404470169
200,10110,22,123.8554979385,112.2078238905
200,10110,23,249.2962190696,773.5208713087
200,10110,24,516.1879892570,340.9130489041
200,10110,25,679.8386590543,892.4337406026
200,10110,26,597.9908752155,210.7133348277
200,10110,27,177.0171264169,864.9110241970
200,10110,28,736.6357672684,338.1144382359
200,10110,29,607.5709022836,299.3962250605
200,10110,30,317.1786127421,164.1902828180
200,10110,31,806.9410878085,858.3717283279
200,10110,32,289.6498320989,798.1437981188
200,10110,33,840.0195460862,853.9942705471
200,10110,34,726.4917868132,320.0760075837
200,10110,35,865.8204791908,131.5742768875
200,10110,36,304.4360599198,231.4243886941
200,10110,37,146.9696498102,514.0341800842
200,10110,38,323.2066801051,745.7419346647
200,10110,39,757.5636084499,378.7593844435
200,10110,40,139.2549233505,222.3049330044
200,10110,41,783.9369911488,223.9626768970
200,10110,42,212.3594863180,813.9619736280
200,10110,43,397.0027673388,577.7213969558
200,10110,44,539.7432853339,122.8266093734
200,10110,45,762.2045449471,789.8749018697
200,10110,46,1000.0000000000,854.8884691349
200,10110,47,646.6605223941,131.9053053670
200,10110,48,681.3573366207,360.6385316135
200,10110,49,581.1516435674,871.1449336363
200,10110,50,234.5963009888,691.6028270706
200,10110,51,368.5102536418,788.3455917859
200,10110,52,162.8054031410,648.2879675188
200,10110,53,829.1023887081,430.4095177160
200,10110,54,376.9008873782,626.8393894676
200,10110,55,859.9622277729,304.6386458638
200,10110,56,699.2198530289,214.7440257235
200,10110,57,305.8625419101,628.8370006991
200,10110,58,815.0423537829,891.2872375748
200,10110,59,334.5149944747,242.9178740469
200,10110,60,64.1961344335,265.3187417536
200,10110,61,676.8925549081,763.3071789497
200,10110,62,56.8332124932,391.0354725907
200,10110,63,945.4663039602,258.0628100532
200,10110,64,193.8300271752,828.0264166545
200,10110,65,136.3411897283,878.4392397534
200,10110,66,779.0776377111,745.1496101725
200,10110,67,919.6365720502,799.7230801808
200,10110,68,201.1475906363,702.0202787026
200,10110,69,477.9550677325,936.7854773133
200,10110,70,820.9735533676,716.2152605462
200,10110,71,615.7402850027,294.7249215075
200,10110,72,666.7389088064,856.0170074695
200,10110,73,183.1223487901,0.0000000000
200,10110,74,208.0137024894,667.2995356906
200,10110,75,902.7980822226,805.8315667021
200,10110,76,677.6891906862,0.0000000000
200,10110,77,553.5394149796,732.8920592111
200,10110,78,643.2986779398,107.2200383115
200,10110,79,603.5885759191,825.5363392194
200,10110,80,524.5071122187,199.2174780598
200,10110,81,269.9593119927,292.3684517858
200,10110,82,715.5239774822,526.0381790144
200,10110,83,200.4738875596,727.7961402416
200,10110,84,814.8087728576,655.4594834586
200,10110,85,726.6924265645,503.5833386228
200,10110,86,806.2460722772,897.6645885569
200,10110,87,911.6099425802,792.9602324133
200,10110,88,410.7835027170,942.7290735578
200,10110,89,142.8452797318,233.5797521624
200,10110,90,705.5328148796,931.6553320116
200,10110,91,746.8296179198,217.1652485660
200,10110,92,711.0124638091,684.6694676667
200,10110,93,0.0000000000,711.8500937772
200,10110,94,617.3205798731,393.4876242154
200,10110,95,286.5051265357,847.1235823140
200,10110,96,660.6862897138,239.5227885331
200,10110,97,690.6392399817,178.0071419950
200,10110,98,394.0359846191,336.0692737224
200,10110,99,834.0548238079,601.0235966921
200,10110,100,559.5838102188,775.6013681605
200,10110,101,444.1633866019,848.0137783129
200,10110,102,794.8079842361,748.4872647590
200,10110,103,294.1798681614,207.9695576501
200,10110,104,219.9548638359,67.5113200695
200,10110,105,885.6429076985,687.6820849492
200,10110,106,760.6309627396,540.1449801723
200,10110,107,80.4973148684,897.6370648670
200,10110,108,580.3714887661,612.6303592531
200,10110,109,349.8375150997,248.6024256478
200,10110,110,858.6996273693,620.3110006510
200,10110,111,323.6442293031,362.3021124192
200,10110,112,727.9342323899,181.6248986164
200,10110,113,710.1887744508,917.6371894988
200,10110,114,332.2013982468,309.2952095011
200,10110,115,880.8186844506,699.2781422929
200,10110,116,837.7989456197,25.8527330951
200,10110,117,509.5642366834,678.0617254478
200,10110,118,383.3201761154,0.0000000000
200,10110,119,194.8237374879,478.8650560278
200,10110,120,285.0836226091,418.9164922992
200,10110,121,706.0616229438,142.9960221317
200,10110,122,180.0596059923,805.0583198468
200,10110,123,591.9345672545,307.8593146853
200,10110,124,815.0300272577,137.4809792763
200,10110,125,269.9552651862,268.6518729578
200,10110,126,459.9649177102,274.9163068479
200,10110,127,344.9815232308,302.2772657721
200,10110,128,628.5495909584,756.3633894462
200,10110,129,165.4925513404,785.4796863770
200,10110,130,820.6953510147,774.6396018798
200,10110,131,745.8237387569,851.2448940471
200,10110,132,793.9765215307,286.6586542565
200,10110,133,200.3018594512,597.7009377408
200,10110,134,775.6455405800,829.3116032896
200,10110,135,592.4824416669,838.4761211754
200,10110,136,389.5974943068,686.4155170277
200,10110,137,976.6550411065,269.0806083531
200,10110,138,401.1982993176,845.9891503174
200,10110,139,290.0841684291,98.8592549367
200,10110,140,573.4100528621,181.6871731992
200,10110,141,459.4023614916,462.1506810694
200,10110,142,267.0786587621,311.7604105908
200,10110,143,541.6952518577,772.8105963331
200,10110,144,287.9197401936,752.5705966919
200,10110,145,34.4663065089,171.2451909759
200,10110,146,708.8377034559,706.5328292472
200,10110,147,263.1028273665,164.7124600672
200,10110,148,714.5626735695,246.3037809025
200,10110,149,313.5268733301,141.6222657484
200,10110,150,690.6595963606,229.9031643397
200,10110,151,156.3712406037,452.3612023798
200,10110,152,730.8699938583,1000.0000000000
200,10110,153,829.4991881057,232.2759160143
200,10110,154,944.4808454363,830.4692388761
200,10110,155,833.5981683870,840.6519587749
200,10110,156,324.0876881261,33.1572169906
200,10110,157,174.4301042985,71.4441042626
200,10110,158,372.3144335798,391.4122054726
200,10110,159,210.3532197607,174.5080861269
200,10110,160,186.5969530497,300.2476213332
200,10110,161,0.8827924776,0.0000000000
200,10110,162,708.9169607969,332.3242667308
200,10110,163,188.0511143398,249.9287286682
200,10110,164,810.8938611446,204.4750259369
200,10110,165,369.5753122361,758.6820983909
200,10110,166,466.2227685476,888.7290365327
200,10110,167,592.6198273127,617.6277834600
200,10110,168,81.3413873751,195.3567697660
200,10110,169,278.4803066913,682.4183411532
200,10110,170,228.1333689757,829.5496579959
200,10110,171,639.0136151355,374.0706436749
200,10110,172,746.2567607886,845.6457983979
200,10110,173,703.8125232886,1000.0000000000
200,10110,174,242.9916771962,653.4769764419
200,10110,175,272.3379955690,703.5332999116
200,10110,176,170.4111482949,610.1944384303
200,10110,177,163.4470929621,708.8602507693
200,10110,178,176.9083891785,400.1944754490
200,10110,179,827.0012030361,598.9768681734
200,10110,180,236.6264554671,94.7010666929
200,10110,181,513.4811518386,483.3653301204
200,10110,182,711.6313841180,158.9541156610
200,10110,183,247.4673563078,738.3243136289
200,10110,184,383.7568337083,231.8597645618
200,10110,185,502.5292067496,392.6454359768
200,10110,186,825.6293172968,686.9802753134
200,10110,187,394.7542743029,221.5815078994
200,10110,188,805.2100366080,838.1179003401
200,10110,189,670.3075607252,722.0702971209
200,10110,190,256.0249440537,751.5485190342
200,10110,191,138.8106574809,627.6518961426
200,10110,192,694.7029848381,191.4269342217
200,10110,193,644.5069221816,732.1324898675
200,10110,194,605.3968721615,394.8806670359
200,10110,195,833.0484096226,189.0955034818
200,10110,196,374.3113695851,250.2383643580
200,10110,197,840.2313648146,715.5908582628
200,10110,198,745.7469672125,163.4275287858
200,10110,199,204.2521268124,680.7312578809
200,10111,0,306.7791633182,192.9589391640
200,10111,1,280.2713723274,750.8534820960
200,10111,2,785.3825955681,337.0693390957
200,10111,3,623.6798521338,792.1608175552
200,10111,4,203.5946920856,862.8269885562
200,10111,5,857.6898612228,395.7863809601
200,10111,6,429.6501551448,302.5460125333
200,10111,7,258.2869919142,854.1724855040
200,10111,8,395.3782873708,165.0093916762
200,10111,9,831.6748368313,286.3727377619
200,10111,10,542.0450347016,27.7695433179
200,10111,11,419.0884416429,232.4946596476
200,10111,12,234.5663825030,801.9882990576
200,10111,13,1000.0000000000,296.4216326322
200,10111,14,613.6631475294,581.9764407122
200,10111,15,80.7098768257,186.1107077130
200,10111,16,297.4621346682,312.5795364379
200,10111,17,243.5706927799,699.1569716594
200,10111,18,830.0438343133,196.9151130506
200,10111,19,597.3440338002,394.9504279750
200,10111,20,759.2328780577,233.8608222704
200,10111,21,217.6202531873,119.0293321771
200,10111,22,842.5903425460,779.4888465419
200,10111,23,104.3793891658,672.3077026384
200,10111,24,234.8477302016,173.1313474743
200,10111,25,674.2486438134,781.9231858657
200,10111,26,735.1831150096,734.1294208966
200,10111,27,756.3203233759,304.7856593628
200,10111,28,242.1574102898,762.3638121617
200,10111,29,826.0568950506,216.7042295678
200,10111,30,753.5856379011,753.2990076717
200,10111,31,225.7233392061,266.6693560594
200,10111,32,346.9312280781,249.2379447619
200,10111,33,239.2287111636,705.0279981918
200,10111,34,391.7905761646,709.9276333165
200,10111,35,297.2884543313,399.7683914543
200,10111,36,797.5572291455,712.1616759360
200,10111,37,672.7751815357,251.0958413832
200,10111,38,904.2249775243,262.5663415018
200,10111,39,56.5465253670,669.9558505275
200,10111,40,221.5245989860,784.6973765281
200,10111,41,761.6808733354,27.8762677643
200,10111,42,73.7578758364,291.2839786348
200,10111,43,861.8337091102,755.3650714664
200,10111,44,671.1669592869,892.1314317591
200,10111,45,664.7685887266,760.5786643503
200,10111,46,475.6511359524,905.7065974278
200,10111,47,916.3264807733,813.9394714370
200,10111,48,117.0104508492,153.5254109552
200,10111,49,326.0380888352,874.7907694785
200,10111,50,764.4352015788,473.7443928399
200,10111,51,129.8080460057,710.0637549900
200,10111,52,971.2386009889,729.2374449206
200,10111,53,614.7473840956,746.6537845272
200,10111,54,6.5429357763,341.3998769542
200,10111,55,38.9958355280,664.5363983846
200,10111,56,443.7751131812,234.8467677892
200,10111,57,241.8820979534,540.5187074957
200,10111,58,352.1709561455,536.4198168714
200,10111,59,354.5504213100,412.3349933502
200,10111,60,790.9143429117,760.0236873547
200,10111,61,797.8552212919,304.8153035659
200,10111,62,401.5536394467,227.1923443155
200,10111,63,714.2952773181,104.0194873935
200,10111,64,834.8066349678,707.5155472174
200,10111,65,58.4520357919,235.1687360877
200,10111,66,708.9035038037,822.3189495034
200,10111,67,399.8817730640,208.0886380454
200,10111,68,677.0848651409,249.3568434288
200,10111,69,548.5504430841,367.7189982529
200,10111,70,766.6035070829,878.1408716242
200,10111,71,651.8180126412,213.6760531953
200,10111,72,750.6712753552,820.0144140539
200,10111,73,758.9802552033,138.1976111708
200,10111,74,144.4617965787,645.9886870288
200,10111,75,657.9894316794,856.5418415053
200,10111,76,273.6488829106,700.6611534691
200,10111,77,504.6968646784,735.7319471985
200,10111,78,728.6152753395,557.1674718418
200,10111,79,354.4231533969,831.1709342362
200,10111,80,830.8476916061,841.6441753718
200,10111,81,225.5147856587,350.9473488600
200,10111,82,561.1839306391,785.3046570422
200,10111,83,718.8603904245,615.4387137918
200,10111,84,830.7104489486,816.4967557301
200,10111,85,134.2534281209,761.9605467910
200,10111,86,336.1687168327,762.7312674182
200,10111,87,1000.0000000000,278.2891316597
200,10111,88,589.8655702766,10.8385782254
200,10111,89,686.6900587294,0.0000000000
200,10111,90,548.5228673521,404.4556719668
200,10111,91,394.0546362933,253.3428776516
200,10111,92,300.5107030496,250.1259092389
200,10111,93,785.2600646541,892.2697615494
200,10111,94,729.3427341178,840.6083568320
200,10111,95,602.1333053030,853.2512440109
200,10111,96,853.5649409620,709.4792030708
200,10111,97,524.7231244603,228.1455890198
200,10111,98,805.4374520831,302.8011113854
200,10111,99,260.4695847530,601.0623061617
200,10111,100,366.9891068956,371.7973634870
200,10111,101,177.8337143658,804.5588267695
200,10111,102,158.7097889972,674.7572632695
200,10111,103,759.5647239358,173.4183996527
200,10111,104,876.4263490755,224.7009942751
200,10111,105,964.6930921035,134.5551634514
200,10111,106,166.4302992752,149.3562146942
200,10111,107,962.3124739801,308.4918891292
200,10111,108,256.7392007096,821.6628767852
200,10111,109,738.4730592717,160.7700254045
200,10111,110,783.5801737852,718.1760011150
200,10111,111,893.8617469476,316.1272762591
200,10111,112,447.6646091146,236.3336692373
200,10111,113,963.2016072019,687.0187115677
200,10111,114,942.3432161503,638.4418667113
200,10111,115,96.4180497811,695.0807164151
200,10111,116,928.6581817786,621.0745025527
200,10111,117,318.8242791329,858.4092725297
200,10111,118,234.4175964729,322.8468434320
200,10111,119,496.4560120474,528.5117970932
200,10111,120,30.3389735456,657.8268487009
200,10111,121,439.1359908847,210.1490238953
200,10111,122,267.0467987044,318.7816091845
200,10111,123,824.4305206607,194.8870016187
200,10111,124,845.1226790077,678.1717414199
200,10111,125,184.2456770747,438.7771817303
200,10111,126,148.2257962935,780.4684088750
200,10111,127,743.5733006746,155.7333247552
200,10111,128,269.4952299787,927.0337341320
200,10111,129,747.5863437426,386.8083501103
200,10111,130,362.5413147745,271.2215959351
200,10111,131,419.2383533834,186.5747357008
200,10111,132,268.2482532727,283.5191273628
200,10111,133,850.5293535837,728.3549828658
200,10111,134,261.7381124471,823.0415203062
200,10111,135,160.4283508754,230.3365626193
200,10111,136,297.7338238649,132.6013589897
200,10111,137,178.5745862959,192.9248138052
200,10111,138,697.6311223159,103.6387917675
200,10111,139,721.8049510084,810.8770994640
200,10111,140,33.5081996649,326.1533690086
200,10111,141,844.7610271744,453.0561133239
200,10111,142,396.4049929824,770.1415576579
200,10111,143,310.9650315381,294.7273793052
200,10111,144,681.0678010354,940.0066100065
200,10111,145,160.8002588509,225.4439553109
200,10111,146,175.1034105373,225.4007843417
200,10111,147,390.8081210133,288.1541690346
200,10111,148,696.9790136299,264.3450439716
200,10111,149,831.3562200256,790.6779151788
200,10111,150,330.1042837844,167.3996628038
200,10111,151,375.8414873619,140.5191400458
200,10111,152,118.5505059600,289.2150967809
200,10111,153,89.3801311392,582.4574248513
200,10111,154,799.1063970710,490.4015701036
200,10111,155,739.3306833745,981.6800806734
200,10111,156,817.7482057689,562.2469532320
200,10111,157,100.6370671635,161.1745810321
200,10111,158,927.0231621807,799.6107058569
200,10111,159,766.3095768198,552.6402470239
200,10111,160,337.6703163547,184.8488834733
200,10111,161,259.1850368684,247.3191961581
200,10111,162,332.2641868386,649.7215947862
200,10111,163,823.5352828711,311.6100448957
200,10111,164,130.7506625221,804.1230651185
200,10111,165,707.1191179089,158.7026907170
200,10111,166,717.9141441071,845.4630869714
200,10111,167,1000.0000000000,177.3009258068
200,10111,168,411.7782231942,724.4785928090
200,10111,169,736.7633648024,668.9243562056
200,10111,170,687.2794101030,682.1440277160
200,10111,171,747.2966216791,624.1387336891
200,10111,172,233.4441017687,580.9080324856
200,10111,173,230.3923418284,762.9065354275
200,10111,174,288.7714884318,133.7605773129
200,10111,175,971.1679714245,1000.0000000000
200,10111,176,350.6760618312,362.2412841858
200,10111,177,926.1150638329,710.8420533848
200,10111,178,815.0603290631,751.0854397724
200,10111,179,207.3959612970,771.4041305234
200,10111,180,719.8398605962,372.0932036089
200,10111,181,308.8650809640,56.8813470827
200,10111,182,190.9737091680,209.4367979209
200,10111,183,692.5892679312,240.0382929975
200,10111,184,453.3662764285,723.0940743996
200,10111,185,30.7626432735,477.1121262245
200,10111,186,729.1717078729,415.7315488220
200,10111,187,264.5932591504,658.1808724528
200,10111,188,782.2873516292,368.7056440322
200,10111,189,241.0170869316,866.0156491776
200,10111,190,753.2255708967,729.2693794352
200,10111,191,730.6382093667,311.1577768859
200,10111,192,871.7953953066,702.2116632882
200,10111,193,206.1678415763,582.2818143872
200,10111,194,845.3049083510,293.3437202513
200,10111,195,854.5865166756,405.4899761619
200,10111,196,824.6919861364,322.4349107641
200,10111,197,908.7834010902,911.1143480981
200,10111,198,800.9071015984,559.9419190633
200,10111,199,362.8013560878,213.9073678335
200,10112,0,36.3496692998,367.8054709949
200,10112,1,885.3373270709,384.1488329135
200,10112,2,210.3686587795,645.1697663913
200,10112,3,622.4680189174,791.3727767532
200,10112,4,1000.0000000000,232.8803411460
200,10112,5,692.1507035520,518.2988244712
200,10112,6,0.0000000000,966.9053132839
200,10112,7,524.1099821193,821.1329107299
200,10112,8,659.3194389094,710.0119380181
200,10112,9,144.0461044984,0.0000000000
200,10112,10,348.0911552728,785.6076215667
200,10112,11,799.4766895633,731.5441839826
200,10112,12,83.5530364547,821.1989337062
200,10112,13,223.7370087777,244.5031902062
200,10112,14,776.2449063693,873.1551523770
200,10112,15,338.6422576464,116.5634342454
200,10112,16,200.6646214944,616.7272337463
200,10112,17,194.7569750895,872.3397303410
200,10112,18,775.5659635174,665.4870191757
200,10112,19,758.6520108553,729.9967018678
200,10112,20,207.7141926417,646.7953516607
200,10112,21,207.3484535386,293.3274976719
200,10112,22,18.7726395447,799.9712611220
200,10112,23,315.9986856722,702.8144627201
200,10112,24,890.5196702815,747.4130541069
200,10112,25,533.4456342871,679.2881582781
200,10112,26,725.6866954524,119.5524804271
200,10112,27,887.9032975550,385.1284830509
200,10112,28,78.1832068253,865.2814665107
200,10112,29,532.1329659644,366.6135379017
200,10112,30,620.0843700146,370.4536120427
200,10112,31,134.8265995257,118.5852110100
200,10112,32,829.3698129473,650.4398388966
200,10112,33,707.4393862161,421.4449173746
200,10112,34,728.1454260070,34.0513319742
200,10112,35,603.7459232540,722.6535456541
200,10112,36,283.7047959666,695.6977145029
200,10112,37,699.1368838434,876.2032720582
200,10112,38,545.6873270771,316.3392559097
200,10112,39,296.2341725095,208.8168195717
200,10112,40,338.0450511636,436.3404759181
200,10112,41,135.4462076189,641.2284816300
200,10112,42,685.7829713524,208.0467706145
200,10112,43,390.1083032332,450.2406386507
200,10112,44,737.4651484844,163.7892226015
200,10112,45,255.9787824341,630.1744440404
200,10112,46,395.4218794986,439.7685018656
200,10112,47,548.3210657249,273.8938031250
200,10112,48,882.8220955904,592.2078377392
200,10112,49,244.6967283075,792.0679402361
200,10112,50,769.0559837731,103.3729313511
200,10112,51,371.8653294025,791.5589030495
200,10112,52,212.7725155328,314.7567973600
200,10112,53,785.8584215786,178.1450856644
200,10112,54,317.4635444467,753.5217784261
200,10112,55,339.0622088483,278.4028048325
200,10112,56,171.3779500636,325.2000631772
200,10112,57,722.5407064549,700.8707220982
200,10112,58,184.6084910734,766.4997007618
200,10112,59,207.5413819767,325.8972244596
200,10112,60,144.3105140480,683.2997883828
200,10112,61,772.0881984040,682.3111113056
200,10112,62,663.4584445382,720.1720636869
200,10112,63,653.0860910079,305.6151585023
200,10112,64,656.4575953485,748.2958410149
200,10112,65,632.9510326095,567.3366366327
200,10112,66,206.1009003274,137.4828370136
200,10112,67,341.9399582115,149.3771521533
200,10112,68,693.9777181070,803.1128240891
200,10112,69,215.6887595446,54.0444378388
200,10112,70,70.3155921494,216.0817413473
200,10112,71,717.1518984100,195.2676775488
200,10112,72,896.6605321263,929.4769896163
200,10112,73,835.7644144264,555.0066597292
200,10112,74,553.9704531971,154.0444071352
200,10112,75,192.8253505969,144.4014263822
200,10112,76,840.3852504030,711.7055327247
200,10112,77,730.3447446627,749.4194286500
200,10112,78,836.7301645547,56.3478835581
200,10112,79,272.8380695317,151.2253209858
200,10112,80,175.6718299960,983.6886620022
200,10112,81,129.4555782364,342.5582088720
200,10112,82,181.7650209763,623.3362202810
200,10112,83,905.6125616600,563.2509803923
200,10112,84,683.8539319827,817.1943656396
200,10112,85,680.7974236977,524.3640154789
200,10112,86,402.0181815308,53.0354586889
200,10112,87,340.8044423937,744.7008904778
200,10112,88,969.2803085209,666.3698866454
200,10112,89,889.6962792931,664.1063520196
200,10112,90,699.9023140371,748.8758964207
200,10112,91,698.0357474079,1000.0000000000
200,10112,92,66.5026539639,554.0276655538
200,10112,93,302.3950729437,211.8528739607
200,10112,94,811.6461312555,450.7234640158
200,10112,95,723.4900198930,227.1589174981
200,10112,96,164.2062995103,850.1944788184
200,10112,97,668.2214471044,889.3315761326
200,10112,98,859.8471255892,415.0135944769
200,10112,99,202.8617234358,629.7257433068
200,10112,100,775.6555274350,103.8082670675
200,10112,101,215.1205333471,570.1474871333
200,10112,102,279.5024277564,934.4847739759
200,10112,103,701.2433567386,672.5126601009
200,10112,104,767.4620000026,824.0340190448
200,10112,105,319.4559931360,206.8341079516
200,10112,106,1000.0000000000,814.4322909579
200,10112,107,682.7922070204,544.8435514841
200,10112,108,343.9940902614,138.9418705510
200,10112,109,172.7456205673,769.1466857324
200,10112,110,865.1610002852,663.5595342872
200,10112,111,433.9278061471,726.2039105990
200,10112,112,231.5977710174,854.6249009523
200,10112,113,452.7315502894,465.6700160209
200,10112,114,238.4915182938,641.0800685927
200,10112,115,842.9116307265,414.6002039028
200,10112,116,453.3332213739,739.2681708398
200,10112,117,57.0509203076,974.5507326468
200,10112,118,244.7963492595,129.4614077363
200,10112,119,776.2056978833,258.3240485993
200,10112,120,790.3920815682,224.0186967776
200,10112,121,751.2738211928,799.5653470207
200,10112,122,298.0359146968,758.7911915374
200,10112,123,598.3260112473,450.7828847915
200,10112,124,855.1221327155,223.4968374277
200,10112,125,114.2228938941,261.0631981333
200,10112,126,432.0553895989,96.6349243929
200,10112,127,186.0321363406,797.5559727095
200,10112,128,1000.0000000000,203.6021752821
200,10112,129,419.7478974159,328.4206723533
200,10112,130,402.5450074794,755.7064366564
200,10112,131,221.7804945316,720.2232299220
200,10112,132,794.6108667733,1000.0000000000
200,10112,133,252.9136144642,276.7408922929
200,10112,134,250.3791481434,813.7840646629
200,10112,135,617.8632520948,67.4825109736
200,10112,136,713.4980097385,156.1767132783
200,10112,137,303.9152426650,420.3012104672
200,10112,138,708.1029933439,377.3156369646
200,10112,139,359.0188152540,593.4902407918
200,10112,140,593.0307767314,1000.0000000000
200,10112,141,425.0402190126,307.0921796471
200,10112,142,393.0812451566,12.9357705210
200,10112,143,796.1507736800,364.5742099793
200,10112,144,641.1081576670,670.8790651308
200,10112,145,573.2595308466,216.5321532514
200,10112,146,656.0690470066,266.9115068592
200,10112,147,168.6747320971,455.6437688196
200,10112,148,693.6804113159,291.2860066387
200,10112,149,231.3566311708,794.4535457275
200,10112,150,307.5536222234,904.2005033742
200,10112,151,130.7588701837,286.1963708780
200,10112,152,242.0627572978,239.4382051715
200,10112,153,714.1668688717,883.7652642703
200,10112,154,216.7836340846,750.6051369819
200,10112,155,177.6415276057,815.2541000672
200,10112,156,812.6485151698,85.2420199249
200,10112,157,594.7934350482,765.1663247305
200,10112,158,422.1017582864,694.6420658316
200,10112,159,306.7926790391,675.0284678952
200,10112,160,638.1782634455,827.8271455034
200,10112,161,747.1692630388,769.1592057278
200,10112,162,116.2508205783,853.7202114558
200,10112,163,727.8449896355,626.2651111038
200,10112,164,436.1024692397,710.3034358714
200,10112,165,703.1139250384,815.6596263064
200,10112,166,65.6845782839,235.6220741904
200,10112,167,720.7396969837,817.2948739755
200,10112,168,127.5127357592,338.6052368612
200,10112,169,690.1716789670,182.1296959249
200,10112,170,350.0577769833,230.7745302612
200,10112,171,310.3391731148,311.8860577338
200,10112,172,838.2271594438,619.9290907689
200,10112,173,195.7461154595,736.6530812051
200,10112,174,847.4883912091,137.9864960159
200,10112,175,19.8356061004,326.9672193064
200,10112,176,135.6826656834,667.3715161551
200,10112,177,218.6310541126,288.0591910054
200,10112,178,678.8543982366,590.5719832156
200,10112,179,893.4364373082,274.3506188330
200,10112,180,301.9868726887,668.9391815861
200,10112,181,779.5676598961,895.7237627449
200,10112,182,216.2501990844,748.9059431010
200,10112,183,205.5584758574,321.3253804318
200,10112,184,794.4129913205,744.2712819447
200,10112,185,63.4153928262,1000.0000000000
200,10112,186,574.7810961892,507.6807744412
200,10112,187,437.5820482249,575.6979708006
200,10112,188,745.9378841281,892.1405253894
200,10112,189,895.1901621698,223.2268730415
200,10112,190,220.9390287246,248.3376236555
200,10112,191,420.4831568854,211.8883807612
200,10112,192,748.3701038373,434.7825301453
200,10112,193,918.8094792607,266.0381895534
200,10112,194,766.6107460571,9.7484882010
200,10112,195,702.8286618104,279.0287016999
200,10112,196,252.6795359053,832.6591408877
200,10112,197,706.2109560159,859.9254641542
200,10112,198,198.8244023415,69.5256277523
200,10112,199,255.4699612810,903.3053036304
200,10113,0,897.0387770378,717.0997823262
200,10113,1,254.4774953937,371.5647640931
200,10113,2,292.9015509473,872.4871858498
200,10113,3,621.2591038430,790.5677256217
200,10113,4,189.9529051273,146.0567610477
200,10113,5,744.7660159929,285.4250422208
200,10113,6,745.2590742474,155.3479725409
200,10113,7,188.6666585177,145.5481787001
200,10113,8,311.9134942777,1000.0000000000
200,10113,9,186.5949154164,407.4970057821
200,10113,10,572.6841568380,771.7662793568
200,10113,11,374.4110903176,662.8429575507
200,10113,12,666.7600152214,207.3173510146
200,10113,13,786.5796419779,761.7816216080
200,10113,14,759.2693077948,715.4241525266
200,10113,15,347.2796166856,352.5690813850
200,10113,16,763.3123018112,470.1324585844
200,10113,17,441.0032252393,620.1922005742
200,10113,18,218.9476183486,176.0377467749
200,10113,19,249.5489421860,340.4743207751
200,10113,20,573.2836991381,700.4387437552
200,10113,21,951.2050588875,796.3588439752
200,10113,22,345.0561193512,664.2437203171
200,10113,23,284.2422015567,961.5216728494
200,10113,24,216.1276561815,962.8576386338
200,10113,25,681.3328569341,635.6348071176
200,10113,26,845.8252204891,511.8401935086
200,10113,27,361.2108035917,260.5228433326
200,10113,28,602.7227314016,776.2537607027
200,10113,29,877.1401684212,168.4609793157
200,10113,30,183.8877020115,166.2162833503
200,10113,31,814.7628259740,178.1031726520
200,10113,32,715.9013732298,95.0981338124
200,10113,33,310.3634504376,181.4166639693
200,10113,34,909.1145713734,698.4489168870
200,10113,35,338.0400037935,640.1702739985
200,10113,36,764.1017036999,184.5662189851
200,10113,37,394.3248413237,892.9477351092
200,10113,38,854.8114326993,789.4405820242
200,10113,39,786.8048631880,379.6055625616
200,10113,40,886.1840054691,250.1305648200
200,10113,41,141.4868318023,761.3603165665
200,10113,42,716.5147004605,569.3810339240
200,10113,43,714.2011954496,364.9898797651
200,10113,44,420.7737562667,417.5302082484
200,10113,45,400.0914003341,784.0973737981
200,10113,46,821.8029799687,952.5102861080
200,10113,47,944.0568332792,616.4237976145
200,10113,48,451.0902215115,945.7632032242
200,10113,49,134.0762168048,862.9828376415
200,10113,50,221.9133391990,333.9909420944
200,10113,51,126.4745841128,706.7879811378
200,10113,52,687.8023577025,115.7739885028
200,10113,53,922.2533791867,967.4370029886
200,10113,54,643.5128034598,196.7821775831
200,10113,55,71.5874146547,707.7381895111
200,10113,56,785.1478982965,464.5778986027
200,10113,57,145.0076646772,179.6423396961
200,10113,58,853.5723423655,325.5900846038
200,10113,59,54.2181474759,245.7572369101
200,10113,60,881.6710844227,411.0704908493
200,10113,61,682.0969800974,265.3438995513
200,10113,62,950.0421858463,961.4870476934
200,10113,63,800.9374465986,299.2846057221
200,10113,64,330.9275413683,294.2795569922
200,10113,65,336.9334111080,514.7457206675
200,10113,66,400.7758583942,298.3069423873
200,10113,67,271.3503012686,134.2177191940
200,10113,68,246.3829489884,831.2550010064
200,10113,69,919.8290293629,781.2828740105
200,10113,70,884.5092650373,4.9458080554
200,10113,71,789.2958204325,0.0000000000
200,10113,72,894.9798604813,780.9249111657
200,10113,73,309.3903735036,186.0673713606
200,10113,74,700.1855432130,243.3705284818
200,10113,75,348.4926313777,236.7000256986
200,10113,76,378.2590427466,292.8079462571
200,10113,77,681.6853108015,749.9476032793
200,10113,78,441.0462346678,114.0753390081
200,10113,79,184.2462489846,763.7753352524
200,10113,80,642.0881008362,275.5181285182
200,10113,81,537.8217547587,745.0355647692
200,10113,82,320.7827640529,176.6184982550
200,10113,83,842.7392508406,754.2708221957
200,10113,84,695.8536711577,686.3709182969
200,10113,85,345.6653924068,198.7005728810
200,10113,86,691.7568789532,613.3337764166
200,10113,87,400.9587478446,216.6479588560
200,10113,88,234.9823740147,212.3636147338
200,10113,89,820.2907053802,305.4214663329
200,10113,90,176.5351779312,688.2569423976
200,10113,91,119.9901887379,715.1194407562
200,10113,92,631.9671277106,27.1243030812
200,10113,93,581.2386883813,145.3414511450
200,10113,94,325.3331729996,320.2775319095
200,10113,95,304.5235148055,640.2166575729
200,10113,96,283.2423651029,100.3551690230
200,10113,97,710.8824852890,164.6832941681
200,10113,98,286.4994275987,845.6025985833
200,10113,99,170.1376976095,675.0377273459
200,10113,100,133.9569707988,807.1892107358
200,10113,101,810.8916037659,266.4870027213
200,10113,102,762.8713882633,229.6738567431
200,10113,103,150.4048399307,216.6528012788
200,10113,104,0.0000000000,321.8241407393
200,10113,105,372.0705412776,663.0793057824
200,10113,106,130.7908964506,805.3780008335
200,10113,107,118.6876675961,916.0836408494
200,10113,108,505.2715715156,767.7220159468
200,10113,109,773.9390588759,814.0637026420
200,10113,110,507.7860420073,599.2275837655
200,10113,111,919.7109861305,610.4492839311
200,10113,112,12.3781647809,144.6149639034
200,10113,113,732.1431623182,822.0500107966
200,10113,114,523.3444118908,176.1340466685
200,10113,115,293.9197761325,32.6868987753
200,10113,116,414.1706613698,343.9603069407
200,10113,117,126.4579680745,695.6339214325
200,10113,118,298.7401941283,409.2448113718
200,10113,119,760.4244504676,295.8461342284
200,10113,120,746.9517895933,849.9501140844
200,10113,121,122.9561539888,729.9830982776
200,10113,122,502.9934070910,0.0000000000
200,10113,123,801.2919169014,113.8526406947
200,10113,124,846.2917338694,764.8501184350
200,10113,125,211.7646753370,179.6071911837
200,10113,126,196.3016298684,857.9140678766
200,10113,127,809.1117360062,772.2825957479
200,10113,128,232.2209891406,171.9473926260
200,10113,129,956.3968653622,567.8480983255
200,10113,130,446.7748302385,227.9488821401
200,10113,131,698.5818883986,867.5147456550
200,10113,132,679.4514608722,1000.0000000000
200,10113,133,552.3851050806,251.0230980420
200,10113,134,242.3340433328,801.6796820137
200,10113,135,762.3320984712,128.6092160416
200,10113,136,684.6914880038,719.0500558622
200,10113,137,264.3763672549,200.6730065565
200,10113,138,344.1675414253,186.7653623685
200,10113,139,679.9776102167,320.3723551254
200,10113,140,759.6553645997,802.4736916421
200,10113,141,969.2510281558,1000.0000000000
200,10113,142,187.6188342993,662.8531027226
200,10113,143,720.5438001264,919.5672312153
200,10113,144,308.8780862449,204.1055628187
200,10113,145,697.3772582192,244.4296771166
200,10113,146,163.2102201668,819.2436598783
200,10113,147,198.4715154672,222.5970307036
200,10113,148,705.2828826853,319.7548421362
200,10113,149,503.5275659791,165.4192717008
200,10113,150,516.8298449805,229.8755446776
200,10113,151,832.6395812671,260.5306167705
200,10113,152,830.0849130099,125.6001039291
200,10113,153,809.8958195579,732.5807202235
200,10113,154,765.9137598396,319.9878014623
200,10113,155,59.8754581645,739.1242953354
200,10113,156,807.9516280821,605.0876718774
200,10113,157,146.2300256076,843.1135390281
200,10113,158,861.1485436834,111.2334052063
200,10113,159,947.2132606057,176.5646278077
200,10113,160,388.1994960564,660.0536457872
200,10113,161,728.4354980092,735.9530908750
200,10113,162,450.8185759401,656.5702351221
200,10113,163,172.5496671018,385.5649460432
200,10113,164,408.8551184166,748.0375670007
200,10113,165,306.7537034010,756.1727169023
200,10113,166,741.1286586565,197.8043406130
200,10113,167,692.6265705148,149.7105810743
200,10113,168,313.6150914995,626.2298351491
200,10113,169,155.5690676424,722.0453522157
200,10113,170,710.1636277637,353.7455849011
200,10113,171,218.5739189962,748.5286125992
200,10113,172,709.3547073376,145.4676174742
200,10113,173,212.6168051927,682.5697735363
200,10113,174,908.7132925370,671.3272956738
200,10113,175,765.6933773972,47.3177127887
200,10113,176,870.5699617995,302.6998284600
200,10113,177,753.7105828105,111.8089810890
200,10113,178,702.1136583138,805.1918179201
200,10113,179,33.8850512482,26.6372785190
200,10113,180,200.8565551104,789.1311632022
200,10113,181,683.0824861078,169.9742038008
200,10113,182,521.3964611789,386.2462796032
200,10113,183,812.3702330973,835.8729594157
200,10113,184,863.7656550051,235.7246735184
200,10113,185,244.6321171108,275.5249275498
200,10113,186,347.4405066508,269.0909391028
200,10113,187,105.4117326623,374.3846109857
200,10113,188,698.4682836616,404.1015300349
200,10113,189,671.8095406896,584.7621466751
200,10113,190,251.4223088502,785.4719537683
200,10113,191,199.6565281853,195.5973655743
200,10113,192,0.0000000000,141.1545353244
200,10113,193,755.7060413763,152.2224577010
200,10113,194,630.5979858496,285.4714482998
200,10113,195,681.1273914231,127.2179920860
200,10113,196,711.2254326221,792.8306311373
200,10113,197,466.2087380666,759.8533055363
200,10113,198,299.3715138358,370.1042976108
200,10113,199,61.0130227933,204.1220229859
200,10114,0,166.1523947963,744.6550221149
200,10114,1,216.3801115202,288.6290251123
200,10114,2,704.5215874833,609.2609201426
200,10114,3,620.0532101804,789.7456742942
200,10114,4,610.1363884928,958.9735358431
200,10114,5,793.9210745303,676.4024490885
200,10114,6,377.8371362313,331.5714840607
200,10114,7,957.5691790521,54.0403743825
200,10114,8,860.7906469115,126.9576841206
200,10114,9,347.5628723025,206.3273818061
200,10114,10,272.3002146664,234.9878834806
200,10114,11,761.1086783334,236.9661049212
200,10114,12,699.7065266326,24.0068184577
200,10114,13,206.5871491641,730.7763232002
200,10114,14,631.3865099887,881.5779491242
200,10114,15,143.6886136169,312.7821641945
200,10114,16,764.4533163389,689.2953013092
200,10114,17,165.2823629359,753.9828092285
200,10114,18,686.5086720484,216.7798346759
200,10114,19,196.9262198606,623.7894379819
200,10114,20,226.8563270107,267.0547079498
200,10114,21,709.7711316071,630.4613253769
200,10114,22,744.4138764695,267.0963414686
200,10114,23,136.0818652583,714.8221747433
200,10114,24,696.5618353663,231.4669639183
200,10114,25,758.8290854806,699.6328956828
200,10114,26,338.8950231682,686.3417144775
200,10114,27,1000.0000000000,567.2720583018
200,10114,28,650.2057805967,725.7539562418
200,10114,29,183.6168666107,300.3669463830
200,10114,30,551.4743722948,548.7284530195
200,10114,31,960.9830442540,399.1363842531
200,10114,32,575.2303283446,662.4898780438
200,10114,33,535.2674116047,833.4944032518
200,10114,34,814.5991872960,361.3788397037
200,10114,35,802.2918713543,372.1817423807
200,10114,36,240.8758762364,180.7296125988
200,10114,37,284.9646123758,235.5093280565
200,10114,38,424.7258144682,845.2968339143
200,10114,39,534.4491073930,712.0446464870
200,10114,40,782.2528763416,682.0431690961
200,10114,41,219.1871972081,794.8009999040
200,10114,42,796.3416975439,185.8339813266
200,10114,43,499.0830878894,343.4875354852
200,10114,44,610.9843598437,732.5292264268
200,10114,45,675.1682653342,428.6220123597
200,10114,46,755.4354842665,445.4467169633
200,10114,47,614.6220070404,508.1354920728
200,10114,48,709.1627094003,286.3057399098
200,10114,49,685.8630117958,256.4162963602
200,10114,50,892.5986652969,498.7277287107
200,10114,51,375.1672442894,794.8938786097
200,10114,52,497.1947948420,795.3378136524
200,10114,53,578.1769159457,290.5617541733
200,10114,54,858.6086225979,879.9849223165
200,10114,55,808.8202888061,759.2792250531
200,10114,56,830.8599216591,878.2351169562
200,10114,57,552.3769280129,226.2792517879
200,10114,58,737.9004591907,57.8714270245
200,10114,59,209.8955854620,170.4402038571
200,10114,60,226.9414645225,189.2536920056
200,10114,61,296.8537887163,299.2877156275
200,10114,62,703.1033969440,584.4948967287
200,10114,63,897.7835472895,0.0000000000
200,10114,64,699.5781940913,174.3187286816
200,10114,65,554.1407633266,158.1855195557
200,10114,66,579.0386481162,361.7364808859
200,10114,67,213.6823073014,157.8551354430
200,10114,68,306.4884512402,314.0072332925
200,10114,69,173.1012301036,878.9698971474
200,10114,70,801.8045659526,305.2332879581
200,10114,71,397.5771003194,609.8182542688
200,10114,72,826.0605980909,711.8239269547
200,10114,73,908.1564238503,166.0475893403
200,10114,74,638.8372884336,271.4697437715
200,10114,75,732.5598721581,325.1658552961
200,10114,76,337.9078004206,901.5664394800
200,10114,77,651.5687637750,752.7374286156
200,10114,78,514.1288043440,726.9994579580
200,10114,79,967.4087991030,541.9700889688
200,10114,80,95.2182506461,91.0673840881
200,10114,81,727.4328576163,730.9373943526
200,10114,82,297.6414002543,773.4903531721
200,10114,83,848.0262365528,892.4105544550
200,10114,84,808.7612504095,708.3284453234
200,10114,85,890.0320996739,420.7631047262
200,10114,86,673.2084531162,241.6925957778
200,10114,87,478.9466179779,659.4592306424
200,10114,88,765.7953861807,806.1132811084
200,10114,89,673.3889561003,984.3160456088
200,10114,90,223.9859738492,118.5601912311
200,10114,91,357.1502075346,0.0000000000
200,10114,92,462.6166942543,761.3853422610
200,10114,93,231.1035520721,860.9221175687
200,10114,94,471.0774662343,801.4288608033
200,10114,95,951.5812001568,793.1599248679
200,10114,96,297.3418156434,920.3088451390
200,10114,97,523.0403961272,299.7535085225
200,10114,98,284.0633461702,987.7985067047
200,10114,99,165.0090302892,722.7518484738
200,10114,100,348.1771465091,301.2487720985
200,10114,101,647.1685816293,367.1509843144
200,10114,102,645.4683201117,280.4223022305
200,10114,103,139.5843742192,791.9123846107
200,10114,104,697.2533777315,79.5358285809
200,10114,105,440.3294724926,95.6243068824
200,10114,106,386.7726063164,0.0000000000
200,10114,107,957.0119129167,267.3470335080
200,10114,108,815.3610567917,307.7948095638
200,10114,109,299.6588773168,224.6447417814
200,10114,110,360.3702556219,701.4303116507
200,10114,111,337.5788486560,0.0000000000
200,10114,112,334.7367627271,640.9464022423
200,10114,113,857.3301928943,719.4318269483
200,10114,114,171.0986583936,337.1885146305
200,10114,115,533.1480722650,917.5665000416
200,10114,116,331.1372293643,906.3834217618
200,10114,117,291.4462480839,404.1412102278
200,10114,118,129.8341265464,54.3116277694
200,10114,119,705.4299401000,291.9158719486
200,10114,120,634.4493321183,165.2936704132
200,10114,121,820.5711279318,49.3776147197
200,10114,122,111.4274502030,519.8077902132
200,10114,123,744.9185576341,318.7078558334
200,10114,124,323.1856195193,795.1731377589
200,10114,125,416.5147268852,33.9960225397
200,10114,126,264.6717440090,0.0000000000
200,10114,127,741.1054654115,208.4185605616
200,10114,128,620.9710996953,787.2836168300
200,10114,129,229.0401838076,684.1020853661
200,10114,130,519.3090082237,678.1892852113
200,10114,131,969.9583664361,252.7416137178
200,10114,132,105.3757671145,947.1280467582
200,10114,133,263.0789784242,617.4674319346
200,10114,134,738.7226773038,286.3714430818
200,10114,135,495.7194641819,524.8781153522
200,10114,136,719.5118459401,259.9230088314
200,10114,137,140.8356928138,341.4254804237
200,10114,138,157.8360285301,243.5390870133
200,10114,139,445.4186714076,112.4266929550
200,10114,140,315.9509939637,803.4926633884
200,10114,141,750.5537386876,248.7953259311
200,10114,142,60.9318291671,291.2397316034
200,10114,143,587.7758382190,432.4019461902
200,10114,144,342.9740753748,481.5864659978
200,10114,145,606.6237368868,246.5903427345
200,10114,146,700.5745151030,866.2229094619
200,10114,147,319.2627140776,148.9622472819
200,10114,148,730.9908158767,342.9545597989
200,10114,149,300.9080318971,61.6946498215
200,10114,150,276.6035038778,204.5541475859
200,10114,151,734.4403243762,240.4986382937
200,10114,152,790.7499281640,259.0112727837
200,10114,153,99.2228697918,111.5424443672
200,10114,154,340.3148656342,208.6955853241
200,10114,155,704.5164706356,198.4226215183
200,10114,156,303.2686380724,623.1899878476
200,10114,157,224.7798652321,870.9609033105
200,10114,158,265.8707028594,75.8635377216
200,10114,159,350.2852438948,271.3109271542
200,10114,160,579.9995545641,353.2728149995
200,10114,161,776.0902794893,733.5415234346
200,10114,162,237.4807929727,752.6854701024
200,10114,163,429.4408950628,683.3391076505
200,10114,164,838.6455508980,769.9774552078
200,10114,165,242.7792750819,233.0747247294
200,10114,166,377.5889915206,693.8530107588
200,10114,167,405.0495751855,268.8821253888
200,10114,168,249.3644133379,377.4875853207
200,10114,169,647.6519257060,778.6406992458
200,10114,170,677.4357509552,654.0939820733
200,10114,171,924.7350511960,601.4215152913
200,10114,172,342.2991460651,416.0345543457
200,10114,173,779.7071833890,159.4927793884
200,10114,174,462.3020525324,236.0168480682
200,10114,175,405.1061866396,830.2105075227
200,10114,176,630.1497614627,725.9213112293
200,10114,177,399.3741685141,952.4605794745
200,10114,178,925.4941257968,800.1271525985
200,10114,179,766.6028775273,872.0695983770
200,10114,180,1000.0000000000,636.1077088321
200,10114,181,299.3993557353,269.6234835505
200,10114,182,155.1649671996,439.6709740587
200,10114,183,373.4923804322,719.3937118408
200,10114,184,926.3333387171,728.4572829738
200,10114,185,252.8195315637,788.6272593323
200,10114,186,107.4641495548,838.8873510706
200,10114,187,795.8523551083,372.1345163080
200,10114,188,642.8882354383,901.0387905625
200,10114,189,73.8113232404,898.8855708081
200,10114,190,790.5922185085,744.3838293741
200,10114,191,695.8548921089,926.5408945565
200,10114,192,304.0050587225,694.7589757792
200,10114,193,0.0000000000,743.9201715453
200,10114,194,438.3360339243,499.6137593178
200,10114,195,976.5975860610,134.7397209559
200,10114,196,235.3011513918,250.9851166336
200,10114,197,689.3195377989,623.8985370413
200,10114,198,713.3933209437,683.5805295994
200,10114,199,377.2491011459,523.6566986532
200,10115,0,986.7441093720,335.7339454925
200,10115,1,544.6444504449,770.9416537890
200,10115,2,797.5096742760,910.3749156874
200,10115,3,618.8504402522,788.9066319993
200,10115,4,367.0406389943,765.6218344554
200,10115,5,151.7496479598,823.3650614098
200,10115,6,39.8832672883,835.0572673974
200,10115,7,364.6074828583,826.4829472883
200,10115,8,154.0017377238,239.7451308102
200,10115,9,725.9070628355,741.3063820125
200,10115,10,692.9569786340,352.4743675470
200,10115,11,308.9677500790,128.5325241118
200,10115,12,827.5492978840,149.8798324077
200,10115,13,797.9059318049,277.5524567016
200,10115,14,841.5813418165,714.9754455323
200,10115,15,217.9607826493,149.2683146392
200,10115,16,185.1416473023,861.2351472547
200,10115,17,392.1242841590,828.1888573610
200,10115,18,188.9850290450,762.9658716561
200,10115,19,385.4891220062,381.2940634166
200,10115,20,746.8753358208,364.7301939347
200,10115,21,719.3621960052,786.7394524795
200,10115,22,217.3953076782,93.4710491649
200,10115,23,484.5513850647,503.0747451946
200,10115,24,310.1366485117,142.5022781514
200,10115,25,897.0298346151,630.4169835155
200,10115,26,458.7878430108,238.5787765116
200,10115,27,298.7857513297,594.3467915088
200,10115,28,712.8707197767,721.6038468585
200,10115,29,434.9606111549,85.1187156935
200,10115,30,835.0318729942,402.3419760379
200,10115,31,180.0883210587,878.7691456522
200,10115,32,21.9270968064,853.3560586746
200,10115,33,376.8366327547,763.6967385768
200,10115,34,682.0628455651,811.7885328842
200,10115,35,125.3194932228,239.2149861627
200,10115,36,716.7936689636,685.3019150935
200,10115,37,750.4994352796,641.4737051386
200,10115,38,803.2215838465,289.5192921525
200,10115,39,290.5268961406,193.8399562462
200,10115,40,592.9494237304,57.9584656982
200,10115,41,811.1053112649,978.4569339097
200,10115,42,434.6946438073,724.5907722028
200,10115,43,140.4819794840,681.9943470460
200,10115,44,303.7499588281,718.8115093661
200,10115,45,535.3250785250,112.3221671018
200,10115,46,199.6724483579,421.6988028335
200,10115,47,749.9335077748,715.3230891664
200,10115,48,693.0631872584,175.8181375383
200,10115,49,599.6053440794,152.9355245252
200,10115,50,136.4667643138,882.1279753899
200,10115,51,123.1969224294,703.3910649112
200,10115,52,685.7417723368,812.8446128450
200,10115,53,274.4775997300,132.9374998603
200,10115,54,681.5396318105,16.1065349261
200,10115,55,600.3266120423,237.9778488181
200,10115,56,183.6899712252,727.7975786652
200,10115,57,707.4329341654,265.6000439976
200,10115,58,236.0295880447,263.1789037764
200,10115,59,864.6588473525,587.7922812985
200,10115,60,755.6218558504,890.2073894046
200,10115,61,267.8970216622,686.0918808677
200,10115,62,727.8384181519,856.4958394378
200,10115,63,546.6569136949,207.3591536962
200,10115,64,759.3999285296,339.1274608594
200,10115,65,781.8113559088,773.2168456326
200,10115,66,780.1357514362,0.0000000000
200,10115,67,686.4317398192,202.9112217460
200,10115,68,839.0223760665,757.1676862548
200,10115,69,668.8720531321,149.1897552407
200,10115,70,135.2397914291,803.7399604151
200,10115,71,407.1038430472,736.8047902773
200,10115,72,860.0425640804,510.1146342627
200,10115,73,307.4466640970,741.0954568199
200,10115,74,601.7264082456,333.6582865040
200,10115,75,208.4410942871,722.1735570190
200,10115,76,704.8254786378,975.7499709337
200,10115,77,624.5346044710,757.1045970940
200,10115,78,1000.0000000000,389.4692435752
200,10115,79,858.5902611477,549.8063729944
200,10115,80,775.4223478003,653.9198668588
200,10115,81,731.9338366067,656.7479540074
200,10115,82,713.0993107653,496.1620082596
200,10115,83,740.2535055450,779.4840775468
200,10115,84,779.8524345284,801.1082137805
200,10115,85,185.9968791840,827.6534541142
200,10115,86,117.0535398521,436.8602830298
200,10115,87,817.4420878849,709.9625037392
200,10115,88,237.7829189835,678.4515041479
200,10115,89,105.7913242913,255.1453919325
200,10115,90,330.9088881398,595.0030422285
200,10115,91,859.8911188649,810.1817679303
200,10115,92,646.3895822186,903.3394173367
200,10115,93,1000.0000000000,682.7072896114
200,10115,94,358.0312493504,217.3421503635
200,10115,95,752.5397398003,314.8944476156
200,10115,96,108.8854771113,101.7827815286
200,10115,97,634.7858092466,864.0710938132
200,10115,98,739.8837965585,875.9447181667
200,10115,99,684.0399919230,258.8554164411
200,10115,100,736.2591064254,159.4021226282
200,10115,101,743.2195449584,233.7189033437
200,10115,102,908.3917372125,324.5053026704
200,10115,103,684.6220906271,863.6736989332
200,10115,104,866.9078289119,709.4046431818
200,10115,105,810.6117926899,694.1904821474
200,10115,106,773.2027626556,880.0176015289
200,10115,107,651.9275162599,571.2464986303
200,10115,108,241.9123773362,90.3695142404
200,10115,109,227.7050833561,716.4525713233
200,10115,110,968.7413838925,182.3609462983
200,10115,111,741.5077805050,214.7524365631
200,10115,112,277.0815977348,284.3880913416
200,10115,113,644.7331186325,647.3249565464
200,10115,114,854.1796680305,986.4928950021
200,10115,115,781.5562538369,251.7504837510
200,10115,116,734.6243385697,413.5007144092
200,10115,117,389.4368327957,725.1990502998
200,10115,118,280.7415676457,279.5846844612
200,10115,119,679.7234032855,229.4154843078
200,10115,120,932.3068836504,686.3033368534
200,10115,121,308.7509579940,283.6550366846
200,10115,122,22.6651039351,276.9333793811
200,10115,123,705.7009688618,44.8286871597
200,10115,124,292.7430592083,310.1254666806
200,10115,125,918.6965970034,291.3293193982
200,10115,126,297.0315111492,876.3788645640
200,10115,127,0.0000000000,1000.0000000000
200,10115,128,314.6015815948,933.5394875840
200,10115,129,133.7341638524,737.4898780982
200,10115,130,806.0405699481,725.6714726088
200,10115,131,220.3961552620,677.4304160936
200,10115,132,562.9366031489,367.4539737090
200,10115,133,823.4430457271,765.0337564346
200,10115,134,743.4233749702,263.4813093187
200,10115,135,902.4949687624,747.8945470603
200,10115,136,625.5779141365,978.2307756535
200,10115,137,1000.0000000000,720.9647260030
200,10115,138,801.4036192879,796.1426303123
200,10115,139,633.9312808688,804.4612946014
200,10115,140,861.1179741500,247.1229657224
200,10115,141,731.7689985246,750.9482020572
200,10115,142,238.1318616396,811.1968791959
200,10115,143,695.8540379927,766.1080545812
200,10115,144,589.7174484340,266.2831159391
200,10115,145,0.0000000000,765.8869210654
200,10115,146,763.2192646884,891.1508429309
200,10115,147,890.9703566315,871.9322565920
200,10115,148,767.6184981603,354.8776474114
200,10115,149,900.9873983563,780.2138840783
200,10115,150,310.7587207683,839.2549355199
200,10115,151,873.4628627269,430.0287907094
200,10115,152,271.6913808604,907.6703508532
200,10115,153,225.8670321619,370.2397951337
200,10115,154,676.2236379074,649.7226408866
200,10115,155,760.8812946360,90.8431479866
200,10115,156,298.2623939682,140.3850598956
200,10115,157,794.7840832491,348.0725117474
200,10115,158,668.5231752181,598.5469465208
200,10115,159,410.4082733326,407.1806260514
200,10115,160,466.2377975804,127.6670547596
200,10115,161,754.6407294895,784.9734266133
200,10115,162,328.6810371078,751.0108779091
200,10115,163,522.1233835135,669.2522016625
200,10115,164,119.0275660621,188.7294021127
200,10115,165,86.9462471754,961.8502196117
200,10115,166,904.3156570009,948.5209074428
200,10115,167,107.5959193293,899.2275239060
200,10115,168,698.0229400308,146.3436924642
200,10115,169,673.3910449063,334.3622698215
200,10115,170,378.8655154345,238.1805180858
200,10115,171,730.2258162019,421.4060552451
200,10115,172,721.5871012662,712.1618030601
200,10115,173,851.9607154731,203.2039152123
200,10115,174,505.9346637090,837.2248762233
200,10115,175,134.3067442993,846.1785401962
200,10115,176,862.9250701503,248.2676152347
200,10115,177,653.7703391919,723.1112437214
200,10115,178,737.3257293280,670.4517329955
200,10115,179,862.5956572704,43.1797569805
200,10115,180,22.8060358919,253.7032591660
200,10115,181,508.2724338908,778.6855455495
200,10115,182,268.8385078152,926.6724773420
200,10115,183,271.1215419032,102.7502567600
200,10115,184,1000.0000000000,213.3937448155
200,10115,185,766.7457178409,295.4234383978
200,10115,186,828.6996960004,456.6637449280
200,10115,187,324.4711405078,749.4288023053
200,10115,188,582.0666942427,380.2809926185
200,10115,189,1000.0000000000,493.6010050641
200,10115,190,739.3319405722,205.3834695878
200,10115,191,831.1470679741,731.0900942896
200,10115,192,301.4641369745,367.1303459556
200,10115,193,252.3555769207,909.5309945766
200,10115,194,327.6494735750,127.9483952657
200,10115,195,791.4498630737,340.3579051097
200,10115,196,50.8062254672,81.8052162145
200,10115,197,774.3861956021,721.5536328107
200,10115,198,905.7143450009,969.3060479598
200,10115,199,283.8356543547,283.8875974484
200,10116,0,625.6335300912,159.0874828139
200,10116,1,144.4491819840,669.5639587364
200,10116,2,700.7374009180,567.5032261832
200,10116,3,617.6508953945,788.0506070474
200,10116,4,671.4101180683,16.3247051927
200,10116,5,404.9047298841,210.4715534231
200,10116,6,763.6636222314,192.5142263464
200,10116,7,240.5184308130,774.9930600660
200,10116,8,891.0368599992,996.3148588661
200,10116,9,834.2544123934,921.2095275209
200,10116,10,257.3452185417,554.6496574516
200,10116,11,804.1098102705,480.1357693833
200,10116,12,766.5629878101,249.4408269914
200,10116,13,199.5928846677,213.4626692838
200,10116,14,0.0000000000,722.4059807458
200,10116,15,336.9325235997,242.8159989541
200,10116,16,396.1622179049,114.2222461640
200,10116,17,86.8633489909,463.8176221350
200,10116,18,717.7342500664,790.7133074889
200,10116,19,483.8828059029,147.8745007461
200,10116,20,394.8451466413,869.4301522103
200,10116,21,941.7335034266,777.8025374320
200,10116,22,797.9646805760,803.9722958282
200,10116,23,803.9460786958,397.3748923636
200,10116,24,896.8662745160,870.2945805410
200,10116,25,859.0522647490,753.4304544737
200,10116,26,324.1260074145,791.6732801850
200,10116,27,718.1482231964,169.5930396403
200,10116,28,139.3296520272,48.9252484482
200,10116,29,145.3162322588,359.2794916998
200,10116,30,655.0379537165,793.5178466200
200,10116,31,686.5802243493,724.7084117160
200,10116,32,241.4764095529,282.6180479666
200,10116,33,729.0431614354,236.0898981824
200,10116,34,712.7863176945,223.4049851250
200,10116,35,814.0765199648,651.5898986982
200,10116,36,194.9218026441,698.3408970757
200,10116,37,595.7824859238,184.4516720204
200,10116,38,355.8980579730,354.3259407382
200,10116,39,316.7236382013,873.6878375250
200,10116,40,595.4029313145,788.3467240793
200,10116,41,899.7253785582,821.5187436982
200,10116,42,313.8176531143,300.7757302712
200,10116,43,718.7275303751,447.3649101058
200,10116,44,172.4949794950,436.3048264835
200,10116,45,279.2656084273,218.1794418827
200,10116,46,157.6216552880,885.5366848305
200,10116,47,780.1262474552,306.9123016074
200,10116,48,355.4796951878,180.5401040587
200,10116,49,723.8327213519,172.2941393003
200,10116,50,838.7099654900,180.0832492848
200,10116,51,878.4221802304,298.3534288802
200,10116,52,224.2591756714,89.4322341459
200,10116,53,298.8863422763,786.7090084860
200,10116,54,742.5168449955,808.8143970345
200,10116,55,567.7867238680,751.2796385799
200,10116,56,440.2908978898,677.9348977652
200,10116,57,168.7355430337,837.4796712382
200,10116,58,350.9296665009,262.3109777433
200,10116,59,840.4782793155,761.5294883023
200,10116,60,315.6194087538,523.8840763054
200,10116,61,187.5510175930,266.9215313268
200,10116,62,269.3166904252,726.4256968069
200,10116,63,761.8274646622,408.6820052032
200,10116,64,282.5314902869,667.9231308901
200,10116,65,251.0654639900,814.6057277913
200,10116,66,295.2853196118,795.2679562384
200,10116,67,694.5249441657,245.5655119598
200,10116,68,822.0208576333,190.8940096431
200,10116,69,353.5516900870,215.4384198638
200,10116,70,728.0331960799,571.6163230313
200,10116,71,349.5853591147,816.9836479417
200,10116,72,710.5830018527,592.5104062178
200,10116,73,399.1758234697,277.1828663803
200,10116,74,73.6726808619,445.3737996797
200,10116,75,522.7933698817,555.8354822512
200,10116,76,227.7163850608,266.9544473371
200,10116,77,597.1398245183,763.0454273154
200,10116,78,768.0215742824,776.6381891600
200,10116,79,69.2684404117,738.5138199335
200,10116,80,445.2729325435,693.5748024123
200,10116,81,816.8739851001,623.6665621773
200,10116,82,572.6379267449,778.7122722655
200,10116,83,131.4686145772,290.5234626793
200,10116,84,710.4641246598,768.6341804984
200,10116,85,567.1021368485,651.3354013385
200,10116,86,309.6077013950,876.0298957414
200,10116,87,859.5517841620,158.6780664092
200,10116,88,755.4400815486,335.0825434870
200,10116,89,224.0842786390,686.5061361848
200,10116,90,461.9350248595,157.0749319130
200,10116,91,101.2917067894,958.0834775139
200,10116,92,181.5584418248,103.1122336297
200,10116,93,160.7347923508,120.6892599314
200,10116,94,920.0367224416,569.3351278696
200,10116,95,114.3694392845,790.3774773233
200,10116,96,480.3807491085,826.4506434802
200,10116,97,234.0044515089,656.9683945910
200,10116,98,645.5686264597,1000.0000000000
200,10116,99,720.0195215414,269.5126235034
200,10116,100,199.9025586626,799.7718951919
200,10116,101,881.2817918815,258.0654744536
200,10116,102,122.4201550100,0.0000000000
200,10116,103,273.5698260266,392.4770109391
200,10116,104,275.1578998142,315.1821776417
200,10116,105,854.0664009381,141.3649781344
200,10116,106,28.2030457114,548.3543738555
200,10116,107,156.9231712754,927.2287155540
200,10116,108,54.5535330643,961.6932390563
200,10116,109,738.9742904055,759.3062425488
200,10116,110,845.5229790589,232.1012841489
200,10116,111,199.3026612310,700.3418166082
200,10116,112,92.6926779226,820.9601747941
200,10116,113,703.1513903569,931.5553873214
200,10116,114,375.6343210619,750.6745287030
200,10116,115,202.2930543310,203.8410704794
200,10116,116,655.4651519237,870.2769856650
200,10116,117,260.4172707050,770.4314839888
200,10116,118,164.7308166317,202.0405604214
200,10116,119,229.4967841968,168.4121219101
200,10116,120,674.6343557745,526.6655994742
200,10116,121,658.4461601907,858.2169394520
200,10116,122,189.1510893649,942.5874122717
200,10116,123,809.4644029295,359.0771522611
200,10116,124,263.0003491738,808.6822007186
200,10116,125,770.3566728002,364.3229027323
200,10116,126,242.4464880784,242.1360384609
200,10116,127,1000.0000000000,808.8299134761
200,10116,128,1000.0000000000,90.6640984070
200,10116,129,668.6242852318,391.3638919786
200,10116,130,837.7481002486,195.1621426203
200,10116,131,139.8692054799,360.5115636789
200,10116,132,51.2605878733,286.8841030665
200,10116,133,173.4659966883,492.8791859004
200,10116,134,71.5695636513,506.7879862834
200,10116,135,297.7072985711,291.3604547253
200,10116,136,802.7840571680,449.9548815911
200,10116,137,652.9389048719,699.0967470324
200,10116,138,743.2819637312,712.6040302489
200,10116,139,264.1915035600,746.1604308684
200,10116,140,851.4179825252,158.6804908367
200,10116,141,263.1740941376,772.2302333064
200,10116,142,370.9920486677,332.4311190851
200,10116,143,645.1944615127,221.4718246666
200,10116,144,268.1609917383,649.6807000309
200,10116,145,140.4884502202,765.3656252657
200,10116,146,337.6934426802,381.3515297268
200,10116,147,461.7152026409,1000.0000000000
200,10116,148,809.9084885230,351.1350074877
200,10116,149,734.4492633074,868.0612607826
200,10116,150,595.0988934199,274.0713428011
200,10116,151,720.7237877867,88.8104905710
200,10116,152,198.5870410013,777.4934752686
200,10116,153,785.0302408825,237.3446153308
200,10116,154,649.8160602980,861.6926292350
200,10116,155,269.1841211878,233.4580778447
200,10116,156,792.6784704465,657.3858772581
200,10116,157,830.0113797681,294.5991607102
200,10116,158,600.9778046759,669.9782148548
200,10116,159,775.2117683163,857.9090369386
200,10116,160,729.4062259827,760.8204594752
200,10116,161,212.4970918197,738.4506329449
200,10116,162,135.7152595715,722.3957322981
200,10116,163,761.4324736706,269.3336262340
200,10116,164,416.5474329004,377.5259486988
200,10116,165,970.3015524151,282.0313460975
200,10116,166,189.2479714692,327.6928386170
200,10116,167,196.3063745034,0.0000000000
200,10116,168,833.9320955780,811.9991776009
200,10116,169,228.6173737199,869.6856969074
200,10116,170,687.8283899545,373.9276853082
200,10116,171,172.0657796263,644.5379776514
200,10116,172,840.2742388804,841.1439078910
200,10116,173,368.9648547107,299.3303147868
200,10116,174,278.7283053030,275.3438601862
200,10116,175,712.8631858660,627.1524618909
200,10116,176,649.1643385820,773.5183741263
200,10116,177,421.4971330384,179.5023305158
200,10116,178,591.8242363257,856.9224876008
200,10116,179,158.4647084464,292.9284050272
200,10116,180,423.9031566326,306.0477757944
200,10116,181,892.2932908478,149.6632550384
200,10116,182,843.7542442711,366.9122862720
200,10116,183,601.3149398751,663.3055665546
200,10116,184,843.3774125981,739.2275560705
200,10116,185,783.5468765742,795.6888555325
200,10116,186,797.0559174935,338.4020515346
200,10116,187,337.5541751670,5.3024729583
200,10116,188,515.7931490843,839.6735131431
200,10116,189,273.7723460420,184.8243068801
200,10116,190,202.3899953548,766.4095523688
200,10116,191,115.9841070065,607.7714617289
200,10116,192,568.9619587610,755.6601615652
200,10116,193,838.4847525962,745.4489071732
200,10116,194,206.4808257177,240.7782010880
200,10116,195,80.8130179390,319.4342886336
200,10116,196,728.0757818535,34.6001262682
200,10116,197,905.8049308732,797.3281652959
200,10116,198,132.8266715576,619.3663159098
200,10116,199,170.7309911774,794.4247301722
200,10117,0,303.3286221661,319.3430752465
200,10117,1,238.9554241468,684.3320171736
200,10117,2,301.0009430378,459.2150511528
200,10117,3,616.4546759163,787.1776068145
200,10117,4,167.5799579482,331.7903001892
200,10117,5,46.3621007609,720.9893512113
200,10117,6,329.4192201519,340.6888072883
200,10117,7,596.3432489532,728.8307653900
200,10117,8,316.9938410233,601.6372255399
200,10117,9,787.7458833963,632.1095760125
200,10117,10,771.8140135495,797.2181992721
200,10117,11,743.3577280909,631.4914436527
200,10117,12,356.7309574641,370.0990966918
200,10117,13,801.0909249614,795.9504676773
200,10117,14,372.4794569339,829.9158072163
200,10117,15,740.5049340143,815.9254186562
200,10117,16,212.0315789080,768.5492880233
200,10117,17,246.4244780015,862.2935286333
200,10117,18,250.8313489778,289.4090838245
200,10117,19,823.5552064232,747.3049243922
200,10117,20,785.4027530776,742.1213223917
200,10117,21,203.5170080572,642.1918964712
200,10117,22,562.4766982187,687.2120411774
200,10117,23,677.7897360350,242.0901329928
200,10117,24,232.4939211571,764.9957794282
200,10117,25,977.6858588303,960.3735067678
200,10117,26,333.6051777836,406.0542204234
200,10117,27,44.7310668483,134.3915164495
200,10117,28,235.5126316762,86.8904336292
200,10117,29,802.9176517312,685.2416039095
200,10117,30,136.0288498949,438.0873277711
200,10117,31,803.4666004707,550.2556752188
200,10117,32,296.2694775467,812.8898048689
200,10117,33,330.0652547502,394.3530426946
200,10117,34,849.2872555245,520.3287423570
200,10117,35,302.8754952927,846.1120570330
200,10117,36,678.2521018762,218.8034895400
200,10117,37,561.2613367611,933.5979221079
200,10117,38,918.2287509812,969.7048279337
200,10117,39,520.7836411442,760.0273737508
200,10117,40,730.3946401924,347.1984035987
200,10117,41,856.2409500591,702.7847029144
200,10117,42,266.9944461195,938.4652401774
200,10117,43,849.5121375652,655.1473767595
200,10117,44,719.8211422495,634.9626399411
200,10117,45,802.7883949643,818.9136616623
200,10117,46,631.2920332803,342.0560070940
200,10117,47,678.8320583899,701.3937543533
200,10117,48,828.1168899113,889.5756189942
200,10117,49,817.6669764414,63.4808841710
200,10117,50,211.0542289203,269.9795064252
200,10117,51,619.9631580064,199.8678971437
200,10117,52,1000.0000000000,382.5786866367
200,10117,53,42.8877351223,360.0918501510
200,10117,54,807.7736522765,153.1478007026
200,10117,55,129.6023514283,258.6953923664
200,10117,56,692.4066823240,349.6956804312
200,10117,57,698.0668409834,932.0812970358
200,10117,58,663.2025160550,615.1731321649
200,10117,59,821.3331421161,938.4672289887
200,10117,60,702.7653399944,318.3126136375
200,10117,61,295.3043961367,793.7839088295
200,10117,62,72.2382340259,825.7971106821
200,10117,63,862.4469560732,208.2759003491
200,10117,64,184.1039405360,806.7322364149
200,10117,65,683.7986669450,301.7662289875
200,10117,66,645.8687025323,760.8208389737
200,10117,67,736.0162048725,257.2450792122
200,10117,68,261.2242348584,153.6798620539
200,10117,69,747.0568311674,838.1809565438
200,10117,70,1000.0000000000,801.8506343979
200,10117,71,774.4979939112,828.4253713610
200,10117,72,671.2388177138,690.1223754150
200,10117,73,1000.0000000000,427.5258044238
200,10117,74,219.3130462880,320.3545234676
200,10117,75,812.2227896373,987.1841079794
200,10117,76,667.2739868417,243.9775011792
200,10117,77,566.3766687336,771.0052544541
200,10117,78,753.4282353086,303.9422427970
200,10117,79,302.9618549234,386.4406846497
200,10117,80,814.0262709472,309.5689130188
200,10117,81,432.8425289331,671.4141921335
200,10117,82,189.2998259000,630.4387888582
200,10117,83,69.3829319086,128.4117322570
200,10117,84,743.0956249366,731.2050051022
200,10117,85,277.3484709291,161.6164365412
200,10117,86,316.4172192019,254.5792231788
200,10117,87,396.1991087541,582.2781511467
200,10117,88,754.0183050186,153.0359414630
200,10117,89,405.8656299683,107.9129229007
200,10117,90,280.6683417302,758.2658978476
200,10117,91,664.3070748891,171.7619177863
200,10117,92,890.6978699740,264.7570293578
200,10117,93,207.8328268784,814.3287782662
200,10117,94,778.2809229970,130.7111560348
200,10117,95,126.4362115062,43.5770830089
200,10117,96,0.0000000000,304.9342777318
200,10117,97,1000.0000000000,369.0251759336
200,10117,98,174.3642094551,380.5229332526
200,10117,99,599.1870859864,495.9137505863
200,10117,100,793.4880034438,756.8775659772
200,10117,101,624.7191849655,470.2643656770
200,10117,102,219.2334680584,344.4062328688
200,10117,103,368.9037213214,854.4506745119
200,10117,104,513.3971014875,350.7795863105
200,10117,105,908.9588287772,561.7444049881
200,10117,106,882.2536084187,260.8016295516
200,10117,107,445.5723069389,230.0560172272
200,10117,108,851.2823276617,247.0666631473
200,10117,109,471.3961114262,458.3718251606
200,10117,110,441.3230355991,236.4771989119
200,10117,111,655.7321980391,729.3624610970
200,10117,112,734.6281138489,165.8242565502
200,10117,113,989.2058803699,684.3456796319
200,10117,114,868.3934298768,0.0000000000
200,10117,115,758.0293379410,840.5973822902
200,10117,116,615.5450407552,296.3997559155
200,10117,117,143.1316029212,852.9651444350
200,10117,118,387.4326198529,286.3358238780
200,10117,119,317.2350643962,183.8138681664
200,10117,120,204.3759571134,196.1560387672
200,10117,121,99.8649960402,566.8452245967
200,10117,122,384.4151707344,370.2864034458
200,10117,123,723.8600323722,223.8700550025
200,10117,124,242.1275069157,292.7843786008
200,10117,125,704.6419662756,280.5342391340
200,10117,126,387.9614027605,807.7663236807
200,10117,127,168.4040264442,28.6676143988
200,10117,128,208.9493757856,165.6459010626
200,10117,129,383.2578320643,431.4892609839
200,10117,130,857.2839796618,658.2426710222
200,10117,131,1000.0000000000,359.5821114898
200,10117,132,567.3514033634,714.1420073728
200,10117,133,598.4250125384,184.3358592519
200,10117,134,61.6360231824,447.9208512631
200,10117,135,274.0417475328,435.8265786928
200,10117,136,896.2773941190,840.7926743447
200,10117,137,846.6078788204,927.8590872160
200,10117,138,115.5273395194,1000.0000000000
200,10117,139,592.5662704401,264.1353827537
200,10117,140,271.2245582428,88.1439869175
200,10117,141,266.6629094835,222.9926070051
200,10117,142,479.6503134559,604.0197001573
200,10117,143,644.1075651819,636.3588632869
200,10117,144,266.6654977599,758.2450154293
200,10117,145,51.1174369749,794.7006329899
200,10117,146,905.0529178274,332.0384428672
200,10117,147,691.2262025932,669.9857403927
200,10117,148,851.0553329684,329.7095974980
200,10117,149,166.3166626104,744.6010452880
200,10117,150,812.8654050133,538.6828720208
200,10117,151,720.8110838059,368.4541646406
200,10117,152,622.0578324187,636.5621554378
200,10117,153,607.6358372588,135.0709032757
200,10117,154,404.2306588811,839.5320956917
200,10117,155,382.2700130116,260.5221692946
200,10117,156,786.1229446609,175.0056982837
200,10117,157,323.4690132640,240.7381693486
200,10117,158,84.3244002265,765.1956848079
200,10117,159,170.3326248012,977.8764898294
200,10117,160,312.5215582359,719.5889306967
200,10117,161,278.5790415607,718.0270893053
200,10117,162,889.4209921658,819.2762812397
200,10117,163,761.6829375121,678.6130659262
200,10117,164,225.2399791250,220.6880094545
200,10117,165,680.7047507643,569.8446208222
200,10117,166,583.3619762625,176.0962102643
200,10117,167,315.7524916277,783.6519875093
200,10117,168,658.8676270919,234.6905838942
200,10117,169,298.3947372961,369.8135141965
200,10117,170,172.6462118542,623.7048695760
200,10117,171,340.5150081612,266.7448498901
200,10117,172,80.1906846918,619.9764165952
200,10117,173,300.5626310088,386.6685075611
200,10117,174,782.9547850130,317.6192357511
200,10117,175,356.1470484521,261.3389979250
200,10117,176,334.8511106427,709.7488912333
200,10117,177,722.5877041143,298.0880045702
200,10117,178,825.1953066152,795.0703323063
200,10117,179,944.1528042389,788.3872390595
200,10117,180,630.2101082502,160.8369175050
200,10117,181,193.4919555812,363.9436833199
200,10117,182,868.1701920807,789.8187837182
200,10117,183,92.1287641794,871.8940908337
200,10117,184,903.5338642803,232.7945813363
200,10117,185,800.7531211074,289.1559767392
200,10117,186,90.2090642546,695.1653335001
200,10117,187,619.4631753915,141.1850197673
200,10117,188,0.0000000000,774.4961060732
200,10117,189,647.1113335540,740.7023472339
200,10117,190,272.6873599173,299.5822915054
200,10117,191,723.8122444969,338.2137233872
200,10117,192,844.2934398243,0.0000000000
200,10117,193,727.8703226698,498.6602556015
200,10117,194,274.6577619859,414.2754080504
200,10117,195,232.8751004696,202.9372464024
200,10117,196,365.4509490607,603.3430571739
200,10117,197,758.2875690137,819.3829494633
200,10117,198,339.9099361136,829.8096096591
200,10117,199,220.5213557613,127.8525120802
200,10118,0,655.3459523464,507.2560960012
200,10118,1,874.5690829245,62.4814161327
200,10118,2,196.3747369747,3.9223659489
200,10118,3,615.2618810578,786.2876377226
200,10118,4,978.6655140917,828.9113625838
200,10118,5,504.2419648308,399.9453437247
200,10118,6,570.1925644092,768.2666503112
200,10118,7,244.9007401300,192.8375048113
200,10118,8,657.9511378326,268.8791405217
200,10118,9,699.5709322160,777.1416703572
200,10118,10,147.8036740513,169.4222023057
200,10118,11,179.2030432255,529.0282017067
200,10118,12,238.7877570738,323.4506671995
200,10118,13,199.9411195585,694.4268431741
200,10118,14,216.6684123292,691.8912068602
200,10118,15,712.9226655868,735.6813567296
200,10118,16,864.1370823045,231.5453684050
200,10118,17,357.0963826748,587.0947931742
200,10118,18,763.9091297089,266.0995636003
200,10118,19,639.7970941482,301.8379367520
200,10118,20,300.6202859292,143.3958011755
200,10118,21,232.3126663337,775.1652993207
200,10118,22,353.3248828140,729.2619733670
200,10118,23,859.2931555394,79.2239637951
200,10118,24,696.2566154335,158.7147027244
200,10118,25,767.6704310301,909.3396194371
200,10118,26,245.7797126987,806.1850193359
200,10118,27,614.6668756109,772.9215605544
200,10118,28,287.1057058877,140.2986507672
200,10118,29,608.4194722961,954.1729264352
200,10118,30,415.5483067260,204.0498863990
200,10118,31,369.5222424692,267.2846629969
200,10118,32,859.8378357128,255.1426713875
200,10118,33,747.7448572590,669.4662782488
200,10118,34,933.2831978454,286.3477034233
200,10118,35,648.1381626191,251.2500955672
200,10118,36,169.2745238358,244.5897796864
200,10118,37,279.0553675049,824.0100104639
200,10118,38,802.2399367019,842.5056835706
200,10118,39,780.1305689929,180.1181063093
200,10118,40,1000.0000000000,975.5656961039
200,10118,41,268.2996597872,188.4007041836
200,10118,42,194.7379251484,313.1526112342
200,10118,43,258.5506441070,251.3002227868
200,10118,44,268.6863973151,764.6118556489
200,10118,45,642.8569851070,805.8244547443
200,10118,46,621.0562080231,796.5835588641
200,10118,47,854.8137713452,262.0307026386
200,10118,48,68.5259019788,835.0232011982
200,10118,49,333.2787815679,198.9491233064
200,10118,50,947.9392048367,692.9688253354
200,10118,51,881.6363022659,301.9410589106
200,10118,52,658.6938996690,299.7990654964
200,10118,53,241.9777038749,591.6589051439
200,10118,54,118.1067862491,344.4878248815
200,10118,55,471.2749440664,716.9601191142
200,10118,56,697.5857594272,0.0000000000
200,10118,57,256.0175783527,280.7763797006
200,10118,58,675.7349821013,985.3636830428
200,10118,59,688.4537669883,820.1167200881
200,10118,60,375.0577245029,156.2434207169
200,10118,61,764.0090921469,190.3494514486
200,10118,62,375.1432767369,759.8103591243
200,10118,63,702.1678054239,185.2725933592
200,10118,64,833.3848620956,730.6191800381
200,10118,65,652.0630272812,723.9456337391
200,10118,66,827.2936188290,631.6385334369
200,10118,67,614.1308699646,479.3685890305
200,10118,68,188.9186878794,669.9108220037
200,10118,69,190.2386923878,725.5141344713
200,10118,70,214.5769573462,313.5779870327
200,10118,71,740.2861470165,774.8130951507
200,10118,72,420.9229867386,758.3940835357
200,10118,73,333.8790694151,845.2274931744
200,10118,74,238.2355652243,382.7415787754
200,10118,75,544.6560512846,728.2237242735
200,10118,76,165.3847483072,663.6140755241
200,10118,77,26.0725806409,282.1202079352
200,10118,78,218.2873468671,312.7324195544
200,10118,79,329.9814696695,666.9865539791
200,10118,80,211.0435952576,433.3215665645
200,10118,81,588.6455902142,844.5552808509
200,10118,82,315.4899313859,185.3584621223
200,10118,83,245.5702312977,171.2362797725
200,10118,84,548.0513016377,669.4836608263
200,10118,85,945.1631331627,270.6587804028
200,10118,86,866.8853685004,571.3850855228
200,10118,87,284.2014736651,195.1794338218
200,10118,88,234.1624213150,357.1930851967
200,10118,89,361.5438291128,808.0630216878
200,10118,90,300.4994284165,319.1099996162
200,10118,91,427.0444754806,97.3395834631
200,10118,92,176.6328278169,847.4712264986
200,10118,93,959.8562326971,791.1994583227
200,10118,94,670.7852550611,483.9125427037
200,10118,95,811.2277734459,188.2771386100
200,10118,96,788.5839136759,720.1143587037
200,10118,97,608.8583949807,830.9597571643
200,10118,98,711.2678148625,291.7747226299
200,10118,99,725.3299678718,480.5235019877
200,10118,100,603.8924133451,0.0000000000
200,10118,101,689.2000839259,160.6845483219
200,10118,102,891.3518475897,666.6708588300
200,10118,103,922.9826472564,756.0392111756
200,10118,104,677.1491567536,593.9618530443
200,10118,105,299.4718721977,683.3483389299
200,10118,106,0.0000000000,414.9008643811
200,10118,107,627.5235918700,600.7036979813
200,10118,108,123.8421279068,128.3565809864
200,10118,109,908.1611585371,37.8516576505
200,10118,110,321.4701203315,253.1540166057
200,10118,111,137.2814793609,290.3800994235
200,10118,112,966.3998536159,763.5447400935
200,10118,113,720.3626598832,720.5213551385
200,10118,114,161.3558640424,149.8670895294
200,10118,115,316.0251791363,658.4687938509
200,10118,116,121.9764599888,218.6352548327
200,10118,117,216.1011451834,731.0959113843
200,10118,118,56.9877421540,249.0747519897
200,10118,119,350.5937321182,276.9884680136
200,10118,120,365.7895798511,738.2817895400
200,10118,121,822.5982592678,209.8971265961
200,10118,122,397.8031336775,684.5511843358
200,10118,123,908.6046949840,336.3859094058
200,10118,124,240.9970534440,763.6887387190
200,10118,125,560.9167091789,130.9742502573
200,10118,126,202.2753426542,250.5948515502
200,10118,127,622.9688610329,418.3624715212
200,10118,128,621.4547933187,821.9434513801
200,10118,129,788.6665386711,741.4261061566
200,10118,130,370.0341442381,111.5463781546
200,10118,131,748.2785901139,643.1345017673
200,10118,132,605.4025539662,657.1084759587
200,10118,133,302.6078100120,656.4242867925
200,10118,134,52.8329925066,402.0538278840
200,10118,135,695.1776544545,330.2693858536
200,10118,136,890.8094327096,221.2045063903
200,10118,137,756.9061687861,675.4888646487
200,10118,138,459.7016967799,654.9207703127
200,10118,139,318.8043547035,255.8586277002
200,10118,140,643.9299372673,587.0269774175
200,10118,141,213.3415609680,747.4372200970
200,10118,142,233.1665729933,145.5082085851
200,10118,143,708.3346453123,39.2673281430
200,10118,144,620.7548783747,891.6146469130
200,10118,145,677.5023155561,772.6463426473
200,10118,146,445.1595569445,748.3159962700
200,10118,147,887.8892087187,670.8003861093
200,10118,148,883.7828090397,291.3120201574
200,10118,149,749.9236348325,213.7947087040
200,10118,150,280.3279365992,777.2870456779
200,10118,151,799.4728130850,186.6565483942
200,10118,152,776.0422664310,683.0619779158
200,10118,153,235.6762051675,855.9213560625
200,10118,154,817.2979893517,47.3303946496
200,10118,155,913.4160775059,943.8357423161
200,10118,156,277.8241107716,194.6965833693
200,10118,157,788.6719247850,713.2941966933
200,10118,158,622.3467056850,352.3676682652
200,10118,159,656.6027642648,323.7562982449
200,10118,160,659.3069760859,290.6809570336
200,10118,161,268.4761945521,792.4260761955
200,10118,162,593.7880629097,622.3006613564
200,10118,163,171.0120739196,318.2147395469
200,10118,164,798.8516191177,342.6302726726
200,10118,165,641.9854882702,380.3878305868
200,10118,166,258.4862412578,700.9250111809
200,10118,167,645.9491236237,301.1552184871
200,10118,168,826.1480056390,726.1653079238
200,10118,169,860.9435890025,330.2547354024
200,10118,170,907.8780032233,751.0898355173
200,10118,171,714.3764295548,272.7502407892
200,10118,172,810.7972357649,284.5645067239
200,10118,173,176.0042448595,395.9574778631
200,10118,174,756.0860128215,852.5972753132
200,10118,175,709.1802211510,323.5957101161
200,10118,176,183.5593947061,301.2182200285
200,10118,177,229.5263290210,609.1885121976
200,10118,178,770.6660864442,551.1257352368
200,10118,179,197.6840293626,692.9193453456
200,10118,180,317.8402715357,848.5569886545
200,10118,181,247.0579382671,667.9848544765
200,10118,182,346.9279010217,725.7998168654
200,10118,183,813.3780228426,477.1537555672
200,10118,184,987.7106342466,724.1919389116
200,10118,185,315.9690854750,276.1178380756
200,10118,186,531.8750396998,123.9524237352
200,10118,187,151.5002457459,806.9780374506
200,10118,188,202.5739899552,239.2545681480
200,10118,189,272.6558958153,882.3767027029
200,10118,190,800.5503453822,220.6292073834
200,10118,191,951.4247441105,201.1435605900
200,10118,192,804.8540618855,799.4874007576
200,10118,193,101.1673096959,268.5885851031
200,10118,194,313.2957629300,214.8772032031
200,10118,195,380.7326188677,208.3357114714
200,10118,196,910.9005289486,728.0213902241
200,10118,197,587.3130827275,845.9065008847
200,10118,198,197.6582253851,713.2417659494
200,10118,199,411.1785477562,755.9675051887
200,10119,0,763.8421505001,906.8691518100
200,10119,1,390.1352985294,216.9470519788
200,10119,2,812.9842522410,577.1206273216
200,10119,3,614.0718341199,785.3530785191
200,10119,4,735.7872049716,136.7326825802
200,10119,5,211.3719129820,698.8241447067
200,10119,6,900.7260081620,0.0000000000
200,10119,7,915.3157657953,196.1945186733
200,10119,8,452.1594716184,435.2846475797
200,10119,9,458.1612834190,808.3802097343
200,10119,10,960.9735121841,292.1755522310
200,10119,11,695.3149812921,163.5329140412
200,10119,12,77.0256737630,353.9926558043
200,10119,13,797.3406196169,315.2060886571
200,10119,14,260.0124638954,953.8083846687
200,10119,15,923.1527112721,493.6347210043
200,10119,16,569.8382878205,725.7421706320
200,10119,17,197.3791809688,774.7274717421
200,10119,18,578.2490691108,805.3370513622
200,10119,19,363.1164942212,623.0591268174
200,10119,20,163.8434503683,578.3448722802
200,10119,21,431.8771445990,761.2088749319
200,10119,22,557.4408153372,418.6305150137
200,10119,23,807.6854998619,345.9084955560
200,10119,24,407.9733277101,191.2451888642
200,10119,25,702.4402218057,818.9522572928
200,10119,26,159.7837451288,370.7208417430
200,10119,27,212.4746467428,792.5858822695
200,10119,28,794.2470923013,201.6114516528
200,10119,29,826.3210461950,618.9903549708
200,10119,30,769.4342008532,850.3134396795
200,10119,31,749.3602364669,274.8936834383
200,10119,32,843.3031301101,645.2939543575
200,10119,33,657.4498662191,441.3904527537
200,10119,34,252.3930219391,895.1038471945
200,10119,35,293.2305976306,166.6775987391
200,10119,36,169.6326993472,272.7890785372
200,10119,37,388.0493788883,253.2035219093
200,10119,38,319.9543589246,927.7871783418
200,10119,39,345.7577759112,860.7949250559
200,10119,40,413.7341425969,163.2477333555
200,10119,41,112.0966387732,37.3142777975
200,10119,42,558.0904119135,258.2847364600
200,10119,43,821.0631573442,377.7759817726
200,10119,44,575.9823049233,247.7642561638
200,10119,45,203.2412004032,602.4020927541
200,10119,46,125.7100448440,754.1722186545
200,10119,47,634.4005125387,794.9229962581
200,10119,48,654.5793117148,0.9258661422
200,10119,49,470.1805643838,277.1566824427
200,10119,50,113.8210488578,761.8585691506
200,10119,51,616.7670811609,196.2146473418
200,10119,52,270.6275047235,572.6905195023
200,10119,53,846.1851747856,289.2375266217
200,10119,54,475.1274821990,701.9340767359
200,10119,55,661.0169985195,770.3226120616
200,10119,56,368.6415298547,354.9885935014
200,10119,57,319.2607474741,338.5392369272
200,10119,58,817.4318572754,722.4618580014
200,10119,59,551.0122798835,702.9852890523
200,10119,60,486.8444978715,837.3827930413
200,10119,61,693.2760460117,767.9820340736
200,10119,62,199.4478667687,718.3401919072
200,10119,63,239.8140458754,263.3080255132
200,10119,64,168.4595112653,228.8258034564
200,10119,65,205.5372820328,640.8863901141
200,10119,66,305.6553664545,423.4827977854
200,10119,67,755.1285345825,472.8463135730
200,10119,68,646.7649333323,234.2209121371
200,10119,69,770.9847217239,227.2095934220
200,10119,70,665.5866126833,158.8505600518
200,10119,71,550.9045106446,864.4563125361
200,10119,72,614.2881514776,864.5029376915
200,10119,73,841.2580628064,973.3386349965
200,10119,74,795.4756674659,940.3521462536
200,10119,75,330.4350502263,90.7356510109
200,10119,76,741.7175142634,591.3398638357
200,10119,77,0.0000000000,303.4326864417
200,10119,78,179.0596635893,795.6115567826
200,10119,79,671.1995183100,222.7217608148
200,10119,80,679.3628464612,774.2402032302
200,10119,81,299.8755317852,819.7894775916
200,10119,82,282.2830664142,766.9149260049
200,10119,83,370.6418004705,147.3775349584
200,10119,84,296.3515963561,1000.0000000000
200,10119,85,257.4890601857,833.7705598837
200,10119,86,689.6636963695,134.3057569995
200,10119,87,800.8687676615,129.2274753010
200,10119,88,779.7785995362,634.3220973490
200,10119,89,744.6803972346,791.3036665609
200,10119,90,744.3330305979,874.0915867720
200,10119,91,309.5694538193,838.5625915152
200,10119,92,711.4560924554,654.8899752735
200,10119,93,226.5776223610,129.8413082323
200,10119,94,153.9910921672,658.8722863888
200,10119,95,389.2479672381,831.8012932364
200,10119,96,718.6698788000,319.7390657823
200,10119,97,258.4721674017,655.4371205448
200,10119,98,603.1948307696,350.5541487659
200,10119,99,815.6949189945,437.5639825269
200,10119,100,139.9531086412,969.7786797635
200,10119,101,954.9176701094,220.7669415558
200,10119,102,481.8893749785,698.3776141752
200,10119,103,400.6620351775,135.1865110458
200,10119,104,355.6826699563,196.1928242870
200,10119,105,332.2342479048,123.3313721641
200,10119,106,794.4093262641,624.2906998157
200,10119,107,194.2331411081,931.3323910460
200,10119,108,250.1372438279,768.3522867559
200,10119,109,42.5237501751,629.5052296396
200,10119,110,911.3697317092,775.8376520123
200,10119,111,661.5557067663,362.2618743427
200,10119,112,714.3965866699,362.7604194329
200,10119,113,727.1783818420,834.9975684570
200,10119,114,423.3908365222,852.5741534832
200,10119,115,619.3506790479,280.9213429098
200,10119,116,166.4225745837,661.7426740814
200,10119,117,282.9015392061,598.1808070703
200,10119,118,532.0684624259,178.2524153239
200,10119,119,780.2302289660,859.6468583148
200,10119,120,172.8387766753,390.8312771657
200,10119,121,299.2778975036,397.3616627153
200,10119,122,251.0254465897,105.4646425284
200,10119,123,649.0908718517,228.2732134456
200,10119,124,1.5270513249,416.0243164055
200,10119,125,771.9036472395,100.3612867258
200,10119,126,400.6817894869,682.4453877551
200,10119,127,440.4012345597,764.3385333459
200,10119,128,364.8485568424,930.2168066207
200,10119,129,268.9508628287,655.0131765427
200,10119,130,381.6643858894,542.4316079659
200,10119,131,578.2925308531,325.8764442029
200,10119,132,157.4245027131,621.0375004403
200,10119,133,780.4873542551,771.5679610437
200,10119,134,547.9158675523,861.3269016729
200,10119,135,21.1892404258,806.8946519945
200,10119,136,817.5220915194,653.7736835537
200,10119,137,148.2881226503,875.1058907536
200,10119,138,559.1629660064,204.1376371374
200,10119,139,563.5970497655,700.5256532091
200,10119,140,522.4382884705,682.9663592463
200,10119,141,266.5391894948,287.7407519494
200,10119,142,64.0890558477,703.2043591258
200,10119,143,260.3824745052,722.3930196323
200,10119,144,683.4234310699,641.5810285550
200,10119,145,599.5418840291,810.8397426215
200,10119,146,941.6990178613,644.2983471432
200,10119,147,848.1554429805,976.2190241876
200,10119,148,901.3072348705,239.5970725432
200,10119,149,492.8926459111,233.3002395598
200,10119,150,656.9547868463,288.7497782208
200,10119,151,0.0000000000,950.1962157296
200,10119,152,933.7174629409,753.0650665933
200,10119,153,538.2971270194,624.5805652981
200,10119,154,0.0000000000,218.9161962216
200,10119,155,740.3301533572,856.5515066980
200,10119,156,264.9626228380,721.4829270759
200,10119,157,753.6412344538,729.7087007135
200,10119,158,200.8407299348,403.2338793415
200,10119,159,0.0000000000,276.9147973971
200,10119,160,366.9741936495,201.8365066506
200,10119,161,700.5537415144,249.0138243341
200,10119,162,927.2074937906,977.6998965312
200,10119,163,383.9291811850,747.8426431323
200,10119,164,707.7243971572,96.8930245032
200,10119,165,396.1215335851,276.6263126983
200,10119,166,886.9405213571,739.6874290946
200,10119,167,778.6421793115,595.9990351397
200,10119,168,702.8092013735,296.0465468122
200,10119,169,394.4584422201,759.5146717674
200,10119,170,660.2432691957,392.1631733897
200,10119,171,809.7366043139,517.2078673670
200,10119,172,615.6327170269,196.2953046843
200,10119,173,573.6122621394,800.3823989099
200,10119,174,707.7732398729,371.2307938970
200,10119,175,214.4081650261,704.5551931197
200,10119,176,297.1870163027,694.0291893410
200,10119,177,939.6750643595,931.6983230326
200,10119,178,160.6592035116,780.8694237195
200,10119,179,768.3268024680,418.8029109764
200,10119,180,725.6231952424,663.5282910439
200,10119,181,929.8065502526,555.5426374507
200,10119,182,800.0313604682,196.9638197312
200,10119,183,554.0360148393,284.6024711890
200,10119,184,820.9200931761,242.5340818494
200,10119,185,327.0253979521,757.4670558122
200,10119,186,210.7631405093,843.0562976751
200,10119,187,759.0360109331,801.6640393190
200,10119,188,185.3825657344,713.2636301132
200,10119,189,902.0410832179,180.4305897842
200,10119,190,213.6748564574,699.4994525557
200,10119,191,180.4999918301,177.5601764076
200,10119,192,137.6213701199,804.8486619034
200,10119,193,262.6199422998,327.7671173557
200,10119,194,105.0916272776,126.3518427457
200,10119,195,314.9441752817,486.6185277079
200,10119,196,363.6057761198,333.2471093295
200,10119,197,673.7200575708,695.0206392196
200,10119,198,962.9822265546,366.0032704583
200,10119,199,187.2705822017,445.1472539132
200,10120,0,267.6763464316,660.8670701288
200,10120,1,319.1961071356,289.7442629398
200,10120,2,742.5648663178,205.5321460593
200,10120,3,612.8863867794,784.4290067077
200,10120,4,51.5800825213,380.5533060346
200,10120,5,276.3322440083,350.9263586023
200,10120,6,287.7566130984,331.0730156179
200,10120,7,290.2688799112,817.1261754523
200,10120,8,768.4322402554,591.0294229399
200,10120,9,178.7871770514,628.5099282200
200,10120,10,183.0431101346,768.7508085768
200,10120,11,101.2860192660,110.6249137972
200,10120,12,146.8595116678,213.8968968998
200,10120,13,706.9952656090,175.3594497388
200,10120,14,298.4960760529,642.1611495930
200,10120,15,916.9003387384,928.7006538186
200,10120,16,597.9363151557,908.8019104893
200,10120,17,388.1476463470,765.3202854718
200,10120,18,997.7109558870,606.7728328419
200,10120,19,173.4254373027,477.3943875525
200,10120,20,708.2474010382,741.6615957081
200,10120,21,198.9117172849,654.1111826759
200,10120,22,294.1773721840,121.2649480586
200,10120,23,461.6525404222,273.4947198982
200,10120,24,799.7023350014,1000.0000000000
200,10120,25,526.7499241595,807.6075202733
200,10120,26,420.1765211277,874.9798310849
200,10120,27,741.9420324497,444.4434863995
200,10120,28,988.2813355108,144.9233584469
200,10120,29,713.6036398700,825.6361123874
200,10120,30,438.5030341642,284.9676697674
200,10120,31,577.9692522661,265.9116411729
200,10120,32,722.0660676235,79.1080835550
200,10120,33,344.2712548060,179.5216898836
200,10120,34,144.4528928505,274.5959083185
200,10120,35,298.4369514274,820.5708583891
200,10120,36,679.8883618515,800.0042859554
200,10120,37,834.1904119967,561.8252570107
200,10120,38,763.6886094974,307.0557174919
200,10120,39,16.7390840738,312.5340341367
200,10120,40,244.5361257793,628.8261746836
200,10120,41,77.2534685551,227.1114476787
200,10120,42,687.8205131728,690.2293420605
200,10120,43,735.6022980042,283.6050888943
200,10120,44,828.4490112438,691.8415610612
200,10120,45,443.0968357969,724.0759144170
200,10120,46,142.6236324400,219.1959620030
200,10120,47,843.5951093959,142.2514232568
200,10120,48,296.5449899482,235.9197072056
200,10120,49,328.7723265417,330.3898877639
200,10120,50,826.0472716917,258.1383833740
200,10120,51,884.8217293728,305.6633520830
200,10120,52,770.2756626568,768.1794654775
200,10120,53,723.9308304570,774.0591870727
200,10120,54,200.9618231117,240.0206764887
200,10120,55,922.6182225115,196.4780268926
200,10120,56,172.6034485972,246.9561085064
200,10120,57,913.4666345997,326.1663919203
200,10120,58,132.9629091885,687.5865637399
200,10120,59,725.8007483462,657.7560175180
200,10120,60,349.2305687030,750.1902724656
200,10120,61,793.1428962509,288.3110913939
200,10120,62,360.7392875395,939.0058354586
200,10120,63,456.3449659281,330.5520500830
200,10120,64,311.3869410705,305.6807753652
200,10120,65,818.6219399272,134.6602445372
200,10120,66,24.9856647819,162.3090126039
200,10120,67,356.3265788314,912.0048103020
200,10120,68,161.7570471455,312.4519493441
200,10120,69,375.8663887120,497.0969709099
200,10120,70,910.4745436851,176.0873697132
200,10120,71,76.9641148763,223.1105464663
200,10120,72,728.3268212271,860.0609525885
200,10120,73,255.5117683907,352.5617501621
200,10120,74,759.3295748442,764.9668871890
200,10120,75,354.5554193467,364.2976210750
200,10120,76,377.7898508055,89.0070667377
200,10120,77,195.0683855454,261.1238092626
200,10120,78,152.8040858778,253.8785700450
200,10120,79,754.2130959710,791.7902745346
200,10120,80,117.4688694489,638.3545996521
200,10120,81,742.2624880605,383.9128632958
200,10120,82,710.6832112810,474.5428417496
200,10120,83,1000.0000000000,318.0002187660
200,10120,84,11.7525872335,770.8848666015
200,10120,85,571.7017006861,802.0021880193
200,10120,86,195.4802074705,248.3686832937
200,10120,87,798.3278774652,552.0802393480
200,10120,88,204.3798443301,872.2993487681
200,10120,89,569.8247937495,290.9680673118
200,10120,90,641.8941698899,372.7320149199
200,10120,91,557.3173560922,348.5213437578
200,10120,92,331.1711374054,262.7254481691
200,10120,93,732.1379909839,261.6742059361
200,10120,94,0.0000000000,170.9530485608
200,10120,95,165.3463178530,543.1751551407
200,10120,96,743.3293629777,651.3187775939
200,10120,97,965.4294300195,431.3384640723
200,10120,98,169.9177634327,781.8120029822
200,10120,99,371.8895991334,373.0638389653
200,10120,100,956.9461691020,715.0308721244
200,10120,101,724.2086531506,329.3983241723
200,10120,102,304.6408581891,820.7681541378
200,10120,103,298.1845152803,547.4501057188
200,10120,104,780.6313254726,305.3766219512
200,10120,105,371.6132371191,534.1661129830
200,10120,106,345.5761988815,1000.0000000000
200,10120,107,428.8012023637,197.2553833141
200,10120,108,831.4962952308,169.0643338885
200,10120,109,661.5146184790,952.6541263103
200,10120,110,785.4670968008,759.9469820511
200,10120,111,731.9525587427,416.8259897273
200,10120,112,485.3154214852,588.0941454299
200,10120,113,869.7208301467,718.3961147016
200,10120,114,233.5704896941,890.9889154149
200,10120,115,388.7935460361,322.4167957017
200,10120,116,229.4364500420,140.6028460796
200,10120,117,300.0472389620,745.8931398456
200,10120,118,186.0866045568,285.1615868417
200,10120,119,664.1551708442,838.4179299795
200,10120,120,151.7692012584,555.4067001541
200,10120,121,481.1740561665,788.0871150200
200,10120,122,633.4398327678,696.3950524081
200,10120,123,1000.0000000000,228.7976858013
200,10120,124,0.0000000000,798.4705586184
200,10120,125,842.2709036475,224.3508793911
200,10120,126,704.1850422338,300.1417622336
200,10120,127,667.3316980146,597.1760420204
200,10120,128,784.5849149660,225.0726540042
200,10120,129,633.8600573990,168.4712601584
200,10120,130,267.9626771278,209.3717542334
200,10120,131,286.6778118037,784.5068699328
200,10120,132,714.4268674778,107.9840942817
200,10120,133,115.5348229082,403.6052016226
200,10120,134,547.4110979689,824.0248544505
200,10120,135,137.3789773430,690.7435372341
200,10120,136,736.8247364105,159.8702199559
200,10120,137,268.0690298359,744.4506448691
200,10120,138,856.0702889042,382.9481578099
200,10120,139,341.5268356333,792.4330206935
200,10120,140,0.0000000000,892.8225531485
200,10120,141,278.2825473550,714.6481824058
200,10120,142,213.2012614069,298.0969334583
200,10120,143,323.9480876443,193.0621440916
200,10120,144,313.2543116095,232.4690562409
200,10120,145,230.1121883086,260.0011256964
200,10120,146,885.7057023905,538.9348915162
200,10120,147,179.1617269954,771.6963865376
200,10120,148,898.4685954962,180.6485399313
200,10120,149,775.1004106307,934.5461450735
200,10120,150,757.2921631918,600.9815743603
200,10120,151,463.4031495947,736.1497973120
200,10120,152,277.7808584930,329.1218905869
200,10120,153,615.9327967816,655.1941217322
200,10120,154,753.3554745472,787.1319848282
200,10120,155,92.8050333176,879.5624072233
200,10120,156,389.1161897178,0.0000000000
200,10120,157,126.2132299891,497.9708340673
200,10120,158,792.8235534492,902.3551259571
200,10120,159,636.2084760359,693.1590480982
200,10120,160,605.6267861414,804.2644980211
200,10120,161,772.8579060322,202.7537639350
200,10120,162,722.9402423881,692.0990414644
200,10120,163,621.5417652686,646.0934338690
200,10120,164,262.5077211329,983.5766689295
200,10120,165,207.9738850839,627.8390875438
200,10120,166,327.8122831350,483.7341052917
200,10120,167,890.4141872495,401.9693487410
200,10120,168,265.9737411521,703.0415039524
200,10120,169,384.4839187171,177.4191007174
200,10120,170,171.9453188336,588.9010261684
200,10120,171,835.7637021034,406.9604017762
200,10120,172,488.4565617220,309.2931168106
200,10120,173,573.3229357799,642.8566670697
200,10120,174,146.8791124435,865.3223705140
200,10120,175,753.5051277010,749.0509520793
200,10120,176,221.2753631368,304.2896549899
200,10120,177,146.5779205885,239.4933435158
200,10120,178,395.8817146487,900.7162584125
200,10120,179,274.1234920354,208.4257949860
200,10120,180,747.1091166270,804.1806508891
200,10120,181,74.8432663545,144.3749386866
200,10120,182,756.6944945629,714.5354349197
200,10120,183,771.4646629383,710.5908377688
200,10120,184,882.7445227245,736.4630401111
200,10120,185,332.1267845234,234.7580670967
200,10120,186,691.4170770930,590.5263724773
200,10120,187,468.7301775794,289.4238978609
200,10120,188,184.3908551633,180.9296135604
200,10120,189,117.8822934555,89.5167442433
200,10120,190,200.5694378033,293.4221528608
200,10120,191,189.1187802946,462.0656509510
200,10120,192,237.3456751039,72.8958774857
200,10120,193,977.4738768169,204.5258725915
200,10120,194,217.7430074716,338.7547752790
200,10120,195,156.6778380454,271.5962240693
200,10120,196,770.4146527476,368.7335288965
200,10120,197,796.3731150416,533.2083449122
200,10120,198,597.7693908506,188.3076332765
200,10120,199,12.5127910916,592.6956532648
200,10121,0,625.1688564475,490.0355825233
200,10121,1,822.7031969573,988.0263307130
200,10121,2,259.8943033968,819.5477667261
200,10121,3,111.7046585042,783.4879802473
200,10121,4,846.6980296547,806.8801556971
200,10121,5,269.0971315229,610.7913589014
200,10121,6,606.0922879611,723.4633573850
200,10121,7,609.3999110709,885.3089508683
200,10121,8,170.3215263877,794.6943686485
200,10121,9,231.5625588948,826.3330581210
200,10121,10,855.4406812578,653.0627195028
200,10121,11,675.2300063191,709.2570529559
200,10121,12,655.5335153115,496.0091411269
200,10121,13,287.1295437475,333.6762768872
200,10121,14,740.8864113232,257.3141089826
200,10121,15,567.9725890705,855.6216660379
200,10121,16,173.1985030822,182.3249126486
200,10121,17,559.7520090448,602.2321131449
200,10121,18,340.4927139128,5.9775819883
200,10121,19,245.7968732947,696.3839150248
200,10121,20,158.1590915148,329.1611050251
200,10121,21,569.0884529379,558.6376291284
200,10121,22,257.4003807353,288.3560432625
200,10121,23,805.1560724678,111.4621484518
200,10121,24,161.9794888450,750.3206781298
200,10121,25,629.3185218432,689.9196545739
200,10121,26,625.8342603662,224.2358550956
200,10121,27,817.3129306556,340.5430827163
200,10121,28,929.0496225641,249.8626706325
200,10121,29,340.0208601930,517.6916062702
200,10121,30,244.5180634187,80.8915483061
200,10121,31,230.1729248086,657.0481858591
200,10121,32,63.3493552963,143.3636239316
200,10121,33,433.5526987438,802.2248837758
200,10121,34,220.6660149767,687.8860794802
200,10121,35,673.5686205257,258.5057531721
200,10121,36,199.3525204946,822.7700993500
200,10121,37,721.5127152858,219.5922274344
200,10121,38,263.6878687721,392.0460999732
200,10121,39,765.5240190561,168.8704397386
200,10121,40,198.2341961446,228.2899438454
200,10121,41,658.2276275145,332.4751552597
200,10121,42,750.6730838406,54.9863543970
200,10121,43,99.7612466021,788.9520668749
200,10121,44,176.1576255434,1000.0000000000
200,10121,45,739.6890308210,507.1524616193
200,10121,46,667.9832900123,694.8106282326
200,10121,47,712.9088289179,908.2063297248
200,10121,48,769.6491311939,837.1886855072
200,10121,49,275.9209492292,502.2657083468
200,10121,50,8.9937361594,175.4255820604
200,10121,51,613.6022854490,192.4267676203
200,10121,52,135.3035449562,276.1952454055
200,10121,53,687.4729542190,53.0219978994
200,10121,54,337.1418724130,811.1724690590
200,10121,55,697.3504063318,770.8328375972
200,10121,56,920.4569314331,621.5423785809
200,10121,57,678.1220616961,735.1354920092
200,10121,58,290.1393113376,944.5692934914
200,10121,59,402.5130806356,609.3001102258
200,10121,60,585.5327434105,194.6862267248
200,10121,61,760.4534065912,695.1418912650
200,10121,62,743.0631426594,107.6834094843
200,10121,63,265.3127975534,82.3406574689
200,10121,64,721.9268942844,173.4891384180
200,10121,65,900.1968461940,733.3434834288
200,10121,66,784.0377020478,230.6402136753
200,10121,67,404.7390681658,821.3788641278
200,10121,68,229.1639680331,859.8027111115
200,10121,69,26.0747113989,276.0070917177
200,10121,70,280.4310861835,1000.0000000000
200,10121,71,158.6719092157,150.1237481036
200,10121,72,766.3798935076,781.3789216571
200,10121,73,195.0406648381,940.8860046235
200,10121,74,825.9378485345,812.7359480748
200,10121,75,625.9058912791,299.4055853830
200,10121,76,1000.0000000000,197.4374544249
200,10121,77,163.4932958799,270.1239019088
200,10121,78,653.3549189342,698.2467850660
200,10121,79,973.7810116139,117.6724949429
200,10121,80,759.6271508599,190.3860405808
200,10121,81,624.3846704917,388.7554834829
200,10121,82,583.3069119452,772.8024191064
200,10121,83,797.0774714128,352.2117020258
200,10121,84,250.1683826974,530.4631377963
200,10121,85,215.3635236727,183.2105328619
200,10121,86,147.1769623055,921.3262983885
200,10121,87,253.8702944444,201.9310980876
200,10121,88,313.2386406505,623.0965620117
200,10121,89,691.5377255699,659.8347498702
200,10121,90,539.4687065546,786.6138189142
200,10121,91,216.3595735399,158.7489796788
200,10121,92,712.5542529532,294.7983411736
200,10121,93,388.3134422052,845.7542840039
200,10121,94,113.4392032285,789.9996299693
200,10121,95,643.5695270818,246.6928746420
200,10121,96,813.3373212353,351.6517461945
200,10121,97,92.2330853632,292.1330472904
200,10121,98,41.3132771057,782.7574575019
200,10121,99,392.2418936320,301.3877676727
200,10121,100,118.4531805267,122.0361673610
200,10121,101,624.1872923899,127.9891562652
200,10121,102,260.0747098561,596.5901195624
200,10121,103,648.9537617734,542.0582003072
200,10121,104,40.7109699346,875.2794303172
200,10121,105,786.4158965016,174.7300238171
200,10121,106,639.2831616709,174.6003964871
200,10121,107,609.7115885551,632.1872396584
200,10121,108,557.6423672006,747.2703923610
200,10121,109,446.5339397408,310.1945268215
200,10121,110,878.4516349942,802.5151736849
200,10121,111,335.9389642075,927.1118260891
200,10121,112,857.1551932378,144.2735124983
200,10121,113,637.5183196075,635.9545979040
200,10121,114,772.5072961202,263.3849809303
200,10121,115,683.3414983805,581.3489089264
200,10121,116,788.0553234903,656.5078578578
200,10121,117,309.8479644275,901.0808308434
200,10121,118,836.7715502952,668.0501969543
200,10121,119,621.0102997190,718.5034055775
200,10121,120,776.3728589329,253.5664141260
200,10121,121,253.9898729646,653.2737077377
200,10121,122,665.2280145826,323.7222429449
200,10121,123,603.6995148057,305.2131115806
200,10121,124,22.8684311684,201.4151115884
200,10121,125,1000.0000000000,570.7041243302
200,10121,126,809.2539177538,577.7615555504
200,10121,127,173.6102901124,388.6021405272
200,10121,128,182.6795313903,167.0657628543
200,10121,129,84.2743956795,350.1545832578
200,10121,130,274.3298086220,661.1562322231
200,10121,131,296.5093749767,124.5829398710
200,10121,132,267.6718515895,116.6254194042
200,10121,133,656.3296889237,149.0880772248
200,10121,134,551.2260047402,789.6574870174
200,10121,135,745.6544098967,738.4046125517
200,10121,136,702.4861266100,712.4780392167
200,10121,137,128.1233336417,713.3606275465
200,10121,138,248.2472061693,102.5690200075
200,10121,139,551.0332809509,111.3505924418
200,10121,140,724.8190808622,303.1087825592
200,10121,141,701.8505109847,240.6526103936
200,10121,142,320.9486101377,876.4829805551
200,10121,143,388.9847430250,735.8805299620
200,10121,144,747.6776959048,482.9010349181
200,10121,145,140.5491624809,316.7486617820
200,10121,146,273.6057647760,0.0000000000
200,10121,147,225.1928781609,617.4674292155
200,10121,148,372.6069990240,122.4517925090
200,10121,149,105.9454376102,779.4591218139
200,10121,150,433.8724329071,848.5994018715
200,10121,151,99.2087006214,693.8505546776
200,10121,152,97.6960001045,376.2193269136
200,10121,153,743.5932718428,840.3970838312
200,10121,154,320.8316703967,728.4541075150
200,10121,155,170.5659673330,741.8995127486
200,10121,156,867.0228162513,544.3463297944
200,10121,157,540.5132985538,140.8516724482
200,10121,158,367.7624565228,851.7402286974
200,10121,159,98.3680609970,497.8952044651
200,10121,160,425.7904250813,690.0890139431
200,10121,161,785.2166045522,292.7274631422
200,10121,162,772.2810088602,853.0031737439
200,10121,163,789.2769757301,449.2551769356
200,10121,164,259.6906312619,690.8579227031
200,10121,165,676.6241445123,332.3433861724
200,10121,166,668.6141540179,301.8875135897
200,10121,167,427.1664155991,784.0480093459
200,10121,168,253.7105243370,275.9743812638
200,10121,169,829.3959704045,109.7838271286
200,10121,170,939.7249874256,770.0095605202
200,10121,171,120.4700153706,707.1815236566
200,10121,172,662.1188081574,740.5610915401
200,10121,173,702.4752336702,518.2839078187
200,10121,174,83.6787802444,329.7203690013
200,10121,175,215.8049368176,500.6929405859
200,10121,176,762.8378267546,704.1237860437
200,10121,177,911.3865320056,148.5386168430
200,10121,178,286.1477600029,655.4817280321
200,10121,179,616.4194342363,808.2646351134
200,10121,180,359.2882267514,0.0000000000
200,10121,181,400.3970538637,756.9838756352
200,10121,182,149.1610068941,499.9332136598
200,10121,183,202.9921018063,692.6534731490
200,10121,184,951.8502758881,230.1194830597
200,10121,185,829.9959864172,709.9830227680
200,10121,186,1000.0000000000,391.7136239852
200,10121,187,326.5126565863,619.2960553239
200,10121,188,198.5678655623,647.6264584182
200,10121,189,587.4668471918,976.5088341526
200,10121,190,800.5449488183,297.3344464248
200,10121,191,855.2580779593,723.4625632097
200,10121,192,501.6901535469,830.9581906055
200,10121,193,717.3710379661,113.0731515804
200,10121,194,970.8930821077,748.0092273570
200,10121,195,216.8190312969,74.5905240145
200,10121,196,193.6436843842,832.7536590931
200,10121,197,863.5103359597,726.6283921937
200,10121,198,356.5387937868,279.6372635956
200,10121,199,294.4919839630,211.6060690078
200,10122,0,361.2739118706,133.7072071850
200,10122,1,181.3804917433,889.7089319895
200,10122,2,239.4738329546,660.2689645155
200,10122,3,110.5267438229,782.5300015219
200,10122,4,267.3911148887,517.2758661076
200,10122,5,159.0625195764,406.0308354425
200,10122,6,906.1159219541,98.4854388417
200,10122,7,169.4065833736,197.3259619371
200,10122,8,991.3197258155,361.5979693618
200,10122,9,961.7790150853,115.2657695784
200,10122,10,166.1554128261,474.7721047533
200,10122,11,73.9018694027,705.9614777266
200,10122,12,820.8852050561,626.7506710500
200,10122,13,720.2505126063,657.8758299853
200,10122,14,914.5383688137,215.8586145505
200,10122,15,695.2452425743,573.1661070721
200,10122,16,337.4188866114,891.2041410266
200,10122,17,781.7196645858,834.0977292476
200,10122,18,670.3626917963,22.0692299455
200,10122,19,799.4154653745,844.5766529746
200,10122,20,759.6447881369,446.3241726714
200,10122,21,921.5487226088,246.4140257720
200,10122,22,639.6498329110,622.0734892232
200,10122,23,792.4194956443,297.2195476409
200,10122,24,775.6887677809,102.6231327286
200,10122,25,729.5190729567,700.8215966689
200,10122,26,576.5347015306,581.3241604710
200,10122,27,581.6995712976,334.9815955136
200,10122,28,367.9245898708,801.8131078352
200,10122,29,206.4329622951,895.5278018767
200,10122,30,349.7797379553,754.7100950214
200,10122,31,990.2671311080,668.2175924561
200,10122,32,0.0000000000,856.7818086623
200,10122,33,396.5970422693,797.7441696358
200,10122,34,499.1765588797,59.1288390618
200,10122,35,275.0717348303,187.2364719959
200,10122,36,726.1369990698,337.9996569032
200,10122,37,146.3855633090,288.4467417593
200,10122,38,738.8654349240,1000.0000000000
200,10122,39,872.2860775036,841.0575098668
200,10122,40,87.9303781789,895.4262289749
200,10122,41,751.8374309644,323.1338518007
200,10122,42,314.2721104214,689.0891904411
200,10122,43,709.2424923204,718.4557751713
200,10122,44,695.7883722392,109.6219897648
200,10122,45,706.2864356306,240.5266025712
200,10122,46,697.2568787294,182.7887190576
200,10122,47,703.5165113054,71.4173712370
200,10122,48,128.9608345587,768.2154623261
200,10122,49,181.3214555439,357.0422270150
200,10122,50,892.4220290235,826.6536430915
200,10122,51,387.9734154044,309.5205706471
200,10122,52,824.7528451726,68.4485140301
200,10122,53,890.7495192521,768.5117219482
200,10122,54,169.1365474026,117.3472798995
200,10122,55,383.0440446614,185.2545857267
200,10122,56,721.1234910324,867.9650074462
200,10122,57,842.1766439069,698.9667355664
200,10122,58,769.9619830731,225.0190407705
200,10122,59,341.9349307764,782.2203125436
200,10122,60,261.6343267174,258.7887209186
200,10122,61,199.3156614036,768.4647129979
200,10122,62,716.3288863517,322.9205751403
200,10122,63,124.1639269759,274.1786064703
200,10122,64,239.5550206336,829.4159413443
200,10122,65,366.2592137029,872.9578821043
200,10122,66,235.5571936986,836.7883526588
200,10122,67,398.7441300208,731.2196779577
200,10122,68,813.2464358803,346.5269349055
200,10122,69,795.9219976989,562.2456565834
200,10122,70,681.6302206171,736.1958610981
200,10122,71,243.6209852558,151.7124970384
200,10122,72,928.0484482236,828.3114996657
200,10122,73,705.7311041332,812.7291668123
200,10122,74,393.7433308437,805.3529514199
200,10122,75,748.1147311449,136.9986016689
200,10122,76,306.4567152528,784.3114611891
200,10122,77,137.3225080914,279.6290590420
200,10122,78,686.5827371916,146.0566516386
200,10122,79,85.6125346625,136.7998142519
200,10122,80,398.8952150544,190.5549086959
200,10122,81,466.4387573387,294.9005415547
200,10122,82,196.3894928431,637.6549813566
200,10122,83,656.8332880477,424.4635596207
200,10122,84,452.5356654087,768.1066211101
200,10122,85,887.5999621820,140.3046847364
200,10122,86,810.4086417679,355.5950051332
200,10122,87,240.6019095162,630.7029204180
200,10122,88,667.5291199578,379.3560218397
200,10122,89,937.4897139317,0.1155468467
200,10122,90,444.7294497408,81.5230111639
200,10122,91,946.2352648766,703.2779105855
200,10122,92,743.3197456510,230.7500755033
200,10122,93,769.1287687550,664.1227444721
200,10122,94,729.6859406255,271.2140087433
200,10122,95,210.0871880837,570.6522090180
200,10122,96,628.2634730089,679.6427429107
200,10122,97,782.6653340851,660.2824703608
200,10122,98,639.2692859614,742.5788290525
200,10122,99,380.4015773809,237.3080290110
200,10122,100,227.4727067484,909.8846506056
200,10122,101,800.9128129415,231.7170035530
200,10122,102,575.6364498859,423.2969377495
200,10122,103,511.2283880070,139.8026241921
200,10122,104,159.8186891032,110.3878705243
200,10122,105,807.3451900152,609.6573708915
200,10122,106,560.5114556326,231.8196211390
200,10122,107,229.6736912343,928.9032487507
200,10122,108,283.6053367828,785.3239049027
200,10122,109,784.8461892154,61.2327436854
200,10122,110,491.9782354099,883.0624988778
200,10122,111,950.0315854725,875.2758529414
200,10122,112,781.6134669188,803.2753059449
200,10122,113,194.9815482236,947.1921398926
200,10122,114,372.8939342816,163.3778013853
200,10122,115,180.0738161762,949.6445649320
200,10122,116,823.8807881943,198.1789244178
200,10122,117,203.2408560216,787.2472828057
200,10122,118,662.2840922110,889.8200208841
200,10122,119,709.0327655638,613.5374079565
200,10122,120,690.1889410264,815.9659098132
200,10122,121,915.6656033316,287.6020767563
200,10122,122,777.6468242036,842.0279860168
200,10122,123,814.5928011946,201.1668444625
200,10122,124,75.7624912571,628.0363044891
200,10122,125,663.5510559287,421.4988348867
200,10122,126,756.5620750660,334.3299745534
200,10122,127,393.4857336602,740.3283134108
200,10122,128,631.0570233685,858.3866410053
200,10122,129,788.0190248981,1000.0000000000
200,10122,130,765.3494689388,620.8645851316
200,10122,131,520.0302156489,260.3254300629
200,10122,132,309.9216632515,142.6451427475
200,10122,133,314.0298571416,701.8620214430
200,10122,134,59.1033791760,758.3510259666
200,10122,135,307.0978050580,102.4851630439
200,10122,136,392.0676144797,281.8606785125
200,10122,137,398.0076111706,929.8549793277
200,10122,138,673.5203412814,850.7191906349
200,10122,139,341.9638723192,341.5767435496
200,10122,140,773.2745209980,335.8947174615
200,10122,141,765.0938951959,800.3832596312
200,10122,142,516.1972682361,221.9768132336
200,10122,143,422.9240653866,334.3169881701
200,10122,144,603.2977411166,206.1426568237
200,10122,145,60.1374694467,388.1769560758
200,10122,146,735.7262014245,217.9647728456
200,10122,147,452.9823381810,735.1445177102
200,10122,148,323.9882434465,73.6760567264
200,10122,149,220.1509946362,641.4922973284
200,10122,150,730.3340664602,264.4919414147
200,10122,151,335.0496807914,833.7870696393
200,10122,152,667.7135192593,202.4006712826
200,10122,153,473.5324205659,135.2718505438
200,10122,154,201.3999364877,661.1760840090
200,10122,155,643.2714878064,117.5343665760
200,10122,156,854.4548951231,73.5864758507
200,10122,157,544.6986198872,281.7825119788
200,10122,158,901.7669754277,269.5464492477
200,10122,159,253.2980803506,614.5928124291
200,10122,160,532.5727889690,316.6393346116
200,10122,161,193.7848494092,264.8742623813
200,10122,162,251.5889065402,107.1360939577
200,10122,163,376.6171860361,519.1140340745
200,10122,164,706.3599678251,859.7962677366
200,10122,165,838.7389464221,769.4984725106
200,10122,166,119.3450310520,626.5578979107
200,10122,167,287.9550238062,686.0657810733
200,10122,168,71.2697907231,495.1861315661
200,10122,169,742.3183543629,580.3648903707
200,10122,170,124.8184590838,410.7863734653
200,10122,171,338.5643287369,209.1671669210
200,10122,172,911.9458108333,745.2164906330
200,10122,173,415.8666843344,518.1892547360
200,10122,174,527.4464545722,261.7034760236
200,10122,175,569.6222158619,142.9641602126
200,10122,176,748.2892594156,278.9333136569
200,10122,177,729.2976933653,807.2698413083
200,10122,178,29.9478363436,765.6806101980
200,10122,179,554.7053525553,818.9150265333
200,10122,180,609.1791399627,414.0120343882
200,10122,181,654.4475211917,296.1382387693
200,10122,182,575.7033409858,126.1432008659
200,10122,183,657.1008898612,278.8628678708
200,10122,184,791.8573294854,746.0151354410
200,10122,185,820.0422266047,185.5320344993
200,10122,186,152.2352172297,778.4935756992
200,10122,187,688.3629677840,675.2756701938
200,10122,188,227.2165718048,118.3962682844
200,10122,189,298.3009513322,768.3238391234
200,10122,190,794.2423110544,692.4490000886
200,10122,191,84.8989696049,580.9908369177
200,10122,192,704.9767705304,304.1162543322
200,10122,193,184.2690184668,768.2173532708
200,10122,194,708.8962107344,643.0149961423
200,10122,195,293.8004584806,243.5457268101
200,10122,196,673.2726547412,765.9207720842
200,10122,197,908.7822167853,973.8995322709
200,10122,198,200.4070002657,242.1179440875
200,10122,199,291.7487690223,839.1533488966
200,10123,0,168.4034116876,297.0959057424
200,10123,1,164.0647096736,782.4880589938
200,10123,2,760.0245242454,858.1552892794
200,10123,3,109.3527359656,781.5550718186
200,10123,4,647.7526066858,291.1399352104
200,10123,5,438.9573827242,605.8312684193
200,10123,6,257.8460620187,301.1360857439
200,10123,7,826.4567545598,42.4853606686
200,10123,8,219.7805872793,95.6026573574
200,10123,9,594.4974791833,218.3861149816
200,10123,10,740.4494182297,166.0834263836
200,10123,11,683.9914780806,250.5948939568
200,10123,12,800.4091688577,741.3029554746
200,10123,13,270.9670482221,849.7958439002
200,10123,14,663.2190260263,226.2529731322
200,10123,15,913.4026964065,737.7576615142
200,10123,16,679.2853540849,0.0000000000
200,10123,17,781.5139563576,585.4768686270
200,10123,18,56.3284171961,633.0072421696
200,10123,19,631.4350874790,152.8863742504
200,10123,20,289.3788664502,777.6998523322
200,10123,21,695.9963909209,166.1134962329
200,10123,22,326.9039435535,777.0186698859
200,10123,23,564.7281921009,301.6159939357
200,10123,24,467.6271690394,329.1415576381
200,10123,25,810.1775181038,568.3080450260
200,10123,26,726.1635507737,149.3719747755
200,10123,27,899.4157896769,681.4932017857
200,10123,28,304.8408731466,809.7894645516
200,10123,29,267.7310242845,667.6490183099
200,10123,30,712.1825249276,547.2291757180
200,10123,31,812.4601354079,880.6322380319
200,10123,32,232.9079800296,303.3125100324
200,10123,33,701.6680152298,200.9020391675
200,10123,34,409.9095831638,886.0251218403
200,10123,35,786.9079969781,793.8124504068
200,10123,36,257.3377171388,343.3718743136
200,10123,37,242.8692852573,919.7085149936
200,10123,38,231.7707413225,848.7507449935
200,10123,39,23.1656276837,368.0763578237
200,10123,40,290.9210363149,387.5528538498
200,10123,41,964.0569058724,423.7570840274
200,10123,42,447.7653611627,259.9436775005
200,10123,43,250.0315546936,85.4363057798
200,10123,44,313.5489140441,289.0904764584
200,10123,45,283.0867842429,168.7588958278
200,10123,46,725.5395587660,683.4929332874
200,10123,47,892.1665840459,905.8327703921
200,10123,48,737.9811170980,94.7743519669
200,10123,49,453.7276435248,850.6553946923
200,10123,50,171.1390787482,685.2805145035
200,10123,51,110.4620165752,188.4988839911
200,10123,52,278.5277868556,795.0120985997
200,10123,53,702.8634163081,323.7466776312
200,10123,54,779.6602809064,966.5170973303
200,10123,55,0.0000000000,903.4039804419
200,10123,56,243.8018953448,737.0049758543
200,10123,57,846.2483976032,607.6149495311
200,10123,58,643.8742800404,252.0351846265
200,10123,59,281.7839925955,958.2148485166
200,10123,60,685.1833658664,655.4868808060
200,10123,61,290.2990787666,282.8404858801
200,10123,62,951.9646054279,94.2462978832
200,10123,63,290.6070502698,329.7563045207
200,10123,64,295.3005739031,685.6519214643
200,10123,65,718.6461372083,436.8594593306
200,10123,66,167.1152238549,656.2280789700
200,10123,67,351.5064328701,667.3452352336
200,10123,68,866.0742568575,776.3460430410
200,10123,69,389.0946240942,844.2185760156
200,10123,70,809.9290172785,644.0210369826
200,10123,71,781.8404519899,204.5497961273
200,10123,72,870.9609615187,717.6714579552
200,10123,73,113.5392968815,347.8391697003
200,10123,74,478.1557379879,760.1563095522
200,10123,75,336.5680381875,781.1431625743
200,10123,76,781.6812500812,851.8326160582
200,10123,77,112.0741462710,290.5430850315
200,10123,78,247.8172616476,116.0895830774
200,10123,79,222.8141379270,908.8449563283
200,10123,80,784.0925469983,775.9599004701
200,10123,81,684.0393066174,212.1308845885
200,10123,82,309.4586212167,194.1036749868
200,10123,83,687.4530751777,259.9900767428
200,10123,84,216.6069642914,936.2929276347
200,10123,85,300.0999560475,792.4681109875
200,10123,86,789.8611257394,749.6407563429
200,10123,87,205.7751741719,67.5176783595
200,10123,88,353.2161452075,120.4764548854
200,10123,89,406.0312886275,796.9071617172
200,10123,90,721.6551857639,681.0465946808
200,10123,91,259.9716423623,836.8748462906
200,10123,92,512.0388684589,804.8968417227
200,10123,93,21.2557336389,288.6525033824
200,10123,94,713.5092775175,898.0862811095
200,10123,95,286.0606134623,231.7184267429
200,10123,96,912.5627661701,255.5818046479
200,10123,97,912.8719782046,482.2996819852
200,10123,98,498.5735150037,675.1498545544
200,10123,99,345.4903021636,192.6906258340
200,10123,100,874.8382738885,683.1185913824
200,10123,101,733.4896932703,398.1007114635
200,10123,102,828.8670460602,245.3216510668
200,10123,103,0.0000000000,831.7715067056
200,10123,104,843.1070562526,185.2246385690
200,10123,105,829.5960046697,13.9325580030
200,10123,106,648.3672851465,838.2142435852
200,10123,107,407.6158170593,169.5231556408
200,10123,108,254.5977621524,121.8292931098
200,10123,109,70.6926036002,737.7755874971
200,10123,110,344.1888579429,816.8771174229
200,10123,111,569.8096959041,250.0000000000
200,10123,112,70.4846559606,804.0046290444
200,10123,113,528.9410383285,679.2756571278
200,10123,114,741.5882575634,707.1098996160
200,10123,115,471.6709694991,122.9610225159
200,10123,116,828.8963230912,746.8971247119
200,10123,117,610.0204185543,153.6470884066
200,10123,118,818.5049541159,533.4702211967
200,10123,119,353.6942745891,638.2461970968
200,10123,120,719.4806242682,120.9386625213
200,10123,121,109.3527873928,577.9314522884
200,10123,122,828.0773002438,260.3755476486
200,10123,123,614.4923120189,433.1509791577
200,10123,124,145.6872385900,83.6535858921
200,10123,125,619.5681597652,243.4167904345
200,10123,126,655.7444785208,571.8567647565
200,10123,127,672.5360305836,645.6356004872
200,10123,128,419.7852771016,916.1138830443
200,10123,129,322.0707229587,771.2451416281
200,10123,130,744.7876860331,80.1582861611
200,10123,131,786.3500928580,826.2873399246
200,10123,132,836.3059513698,679.5574135216
200,10123,133,888.0291684728,979.5883515330
200,10123,134,70.6232940461,730.2467583224
200,10123,135,312.1441882107,218.1646542353
200,10123,136,592.8317293752,927.4695788457
200,10123,137,740.7177223137,156.1245349471
200,10123,138,852.3044826378,722.8047403466
200,10123,139,737.8561730961,732.7360040729
200,10123,140,344.9044289626,314.7910973491
200,10123,141,790.0141682104,210.8811108335
200,10123,142,781.0439178107,150.2159524873
200,10123,143,409.0868638042,1000.0000000000
200,10123,144,300.9884975259,670.5964554001
200,10123,145,677.7910685153,312.1672100817
200,10123,146,202.1665668955,713.1696611978
200,10123,147,248.3890305462,791.1628674797
200,10123,148,256.0038443578,42.6991129850
200,10123,149,822.1904513584,224.8703511318
200,10123,150,732.2060140679,658.2470751159
200,10123,151,221.9137803121,677.8901316336
200,10123,152,786.1951899188,39.2434109120
200,10123,153,124.6881875911,172.8514129767
200,10123,154,653.8302108320,331.9965370150
200,10123,155,255.1123577928,204.8489088711
200,10123,156,344.7339777021,96.0582720362
200,10123,157,119.1197784794,381.4335006301
200,10123,158,885.0477359326,183.7020260541
200,10123,159,957.1134060509,0.0000000000
200,10123,160,556.3626070540,166.4184631284
200,10123,161,260.4098875971,190.0745573200
200,10123,162,206.8619675955,429.9564370831
200,10123,163,211.1137292327,265.2146340881
200,10123,164,847.4794057958,605.7342436491
200,10123,165,729.7976414195,183.6308797875
200,10123,166,772.7152153296,709.4500081693
200,10123,167,294.6720892840,357.4398510731
200,10123,168,480.9353141942,372.9824094849
200,10123,169,148.0828306501,102.9050701180
200,10123,170,174.4427001749,544.9266103129
200,10123,171,730.7083196946,297.2648746687
200,10123,172,0.0000000000,800.0945925146
200,10123,173,276.3671268988,746.6503586634
200,10123,174,472.8628252606,651.3778940471
200,10123,175,394.6506143423,643.3633123360
200,10123,176,697.7294310023,414.4825549919
200,10123,177,204.5618734977,110.8461549822
200,10123,178,302.3484961045,844.1683600761
200,10123,179,669.1069775091,156.7660462020
200,10123,180,400.8313116841,660.9656078876
200,10123,181,282.6243913470,204.7725590611
200,10123,182,571.2156952570,741.4230639433
200,10123,183,740.0295591862,868.1659721202
200,10123,184,862.6573697460,239.6453373764
200,10123,185,802.3926717164,663.8665686655
200,10123,186,337.2777906429,103.1112629989
200,10123,187,236.5649865037,254.7288086724
200,10123,188,268.7567200680,597.9245313089
200,10123,189,759.2312267412,160.6660532992
200,10123,190,185.6714682543,209.8324135244
200,10123,191,218.8354198485,862.3628309791
200,10123,192,692.0573115531,642.4416768235
200,10123,193,315.1147514983,955.5399440291
200,10123,194,549.9064129105,927.1357993574
200,10123,195,764.1213529675,882.9172141864
200,10123,196,205.9276072982,222.1506267590
200,10123,197,679.2906083803,867.8689608068
200,10123,198,972.6241440222,759.7817582635
200,10123,199,118.8726263395,271.7180994240
200,10124,0,1000.0000000000,682.9700404449
200,10124,1,487.4576280985,141.6050954706
200,10124,2,741.4309150203,623.9527047977
200,10124,3,108.1827268129,780.5631912904
200,10124,4,420.7488600418,403.2141714075
200,10124,5,216.4792620808,258.9313543434
200,10124,6,646.7878870211,698.1217817402
200,10124,7,362.2104971842,764.3643879035
200,10124,8,689.4728441615,814.8564355236
200,10124,9,804.9196112056,329.7533645704
200,10124,10,336.4374455353,880.8785022565
200,10124,11,93.2759068683,292.1766654613
200,10124,12,885.7179061406,865.9860717170
200,10124,13,739.0962476676,143.4816761456
200,10124,14,927.5618721489,411.8030373703
200,10124,15,228.2653680768,893.1179134913
200,10124,16,746.9760709855,838.5631325722
200,10124,17,747.3961313381,752.8574729001
200,10124,18,539.0123556616,781.4624656666
200,10124,19,953.1376816247,809.1200289845
200,10124,20,869.0918613575,713.7491580503
200,10124,21,625.1958027596,509.8683983854
200,10124,22,543.6745552994,288.2510733425
200,10124,23,769.5703737785,147.2972414916
200,10124,24,715.8390924771,809.0028354645
200,10124,25,844.9842805062,693.5133044651
200,10124,26,815.6687326936,560.8850477411
200,10124,27,288.9318381702,671.4215534923
200,10124,28,352.6293709727,1000.0000000000
200,10124,29,716.8051602141,497.6134254879
200,10124,30,586.9074407430,715.8975813803
200,10124,31,194.0660221328,285.3747393260
200,10124,32,800.4396507713,827.0778586265
200,10124,33,308.2070377273,438.7515320058
200,10124,34,173.2006234444,393.0870199015
200,10124,35,205.7055515534,759.4127084656
200,10124,36,789.3374389235,837.6978210238
200,10124,37,994.0282854088,364.7304214257
200,10124,38,691.9177661649,424.1342827538
200,10124,39,247.4282095309,661.2011548474
200,10124,40,332.4074252202,762.7088793116
200,10124,41,430.0210509655,716.8397335973
200,10124,42,309.3235526634,818.7724839872
200,10124,43,300.2814304578,211.1155702166
200,10124,44,533.3954694992,771.5853305821
200,10124,45,353.0579221763,314.6532530991
200,10124,46,247.8694491645,696.0900665607
200,10124,47,517.5984889702,166.1409859320
200,10124,48,444.8435179228,248.9912500181
200,10124,49,616.3726629043,701.9270856696
200,10124,50,260.7025454319,762.9648686453
200,10124,51,391.1041404128,313.5208361223
200,10124,52,618.9346987926,743.4100133661
200,10124,53,84.6763359274,0.0000000000
200,10124,54,760.6167102227,212.3946293846
200,10124,55,847.5484578813,682.4949473800
200,10124,56,399.6693217712,820.5777206367
200,10124,57,288.0145212961,0.0000000000
200,10124,58,358.0214466801,375.0813255632
200,10124,59,170.2142878775,809.3868140959
200,10124,60,303.0369849140,935.4121132564
200,10124,61,257.2652747787,700.5644210628
200,10124,62,592.1500732031,278.0135514591
200,10124,63,278.3804491878,223.4528403644
200,10124,64,681.2850427767,785.3346066575
200,10124,65,60.5905240489,348.8261177530
200,10124,66,913.0448260259,743.1805947029
200,10124,67,786.3587043131,643.6505592200
200,10124,68,354.9262994053,686.4789372857
200,10124,69,631.2136992650,334.7882620424
200,10124,70,367.2064785973,378.1768148195
200,10124,71,1000.0000000000,175.0714511384
200,10124,72,784.0657811569,703.6975465629
200,10124,73,708.3281572554,262.3362298493
200,10124,74,306.1714614093,733.9438503429
200,10124,75,205.3717283977,802.2002729617
200,10124,76,191.2034976217,381.1466663713
200,10124,77,85.0168033057,303.6622556404
200,10124,78,322.0975719298,622.6161034579
200,10124,79,374.5518472574,216.3019900614
200,10124,80,233.6166598732,897.2181546950
200,10124,81,204.4413952273,133.0970037993
200,10124,82,605.5058496697,947.5376287394
200,10124,83,645.4100222642,149.8469811429
200,10124,84,79.6008139854,703.6522590729
200,10124,85,668.7851331454,895.7003551467
200,10124,86,840.2235034758,85.4777783226
200,10124,87,740.6276425540,227.6403814731
200,10124,88,624.5595716657,877.2818990995
200,10124,89,255.2742863799,338.3401537954
200,10124,90,782.3542555296,140.1657484095
200,10124,91,61.2387756063,249.0227394592
200,10124,92,599.0415102228,912.9420517514
200,10124,93,819.6034059407,362.5721631214
200,10124,94,763.4613452443,296.6869008009
200,10124,95,832.5241005354,344.2342701902
200,10124,96,81.5426871071,332.4991513988
200,10124,97,86.1258608813,250.2199574405
200,10124,98,132.3396110920,183.9112735321
200,10124,99,800.4807516505,674.0410070785
200,10124,100,139.2667106974,196.8715663318
200,10124,101,469.8310558202,71.6049923884
200,10124,102,136.7237868659,161.3884932264
200,10124,103,729.5669186634,777.9520386614
200,10124,104,283.6273266021,794.9796578453
200,10124,105,271.8579193017,168.6539471126
200,10124,106,312.5396722389,440.8617693960
200,10124,107,598.4593274041,664.5749741119
200,10124,108,593.0331821828,892.9807384669
200,10124,109,757.8139975330,918.2736447858
200,10124,110,913.2866178211,396.7444808486
200,10124,111,793.4331394057,222.7986779082
200,10124,112,245.1781563809,151.8491183188
200,10124,113,207.7094248542,706.2743657937
200,10124,114,595.0250467920,214.2615527343
200,10124,115,739.2986300829,747.9076053589
200,10124,116,307.4109965595,783.8743620279
200,10124,117,770.6791025689,184.8982279531
200,10124,118,747.8865183047,790.1900122272
200,10124,119,409.0404654221,785.0096587295
200,10124,120,917.3801527238,814.8977042164
200,10124,121,658.4156578964,689.0589887546
200,10124,122,781.0701325543,700.0280402565
200,10124,123,796.1943759121,123.6518407781
200,10124,124,220.9474347513,570.3174626443
200,10124,125,723.6578556073,181.2397875504
200,10124,126,827.8356645658,312.3199086283
200,10124,127,208.8634389974,358.8748515674
200,10124,128,790.7608548023,203.2747137344
200,10124,129,328.6902201023,656.9155294796
200,10124,130,710.1583634800,530.6391824623
200,10124,131,357.5780103139,128.8542229162
200,10124,132,345.0193795962,719.8378446591
200,10124,133,95.7498370223,322.1962737301
200,10124,134,585.2904724638,205.6404697377
200,10124,135,938.1816444603,298.9435019547
200,10124,136,756.2659964600,443.2953699771
200,10124,137,664.0570962882,410.4916507478
200,10124,138,172.4370209710,717.0503322469
200,10124,139,317.8471733933,894.6690319314
200,10124,140,889.4788866963,734.8298237854
200,10124,141,693.7244032271,731.7435777115
200,10124,142,605.7305228391,626.4661240888
200,10124,143,250.5754036535,326.9431529909
200,10124,144,464.7678046547,995.0536809221
200,10124,145,621.3833263329,380.4547283154
200,10124,146,671.7760265989,737.3059197209
200,10124,147,639.5324408202,233.1588040653
200,10124,148,174.6180640025,36.3558269235
200,10124,149,257.1155637450,266.7588495334
200,10124,150,387.3647809803,785.3613845812
200,10124,151,732.5915386977,1000.0000000000
200,10124,152,353.9930023879,730.6173889227
200,10124,153,749.4824189509,322.9523728490
200,10124,154,370.1681686692,343.1514755418
200,10124,155,361.7197093007,162.0175587452
200,10124,156,336.2026568278,615.1332140322
200,10124,157,225.2309623614,414.5867445407
200,10124,158,324.7875289875,122.4114297295
200,10124,159,381.6583664551,192.0622359596
200,10124,160,694.8288762132,763.2252769853
200,10124,161,302.2467785997,285.9485482067
200,10124,162,360.2890641154,27.0747469528
200,10124,163,327.6046411058,776.0007179863
200,10124,164,555.6754269548,934.9413497293
200,10124,165,221.1588436557,280.1188714464
200,10124,166,380.5621627760,285.3509942234
200,10124,167,97.6760096635,711.6274709492
200,10124,168,16.7464197195,745.4373851998
200,10124,169,576.4992484495,175.7837557111
200,10124,170,981.2307400965,797.7025048558
200,10124,171,659.9151702917,513.4974536795
200,10124,172,850.3987506202,218.6381085776
200,10124,173,793.9979416026,286.8340748329
200,10124,174,713.8973212238,217.2910463848
200,10124,175,786.1130750357,900.6508283596
200,10124,176,350.9568900644,1000.0000000000
200,10124,177,978.8084681407,404.0936438495
200,10124,178,386.6567913808,561.3913932724
200,10124,179,269.0754398017,485.2246639244
200,10124,180,110.0565181845,779.1219726773
200,10124,181,218.2228446373,995.6160914919
200,10124,182,119.0943129462,825.2552570563
200,10124,183,374.6499377510,813.2536168152
200,10124,184,925.1076595576,734.5146431695
200,10124,185,777.9905644851,147.4024332463
200,10124,186,818.3897158692,563.2518265095
200,10124,187,747.4464837727,445.8281690452
200,10124,188,320.7102571807,90.3149470562
200,10124,189,130.1884237613,268.9244831499
200,10124,190,214.8575445723,820.7594921514
200,10124,191,997.2843035051,185.2288775793
200,10124,192,922.9891228145,230.6479587068
200,10124,193,874.0614233846,705.6369450766
200,10124,194,868.7359085748,813.0856349407
200,10124,195,513.0916083587,765.4669683556
200,10124,196,165.3696724207,0.0000000000
200,10124,197,718.0955758544,745.9406920202
200,10124,198,596.7052395696,760.7167883204
200,10124,199,268.5856773467,581.5227214866
200,10125,0,85.6646184871,742.7477871901
200,10125,1,180.5577033754,97.0757255632
200,10125,2,256.2521120377,394.1837788875
200,10125,3,107.0168068433,779.5543589140
200,10125,4,779.3090397774,645.8027199832
200,10125,5,334.4056224586,761.1341652033
200,10125,6,404.2915953584,668.3265014638
200,10125,7,775.3216926524,1000.0000000000
200,10125,8,506.4414215248,782.0784091246
200,10125,9,302.6821421785,0.0000000000
200,10125,10,509.8297400890,613.5190881412
200,10125,11,713.8554129021,770.5489576633
200,10125,12,248.6854831934,841.3997494680
200,10125,13,249.6345219987,362.1194214719
200,10125,14,701.2620216442,120.5564923642
200,10125,15,132.1143557160,703.4324212561
200,10125,16,298.8832447028,606.4769789535
200,10125,17,862.4093358230,717.4486252178
200,10125,18,115.1430335016,400.2327916134
200,10125,19,226.2627999200,252.8630345747
200,10125,20,322.1726582584,62.1488977014
200,10125,21,410.7362003085,233.3281963897
200,10125,22,836.4500950647,176.5194126948
200,10125,23,959.1355794806,408.4881870957
200,10125,24,149.2040288234,664.9232303217
200,10125,25,1000.0000000000,806.5982679713
200,10125,26,811.5141670832,201.2877322404
200,10125,27,697.9032187335,17.7942299659
200,10125,28,732.9451882849,945.4169038481
200,10125,29,758.2549892693,98.0245037469
200,10125,30,277.4834636523,656.3697306122
200,10125,31,621.2828025843,91.4291701222
200,10125,32,872.0951071361,262.4509586837
200,10125,33,769.2226552254,643.9322210075
200,10125,34,130.4009532066,715.5902278789
200,10125,35,758.1877101025,221.6644649751
200,10125,36,318.2414348689,821.1007180640
200,10125,37,810.6935769369,695.2443946347
200,10125,38,227.6508273454,294.9785088031
200,10125,39,894.7116879307,814.9780605617
200,10125,40,900.5372018825,527.7623437594
200,10125,41,315.4057553487,637.0309572811
200,10125,42,730.5194003490,950.1502308041
200,10125,43,918.8236193323,293.8396255947
200,10125,44,844.2973423219,162.1323891669
200,10125,45,645.7241707488,865.6731814803
200,10125,46,258.2981880319,220.4118659623
200,10125,47,1000.0000000000,705.3970217802
200,10125,48,732.8862631935,1000.0000000000
200,10125,49,731.8948359149,720.6423922619
200,10125,50,659.2813905209,82.5242006997
200,10125,51,107.3390052659,184.4246597144
200,10125,52,384.2472987260,78.9943570213
200,10125,53,433.2326766746,726.7937874876
200,10125,54,686.5709104766,827.4095642044
200,10125,55,579.1650631670,388.5637307607
200,10125,56,667.9432614578,270.4705560303
200,10125,57,716.5785036284,157.6552026754
200,10125,58,292.4621482395,0.0000000000
200,10125,59,56.7235063697,658.4509378647
200,10125,60,752.2059390728,199.7947828368
200,10125,61,205.7492767210,268.2795656394
200,10125,62,343.7684200221,279.5870344194
200,10125,63,45.8585395077,128.2799122592
200,10125,64,825.8299647421,750.5816199504
200,10125,65,27.8104915561,644.5992102703
200,10125,66,623.9258464735,919.3118308627
200,10125,67,728.8365764082,658.9455884146
200,10125,68,282.3274087740,127.9178444938
200,10125,69,217.2314836850,128.9757274152
200,10125,70,517.4177126430,355.3458303923
200,10125,71,930.0104940422,324.4415008215
200,10125,72,741.1680089123,535.8864783945
200,10125,73,108.3156460623,743.4207095024
200,10125,74,347.8991578586,682.8336328613
200,10125,75,732.0140705468,717.1728712071
200,10125,76,581.0491245657,326.7589910081
200,10125,77,51.9970220864,320.7609555494
200,10125,78,387.9546551161,170.2342327662
200,10125,79,686.9711978087,674.8591927825
200,10125,80,739.4775210871,254.8147687223
200,10125,81,303.2169331281,81.9045286436
200,10125,82,708.5017447355,456.9660690530
200,10125,83,279.8441442291,491.7407565860
200,10125,84,307.1277773270,595.3128199539
200,10125,85,197.6636184767,233.0104102327
200,10125,86,190.1946528365,154.3032341333
200,10125,87,692.8456485332,658.0359039327
200,10125,88,899.2300631087,627.4821579477
200,10125,89,26.1147508673,847.7044705519
200,10125,90,375.5057462384,162.6845976936
200,10125,91,759.5827716337,673.5124292415
200,10125,92,196.3512311580,65.5298600576
200,10125,93,276.0819240758,714.2773453148
200,10125,94,367.3769245430,363.3505450236
200,10125,95,630.9514940551,923.4492986634
200,10125,96,378.0321711888,572.8662098588
200,10125,97,804.9131480407,671.2299280693
200,10125,98,228.3830592135,230.4829156925
200,10125,99,759.8150597892,681.8528247506
200,10125,100,769.0823336607,352.3819320332
200,10125,101,356.7681435615,184.8311943940
200,10125,102,291.3379471957,472.0257189905
200,10125,103,753.1097340005,306.8480824283
200,10125,104,68.5655641342,395.5529861214
200,10125,105,280.2076934441,600.8283151332
200,10125,106,809.6071916659,371.3599062147
200,10125,107,262.3176663352,920.5521729390
200,10125,108,817.5197291977,253.8883135889
200,10125,109,405.8300287036,224.7121143525
200,10125,110,810.8527954712,318.8193810265
200,10125,111,285.2897714737,677.2712217839
200,10125,112,485.6107196502,796.3025592618
200,10125,113,221.9677109673,846.8731430125
200,10125,114,215.9511717860,295.0551683575
200,10125,115,286.0480766772,796.0273510541
200,10125,116,273.5653603544,296.9283070381
200,10125,117,927.6976406161,252.1807876094
200,10125,118,730.7058650436,655.4673610785
200,10125,119,303.7670827310,915.3054848333
200,10125,120,541.8670053962,392.0920526295
200,10125,121,379.1818933793,616.5369976515
200,10125,122,732.7571021019,224.2796777842
200,10125,123,746.5224641321,304.3884487871
200,10125,124,290.1268184728,85.8031119547
200,10125,125,931.2145857449,69.8939356042
200,10125,126,532.8025085372,690.7891444201
200,10125,127,850.4420150952,228.5953634027
200,10125,128,155.5974497585,176.7344379002
200,10125,129,676.0070157054,98.3230678086
200,10125,130,244.2588553363,233.1649433876
200,10125,131,0.0000000000,644.6312380073
200,10125,132,837.3107826324,256.1038692577
200,10125,133,713.2986542092,144.3716361766
200,10125,134,602.5223356919,184.7967499571
200,10125,135,306.9516720317,835.3404321819
200,10125,136,864.7771005547,863.8128004146
200,10125,137,798.9938023282,223.9208731016
200,10125,138,278.7964055938,801.7777303146
200,10125,139,731.4905938827,181.4828189851
200,10125,140,864.8032330538,628.0209879254
200,10125,141,260.4774020474,811.3601854585
200,10125,142,697.2692178362,275.8867281106
200,10125,143,185.1098222760,856.4493081411
200,10125,144,585.1554021443,827.4634490750
200,10125,145,713.5644578638,293.5558231632
200,10125,146,659.4820335928,781.4511279465
200,10125,147,795.0594202523,82.9468937361
200,10125,148,86.7823204904,59.1635577885
200,10125,149,545.2302529044,853.5157261249
200,10125,150,623.1352217000,402.0711439651
200,10125,151,845.1663411451,563.2609481582
200,10125,152,369.5428386834,950.0536280748
200,10125,153,937.5117938239,138.1466682975
200,10125,154,829.2770034198,587.6494782348
200,10125,155,1000.0000000000,785.1473626054
200,10125,156,828.1058377347,132.2774384349
200,10125,157,819.5087477723,882.0447531434
200,10125,158,742.1158233403,604.8512152701
200,10125,159,780.7987671715,754.7014312125
200,10125,160,337.3974949143,731.9001498158
200,10125,161,693.3557815369,783.7595999888
200,10125,162,220.9101434247,285.7106028155
200,10125,163,691.0077942544,654.0558662519
200,10125,164,315.5856054329,210.2609211789
200,10125,165,548.7091783731,826.9568420124
200,10125,166,745.5998589230,491.5266302931
200,10125,167,410.9585709094,118.9858053398
200,10125,168,941.0780432408,657.6461392621
200,10125,169,553.1652538154,781.0517670891
200,10125,170,71.9389443394,437.3827827444
200,10125,171,416.5438657505,331.6016698710
200,10125,172,586.1955262806,327.0130244113
200,10125,173,753.9476264793,328.2135493540
200,10125,174,215.0945320772,675.9047288157
200,10125,175,119.2584565543,228.2685254735
200,10125,176,112.0186288844,40.3781712704
200,10125,177,142.3100687878,757.5493195878
200,10125,178,137.8581796502,728.3634573237
200,10125,179,803.2165666139,663.7461119978
200,10125,180,862.6755032708,763.9191322715
200,10125,181,686.6649261745,85.5282918549
200,10125,182,191.9955705649,361.5879498075
200,10125,183,872.3856158602,143.5669365183
200,10125,184,1000.0000000000,224.4365808199
200,10125,185,248.4348879438,138.1942142801
200,10125,186,665.5218881056,691.6356023834
200,10125,187,375.4066664311,797.8230133046
200,10125,188,380.1957481155,598.8326754616
200,10125,189,811.8158820050,889.8160657520
200,10125,190,826.7298821762,779.2098935531
200,10125,191,662.1129972305,161.6398665826
200,10125,192,181.4057472694,496.5797465767
200,10125,193,729.0959493558,697.6405360327
200,10125,194,752.8258755778,728.5141203960
200,10125,195,747.7215713400,657.9068760163
200,10125,196,876.2666157317,34.0182026086
200,10125,197,704.6347070212,596.4313192852
200,10125,198,849.1299203386,731.6024503665
200,10125,199,450.8698147468,331.1347699846
200,10126,0,842.3166333906,281.4030927293
200,10126,1,283.1611692447,152.1459898450
200,10126,2,246.8990460369,86.6654653035
200,10126,3,105.8550650774,778.5285724448
200,10126,4,28.1402488169,791.0430082888
200,10126,5,644.1919048364,189.0648622286
200,10126,6,213.3070582495,528.1610054931
200,10126,7,127.0661036564,291.3189999147
200,10126,8,675.5595738158,114.4431749167
200,10126,9,107.0166263519,356.3414739144
200,10126,10,348.0385122493,254.5525411530
200,10126,11,646.1232002509,850.8925225319
200,10126,12,72.8532210616,892.7844586127
200,10126,13,762.6877614461,633.5528631417
200,10126,14,743.6786926676,306.3111030062
200,10126,15,311.7110901760,660.1261501590
200,10126,16,110.9971662108,443.7166004689
200,10126,17,555.5267688970,696.5832520578
200,10126,18,742.2900998450,441.3659698318
200,10126,19,328.9744046246,704.4579326650
200,10126,20,722.5570054617,204.3928014680
200,10126,21,194.8323762517,178.0946374003
200,10126,22,154.3010395264,516.0125234560
200,10126,23,623.3473524119,313.1136665423
200,10126,24,905.4019393465,120.8106917773
200,10126,25,851.6045228091,876.0070751902
200,10126,26,419.1549292020,232.5205583820
200,10126,27,141.4705409216,164.1246344085
200,10126,28,681.7152783271,874.5169349831
200,10126,29,752.0746730173,334.5128092369
200,10126,30,519.5081484372,352.9527893341
200,10126,31,833.0086411889,164.5688473581
200,10126,32,858.3153059429,641.0598190660
200,10126,33,84.3361952817,964.5596181302
200,10126,34,255.9164312761,162.9720196064
200,10126,35,513.2019915285,506.3279063172
200,10126,36,840.3550144354,295.0690594086
200,10126,37,203.7103887454,617.7583725629
200,10126,38,672.6637732049,862.9079008837
200,10126,39,540.4506698931,425.7719109726
200,10126,40,664.9491227451,105.9170779754
200,10126,41,222.9244945731,673.2168724831
200,10126,42,676.7576633295,307.4305372934
200,10126,43,279.1615692883,818.1370020602
200,10126,44,242.2928614512,294.9286047100
200,10126,45,129.2573291962,595.5880229220
200,10126,46,924.5730388628,487.3178530488
200,10126,47,713.8951267682,275.9703066423
200,10126,48,208.4924243949,744.1841648815
200,10126,49,768.8598078103,593.6347798844
200,10126,50,287.5302105710,370.0644796265
200,10126,51,394.2085235013,317.6986822706
200,10126,52,770.4374556567,318.4586865451
200,10126,53,211.2908313605,370.0266765648
200,10126,54,882.3476977229,182.2647254819
200,10126,55,814.6945030584,688.8065134712
200,10126,56,884.3017369567,70.0714113125
200,10126,57,630.4531097830,138.0034277102
200,10126,58,682.6384691697,789.3113987626
200,10126,59,245.3118903560,648.6225206141
200,10126,60,203.4753266313,371.1638806450
200,10126,61,786.6249042623,777.3483839451
200,10126,62,13.0479138071,12.3198364837
200,10126,63,204.8037120653,422.2815916848
200,10126,64,184.3755640938,214.9876953585
200,10126,65,688.2492485302,0.0000000000
200,10126,66,171.4107992890,0.0000000000
200,10126,67,698.4355909190,698.5146291258
200,10126,68,686.7183783154,636.5232516808
200,10126,69,854.6798817724,759.5607069269
200,10126,70,742.6932815165,183.7653386535
200,10126,71,822.8311668282,382.4457107042
200,10126,72,659.1029987959,645.6811960572
200,10126,73,0.0000000000,143.6522191487
200,10126,74,856.5203111283,108.8781260236
200,10126,75,1000.0000000000,710.0318716591
200,10126,76,12.2048999710,677.3175770800
200,10126,77,498.1992406178,348.1856214931
200,10126,78,923.1986780014,751.2288065481
200,10126,79,723.1941114267,307.0437538581
200,10126,80,137.5208404235,172.7671722996
200,10126,81,464.2266476119,107.7478781705
200,10126,82,593.4516210005,767.5128392207
200,10126,83,335.7516301958,699.3150308631
200,10126,84,389.1138235099,815.8285830867
200,10126,85,768.8098829479,93.0361334770
200,10126,86,233.7161717453,750.7811947134
200,10126,87,136.1851949322,118.9741019856
200,10126,88,75.0932277009,865.1305491680
200,10126,89,150.9301191308,146.4219338149
200,10126,90,448.2133544712,763.6660823509
200,10126,91,421.7632218972,792.7445413677
200,10126,92,912.5424604829,292.8079304384
200,10126,93,575.2696367725,706.4458988137
200,10126,94,310.8845995599,765.2756146028
200,10126,95,185.8144952218,226.4771971260
200,10126,96,213.9309803951,513.3002517085
200,10126,97,348.5423357785,1000.0000000000
200,10126,98,657.7615196037,119.1380508767
200,10126,99,738.3127091691,712.2807667752
200,10126,100,807.9386076514,688.3926161261
200,10126,101,271.8698973675,486.9446024231
200,10126,102,784.7764667608,691.8526188330
200,10126,103,299.7767542779,804.4357777125
200,10126,104,645.3963175957,128.4056558434
200,10126,105,284.2390992224,1.8276932541
200,10126,106,0.0000000000,108.4977248261
200,10126,107,383.0680322438,147.2974518819
200,10126,108,156.7765222382,143.0939956444
200,10126,109,709.7927296626,107.7907185622
200,10126,110,355.9346292005,401.7715755278
200,10126,111,738.6898110654,645.4514694838
200,10126,112,194.8431439686,367.9625858550
200,10126,113,382.2562350275,717.8132532389
200,10126,114,831.0828251947,897.2509234993
200,10126,115,754.1471155484,165.5835237178
200,10126,116,246.3550801635,783.9361167406
200,10126,117,771.2693627025,323.1342470462
200,10126,118,811.9100595345,876.4772646466
200,10126,119,126.8686946374,888.9287034798
200,10126,120,250.1744030351,193.1536270409
200,10126,121,773.0647286590,282.3262325251
200,10126,122,458.1311922997,799.0888717315
200,10126,123,707.1589842058,60.7486267564
200,10126,124,343.6929099590,624.0739157195
200,10126,125,405.7337111321,810.7602389353
200,10126,126,862.9807761250,233.7497862644
200,10126,127,187.6919677593,687.1640513562
200,10126,128,650.4803963489,894.5800882855
200,10126,129,15.1778489713,259.0999210365
200,10126,130,213.1633369036,678.8344095634
200,10126,131,758.2448607979,862.0657419987
200,10126,132,317.1831450398,282.2019350333
200,10126,133,294.4057014058,739.5622165802
200,10126,134,621.7228102136,167.8358741161
200,10126,135,215.5728053351,995.3642710353
200,10126,136,884.2867382232,253.2450255197
200,10126,137,605.5040490183,235.3486381048
200,10126,138,752.7283788467,232.3981691181
200,10126,139,267.4030017469,444.2452123898
200,10126,140,259.5348037534,550.4497405420
200,10126,141,301.8407957553,210.4155878507
200,10126,142,757.1588495867,893.4762246690
200,10126,143,595.2178623223,828.3204038314
200,10126,144,231.0206644414,131.6094826980
200,10126,145,165.6583204665,869.3666140583
200,10126,146,174.8105968188,332.1953559879
200,10126,147,1000.0000000000,354.6720378305
200,10126,148,0.0000000000,112.9545963475
200,10126,149,159.3182719772,596.8479318504
200,10126,150,604.5084173342,434.4361905837
200,10126,151,626.9308663112,849.1187735628
200,10126,152,677.0891795755,840.5640178935
200,10126,153,134.2549991645,688.5319217866
200,10126,154,39.9480827363,696.6135906389
200,10126,155,820.9728781272,842.2126572204
200,10126,156,819.9735720519,648.3437950540
200,10126,157,369.6564646929,808.1452870686
200,10126,158,164.8359836050,635.3075651816
200,10126,159,364.8820149829,850.2174519699
200,10126,160,634.9008585370,270.1307740231
200,10126,161,742.7095587054,681.9993676368
200,10126,162,323.1863596496,192.8396306243
200,10126,163,729.4417270315,390.8243786352
200,10126,164,125.5244101498,292.4757077852
200,10126,165,188.0546857414,16.6105753792
200,10126,166,158.0459892686,771.3353482962
200,10126,167,263.8438994029,1000.0000000000
200,10126,168,631.9488468531,405.0338951224
200,10126,169,91.0054219313,388.5917563472
200,10126,170,676.5329884703,0.0000000000
200,10126,171,114.3834338141,791.3092773473
200,10126,172,278.7137829650,231.3509638409
200,10126,173,682.7207382545,318.9775998765
200,10126,174,245.0206420191,141.4221256591
200,10126,175,809.3785416453,156.2708030411
200,10126,176,414.3559038682,910.9253225140
200,10126,177,895.7728754820,618.8939022318
200,10126,178,810.1896243427,489.9000806874
200,10126,179,66.2080404733,824.3187261209
200,10126,180,175.1425076579,213.7482312124
200,10126,181,348.0500826571,333.7621928624
200,10126,182,759.1281854919,850.5829723575
200,10126,183,189.1632443619,72.6078937750
200,10126,184,842.0757218304,742.4620701147
200,10126,185,216.0085878891,637.7904388965
200,10126,186,919.9879187916,224.9179069702
200,10126,187,301.7132755740,190.5357614238
200,10126,188,445.5109480749,125.8786979207
200,10126,189,397.6191212497,631.6213454202
200,10126,190,272.4237404992,167.8692834597
200,10126,191,177.0165367771,522.6568073022
200,10126,192,196.9796772413,709.3698906226
200,10126,193,65.6041493520,331.5678974650
200,10126,194,598.8974928441,784.9064647574
200,10126,195,924.2564500735,752.7401127868
200,10126,196,452.3421338346,693.2099566728
200,10126,197,801.0772807447,706.9050251822
200,10126,198,219.2755111053,759.4103139299
200,10126,199,48.8420566723,1000.0000000000
200,10127,0,506.9248909174,79.5035298378
200,10127,1,1000.0000000000,565.9542485594
200,10127,2,248.9738324290,434.5380292461
200,10127,3,104.6975890214,777.4858283686
200,10127,4,313.4598111715,335.2236284370
200,10127,5,847.2794450956,876.1414944105
200,10127,6,688.5368212631,692.8157427589
200,10127,7,569.4625243429,0.0000000000
200,10127,8,213.1844594535,327.7627493339
200,10127,9,363.0370741095,264.5362945893
200,10127,10,93.8183738972,320.4884260422
200,10127,11,79.6849964277,1000.0000000000
200,10127,12,127.8604161079,725.2907638467
200,10127,13,224.0846148916,869.3614797559
200,10127,14,356.3298887313,88.9343776802
200,10127,15,311.4385451983,816.8022605094
200,10127,16,308.5601436009,705.0890036107
200,10127,17,794.0828183324,797.0366087283
200,10127,18,360.2637268071,894.7492519466
200,10127,19,167.3281775409,359.9644218634
200,10127,20,123.1962688368,734.6317073149
200,10127,21,157.9895457962,490.5866679878
200,10127,22,724.7534344577,607.8997768503
200,10127,23,749.8877320239,196.7729213364
200,10127,24,271.2682549988,287.3764265763
200,10127,25,746.9419728741,835.2478848221
200,10127,26,292.3187605130,771.1694230145
200,10127,27,691.6674239768,750.6711374932
200,10127,28,674.4782750696,807.9421889432
200,10127,29,724.1540208154,0.8137341041
200,10127,30,679.4464195000,898.1427786420
200,10127,31,265.3998387813,761.7823445476
200,10127,32,729.7618761570,61.9121133168
200,10127,33,880.3797800390,189.4327165234
200,10127,34,287.4052209202,744.5540415169
200,10127,35,468.3680674171,839.5772434325
200,10127,36,352.6328382306,262.3190459974
200,10127,37,41.1328723360,237.2885640584
200,10127,38,85.8325244138,929.8100208109
200,10127,39,226.8037436009,657.9943785184
200,10127,40,643.9899821672,759.6821919804
200,10127,41,0.0000000000,638.4173933903
200,10127,42,547.8383487084,720.7644707690
200,10127,43,160.0504124411,911.5890406131
200,10127,44,663.7909408861,584.6950138832
200,10127,45,479.1792834902,627.6705676764
200,10127,46,953.6479839690,88.2249067082
200,10127,47,781.5593588208,686.6686080873
200,10127,48,767.8591170862,166.7438192938
200,10127,49,292.1221997866,708.5031283593
200,10127,50,743.1016002847,687.2459064432
200,10127,51,604.2325882677,680.1657623752
200,10127,52,112.5068347269,703.6407624340
200,10127,53,199.1127056958,702.5824921236
200,10127,54,42.2323557816,262.8444667655
200,10127,55,130.2918794901,381.9249659636
200,10127,56,255.5840404915,377.6459281336
200,10127,57,0.0000000000,673.4921198190
200,10127,58,878.8124911684,796.9274285871
200,10127,59,436.8719713626,639.3042317418
200,10127,60,887.2622674130,583.3978988153
200,10127,61,754.4908011968,206.7840389793
200,10127,62,303.5968830490,421.6952486741
200,10127,63,386.3648627585,246.6785937848
200,10127,64,791.0591882358,310.2416753911
200,10127,65,273.3217167531,223.3895285424
200,10127,66,813.1665772733,279.2259988370
200,10127,67,703.8254477207,739.3424587165
200,10127,68,622.1679735005,211.1958101337
200,10127,69,213.7862884446,825.6273416825
200,10127,70,366.7514657289,774.3424744645
200,10127,71,230.3640865404,862.2697407683
200,10127,72,676.9382232474,736.8024240873
200,10127,73,661.2135082560,172.9657503414
200,10127,74,839.8814339565,0.0000000000
200,10127,75,199.1605784192,474.1852631333
200,10127,76,726.2707908296,711.4071318472
200,10127,77,712.1185947158,266.0410455543
200,10127,78,911.6943872688,346.6211222426
200,10127,79,573.7849401256,251.8004831139
200,10127,80,767.9207615859,459.2146209047
200,10127,81,815.2380924772,756.0088357177
200,10127,82,203.0632438942,645.0912365497
200,10127,83,417.3418138225,818.4521873628
200,10127,84,177.4644326797,873.6923209164
200,10127,85,792.2585605654,246.8094882888
200,10127,86,671.2111526593,407.9568673550
200,10127,87,13.7802808803,552.4732387986
200,10127,88,953.2905900028,144.9211536497
200,10127,89,779.6767145259,189.4904369316
200,10127,90,456.9144667933,440.9609685269
200,10127,91,726.6045289674,311.5272451357
200,10127,92,144.7345563628,852.5948964045
200,10127,93,263.9386688085,347.4398888481
200,10127,94,417.8486583270,202.4045696955
200,10127,95,764.5831572567,106.4509603860
200,10127,96,242.0360306295,728.4101667226
200,10127,97,590.9940759956,207.9930267128
200,10127,98,723.9181770831,186.8274396121
200,10127,99,548.5628630375,531.2296816850
200,10127,100,188.1907281902,242.3524881536
200,10127,101,155.1322978226,213.8644871760
200,10127,102,622.1584075971,790.7699275085
200,10127,103,837.5209796227,762.7082157089
200,10127,104,329.5901891860,676.6593249425
200,10127,105,756.3059481876,665.3968723055
200,10127,106,883.1677829974,723.2191640464
200,10127,107,593.5846167837,696.7591486303
200,10127,108,731.2680281559,986.6200552209
200,10127,109,122.3289239661,802.4820045762
200,10127,110,280.9527293429,307.3781085852
200,10127,111,170.6864619713,149.3277450211
200,10127,112,228.9886952987,732.9911615164
200,10127,113,130.1153282187,623.5967402452
200,10127,114,317.0488646248,744.4203264170
200,10127,115,176.1794703524,327.2983452027
200,10127,116,525.7578376554,527.5538298081
200,10127,117,594.3298873147,351.6572935631
200,10127,118,625.4971418046,604.8244244424
200,10127,119,555.1219673008,211.7022872674
200,10127,120,337.0888027266,810.2421155602
200,10127,121,138.6420701159,302.1207072507
200,10127,122,688.1109747908,485.1768030207
200,10127,123,805.3453345287,349.1559674001
200,10127,124,375.4468553303,176.2738185605
200,10127,125,254.9158765593,860.4323808251
200,10127,126,530.7716945011,884.9685530807
200,10127,127,734.1402165059,821.3948785824
200,10127,128,482.1651499202,890.9760364755
200,10127,129,732.2230988736,794.9769151427
200,10127,130,180.1906348323,153.5349741024
200,10127,131,923.6556977688,161.0393209460
200,10127,132,290.6567192439,293.9517480463
200,10127,133,776.8054146577,959.3962462007
200,10127,134,142.2172529793,154.9150013491
200,10127,135,648.9209567089,835.7147466198
200,10127,136,830.5147733720,677.5023087459
200,10127,137,467.4983680865,429.8965823798
200,10127,138,559.5548596517,429.3794163291
200,10127,139,758.7338877099,647.8915086274
200,10127,140,599.4143290001,55.7400142442
200,10127,141,188.2515273580,721.2574502100
200,10127,142,996.9112101084,341.9950764679
200,10127,143,504.0611736546,228.6784838090
200,10127,144,305.2425776163,256.7382581068
200,10127,145,104.6194413054,996.1783365749
200,10127,146,719.1993029854,372.8633174311
200,10127,147,708.7971480602,327.6932368273
200,10127,148,245.5391900695,249.4315668213
200,10127,149,865.6704699629,170.6737583566
200,10127,150,335.8863239984,750.9881533804
200,10127,151,862.9516883238,720.3682965877
200,10127,152,505.3240854542,668.0235954770
200,10127,153,252.9358805547,801.8469112536
200,10127,154,237.9434846011,1000.0000000000
200,10127,155,220.5489909088,966.8444708623
200,10127,156,311.4132406804,663.9964171315
200,10127,157,365.3530385578,728.8203213858
200,10127,158,618.0330733151,202.1811879931
200,10127,159,763.3943840689,295.2781888246
200,10127,160,392.5855049767,229.6033005142
200,10127,161,817.1086608480,772.5270821950
200,10127,162,131.8468931266,305.4669685764
200,10127,163,380.2923743704,633.4929838242
200,10127,164,939.8212678260,228.4700941208
200,10127,165,601.8674918524,893.9320182038
200,10127,166,669.0360751004,592.3270754576
200,10127,167,688.1821444416,207.8317987958
200,10127,168,782.3530159048,573.2200145360
200,10127,169,685.2358702781,464.5349160012
200,10127,170,616.0663196030,863.9642606351
200,10127,171,301.4732877107,160.8982665103
200,10127,172,158.1786229017,329.3593284854
200,10127,173,136.7955520177,247.1123853849
200,10127,174,295.8316348590,623.8193793584
200,10127,175,300.5338170349,822.9045409156
200,10127,176,69.4889162287,136.5152871990
200,10127,177,238.4503812766,315.0794481620
200,10127,178,843.6546999888,173.9475809783
200,10127,179,825.2954972208,269.1830830474
200,10127,180,781.6242846315,281.2265797474
200,10127,181,167.8311198877,732.4070762087
200,10127,182,295.4917568317,808.5928508538
200,10127,183,531.1569736944,737.9445543794
200,10127,184,902.3846973520,238.0541037038
200,10127,185,183.3428904519,147.0230737510
200,10127,186,45.6684116297,1000.0000000000
200,10127,187,618.8541244308,12.0478058898
200,10127,188,524.5232978104,673.5756152643
200,10127,189,555.8415127308,106.9234754620
200,10127,190,163.1409619663,735.1514652097
200,10127,191,878.0495754905,715.2238788037
200,10127,192,352.6715474882,189.2610822466
200,10127,193,303.7697966275,360.4904695450
200,10127,194,782.9152315068,799.7138399911
200,10127,195,747.8757355335,787.6418462066
200,10127,196,909.9388202612,836.2792994930
200,10127,197,916.6725881117,831.7836682334
200,10127,198,439.4847118159,667.4810231323
200,10127,199,209.2704374838,195.1924414937
200,10128,0,355.0929099246,381.2062647329
200,10128,1,425.0236712688,796.8854616132
200,10128,2,756.2719229148,40.3877678984
200,10128,3,103.5444646069,776.4261218492
200,10128,4,851.2569499104,552.4347307606
200,10128,5,696.2223738661,52.2845658555
200,10128,6,388.2108708959,721.4873345245
200,10128,7,354.6594860535,647.3283373452
200,10128,8,997.4252319002,703.8348517053
200,10128,9,724.0441764055,717.6201627590
200,10128,10,991.1132365220,0.0000000000
200,10128,11,713.0831103208,372.7997955513
200,10128,12,34.1309583863,348.3631135458
200,10128,13,789.8652239544,129.2485131023
200,10128,14,153.8242317173,304.5072620163
200,10128,15,188.5785994499,785.0129230905
200,10128,16,620.8936763231,298.5827587477
200,10128,17,720.9991080666,609.1495709765
200,10128,18,918.5240776383,789.1693974886
200,10128,19,795.3109170877,65.9678017246
200,10128,20,604.6135876154,896.1130400491
200,10128,21,899.4720894686,721.9035032543
200,10128,22,283.8507608459,790.4344022663
200,10128,23,913.8882948414,330.8077408736
200,10128,24,641.9332391033,788.3866425877
200,10128,25,590.8869682538,920.7561623696
200,10128,26,324.3413537957,373.9771391205
200,10128,27,98.9822122673,875.2022535304
200,10128,28,218.2811057446,257.7579829180
200,10128,29,277.6242667290,399.9671163165
200,10128,30,667.5163901184,202.3499440856
200,10128,31,662.8883754983,896.9296759114
200,10128,32,48.9071910987,119.9964260274
200,10128,33,694.3567879220,747.5765036395
200,10128,34,833.8250977250,974.8515131227
200,10128,35,298.1722562137,489.3233634989
200,10128,36,853.1165997165,726.5326499482
200,10128,37,230.0064875260,790.5493660858
200,10128,38,677.2219024448,310.2665360670
200,10128,39,411.5663266196,283.4277627121
200,10128,40,739.9997931115,277.2870682318
200,10128,41,580.7347309347,841.5620336218
200,10128,42,694.7513420414,172.3463351210
200,10128,43,667.1395780085,762.5836153494
200,10128,44,347.5882375401,795.8584725696
200,10128,45,764.3824717345,293.8750534295
200,10128,46,465.3738494719,169.3316828805
200,10128,47,752.0727178304,341.5912786783
200,10128,48,363.7794767940,283.1610631475
200,10128,49,423.2087980724,731.7323380822
200,10128,50,230.8674293574,977.2722915974
200,10128,51,897.3201096774,822.0075190092
200,10128,52,947.5689824539,605.8084546733
200,10128,53,981.4688305563,156.8153663811
200,10128,54,272.6562903181,758.2587903507
200,10128,55,282.8728684203,707.7103723894
200,10128,56,227.4388168670,224.7303505802
200,10128,57,660.7471763999,767.0606532698
200,10128,58,180.8013058525,556.8361755956
200,10128,59,838.3735691366,303.8714314590
200,10128,60,189.8099957123,787.6636889526
200,10128,61,712.7295113777,767.2790789065
200,10128,62,270.4922045595,136.5551609931
200,10128,63,220.4911328999,156.4167827578
200,10128,64,741.7611267424,179.0619615613
200,10128,65,311.8589970350,754.4914446684
200,10128,66,651.9969532273,297.9953529734
200,10128,67,0.0000000000,360.2717572482
200,10128,68,127.7840536862,312.5202952585
200,10128,69,708.8400896530,207.4433977880
200,10128,70,664.9887721047,898.0731587295
200,10128,71,193.5231359692,799.7079696046
200,10128,72,539.7408810875,863.9978738343
200,10128,73,139.1543189586,557.2707020519
200,10128,74,750.0636695592,166.9878172668
200,10128,75,586.5397740584,141.7288885700
200,10128,76,265.7196551648,159.4053950139
200,10128,77,678.4724438116,282.7288506033
200,10128,78,348.7094783637,430.3242767595
200,10128,79,157.9658832718,548.2500732429
200,10128,80,360.9990321690,692.4368015675
200,10128,81,833.8891413743,831.3541423096
200,10128,82,302.4805237414,203.0358558687
200,10128,83,261.3931931551,792.7603952468
200,10128,84,141.4807834355,672.7599213285
200,10128,85,289.9289319952,894.2846204811
200,10128,86,808.4811458793,835.9445863154
200,10128,87,666.9703500990,700.5148478711
200,10128,88,13.3400841050,342.2816951849
200,10128,89,958.2637711802,771.7629033358
200,10128,90,259.2615275432,811.7023238849
200,10128,91,102.8915086416,172.8855785325
200,10128,92,720.7229435319,626.0861313219
200,10128,93,970.3262675054,121.3635346124
200,10128,94,302.2734894255,696.3452512985
200,10128,95,994.1481814214,713.4011916236
200,10128,96,295.8211135454,290.8152473407
200,10128,97,823.7079645400,687.6172360697
200,10128,98,218.2171722022,563.8660519811
200,10128,99,31.4571301458,661.9216863928
200,10128,100,764.9308321629,276.7740022844
200,10128,101,394.3172598246,115.2643846821
200,10128,102,441.8427334371,834.3347771359
200,10128,103,837.4453368103,197.3591078478
200,10128,104,283.8841011486,284.3419846063
200,10128,105,751.7870542696,97.2229334144
200,10128,106,36.4778573174,995.4305166321
200,10128,107,791.3337713672,407.0673342177
200,10128,108,814.0165586085,196.5736060669
200,10128,109,812.1155016271,862.4986963971
200,10128,110,808.5385542190,896.5429581121
200,10128,111,607.1359637178,198.8206201039
200,10128,112,380.5064074085,151.3744613843
200,10128,113,185.2623410148,965.7925453450
200,10128,114,808.8240837152,82.3619344890
200,10128,115,877.7000262479,737.8428147462
200,10128,116,482.5812392811,838.2863562144
200,10128,117,685.9266463671,196.3592473524
200,10128,118,984.1026795336,912.9338254277
200,10128,119,679.4751662862,48.7699313372
200,10128,120,110.4475332382,303.0948569158
200,10128,121,698.4436532256,552.8588850961
200,10128,122,914.9813740317,883.7634841690
200,10128,123,482.3477884778,0.0000000000
200,10128,124,383.3145709478,732.3881199632
200,10128,125,208.9007611482,770.4019703127
200,10128,126,823.5299207981,144.7403853514
200,10128,127,301.9548574432,230.8803630402
200,10128,128,786.4209302279,181.4507614005
200,10128,129,321.6544722895,822.5392449613
200,10128,130,139.6968578797,637.4749925954
200,10128,131,705.2130139192,712.4615139109
200,10128,132,765.0728627985,788.9414425989
200,10128,133,107.7924056666,253.4091484492
200,10128,134,163.3792368344,146.0067818106
200,10128,135,219.5167251841,249.2516776059
200,10128,136,256.5202002445,169.2130184651
200,10128,137,217.9193280747,142.3144566772
200,10128,138,465.4652379065,229.6958964727
200,10128,139,186.7464431368,987.9503815139
200,10128,140,738.7057055235,247.6632321619
200,10128,141,253.3437775768,320.8353544621
200,10128,142,821.2861679189,675.4413315773
200,10128,143,703.4273243426,715.2234608968
200,10128,144,664.3193130336,451.5835179262
200,10128,145,700.5727671951,851.8647076019
200,10128,146,285.1470872869,887.7349866706
200,10128,147,628.2621859319,166.7528329342
200,10128,148,210.0661546371,259.8321879170
200,10128,149,815.5951479171,333.1939232520
200,10128,150,190.8322067880,370.9337534903
200,10128,151,676.6852399895,737.7993896021
200,10128,152,246.0650765087,123.3656203670
200,10128,153,910.0165880783,640.1711573127
200,10128,154,790.4434319996,243.3970927585
200,10128,155,177.9818731876,804.1652186999
200,10128,156,301.8988772156,179.8820652683
200,10128,157,819.5263446488,176.1562852950
200,10128,158,115.9529073081,282.3232539262
200,10128,159,205.6482052361,405.1620519994
200,10128,160,577.3479656978,769.2472947338
200,10128,161,699.9012072723,803.2711378527
200,10128,162,916.2939328436,213.7278071315
200,10128,163,33.9596883652,257.2521340699
200,10128,164,403.3417838751,214.1784482501
200,10128,165,923.0572498361,301.2667054918
200,10128,166,282.2647587048,221.6680629082
200,10128,167,860.4107391285,712.0162102813
200,10128,168,797.2781308852,409.1450116511
200,10128,169,813.3189708889,981.0443400573
200,10128,170,224.0554071225,272.4233782334
200,10128,171,763.2548689613,307.2273232705
200,10128,172,884.0721937208,597.6118564832
200,10128,173,164.1947252371,152.5480281236
200,10128,174,858.9555112169,631.3499254224
200,10128,175,687.9309215787,762.9785546644
200,10128,176,936.9837102127,817.7138335644
200,10128,177,679.5711667549,116.9510032582
200,10128,178,511.5013354495,134.1051058013
200,10128,179,142.0584851883,118.5756919998
200,10128,180,629.6796619923,9.3581713942
200,10128,181,1000.0000000000,137.1976901176
200,10128,182,286.0730192703,262.7902158940
200,10128,183,135.6790925605,992.5530409399
200,10128,184,985.1286768611,732.3385204656
200,10128,185,653.3703542232,665.9005979206
200,10128,186,241.9295713992,146.7977132677
200,10128,187,77.6806795557,776.4398038206
200,10128,188,282.5336284279,250.7362385666
200,10128,189,240.4927918924,274.1215875321
200,10128,190,743.4582632339,840.8202033571
200,10128,191,514.5995199760,517.5599006366
200,10128,192,775.7534308499,918.7090344951
200,10128,193,787.1867382162,230.1874019489
200,10128,194,354.4788404740,606.2088094278
200,10128,195,620.4618791009,737.4171425890
200,10128,196,297.9345982633,400.7069544583
200,10128,197,746.1256775245,841.3720753731
200,10128,198,625.7649213339,321.8648591412
200,10128,199,848.8634426982,712.2121919695
200,10129,0,711.5608272216,656.8461740489
200,10129,1,810.4072235488,347.1981234506
200,10129,2,736.7529010982,493.0204995481
200,10129,3,102.3957761292,775.3494466718
200,10129,4,145.7522843380,748.2807687356
200,10129,5,713.2936548368,1000.0000000000
200,10129,6,665.6944116715,441.4772819016
200,10129,7,787.8419396023,774.2180640960
200,10129,8,139.8143418804,645.2957453396
200,10129,9,731.6683664056,949.8662402498
200,10129,10,227.2372066039,858.8615523787
200,10129,11,240.3028594069,504.0094247431
200,10129,12,809.5096369952,103.1554425422
200,10129,13,195.5941885849,370.4856596517
200,10129,14,561.6881231610,236.3647894931
200,10129,15,236.8182401852,706.2436987006
200,10129,16,963.0892000182,735.9650030542
200,10129,17,664.2863709472,987.2562471326
200,10129,18,397.2284343192,176.5272345670
200,10129,19,796.3307869343,1000.0000000000
200,10129,20,257.2585220286,307.4890325073
200,10129,21,695.5175238857,689.9572996687
200,10129,22,582.4781618157,188.3511593230
200,10129,23,672.9016062975,308.9407593410
200,10129,24,220.5935880510,573.5027605670
200,10129,25,614.5347110980,764.4446036081
200,10129,26,241.9161731088,1000.0000000000
200,10129,27,227.6004753870,861.7141317933
200,10129,28,37.0840781345,212.3823374961
200,10129,29,228.1104566079,168.0347507274
200,10129,30,908.4042562270,520.1566683279
200,10129,31,664.7013279405,712.1896991007
200,10129,32,229.8375606064,756.5922311274
200,10129,33,409.6742600138,841.8345175562
200,10129,34,597.2492263621,347.7573577240
200,10129,35,940.8531312751,402.3286264182
200,10129,36,341.2216146025,691.9400531674
200,10129,37,823.7808084472,334.9379540497
200,10129,38,99.7655740400,342.5717379538
200,10129,39,568.4394882511,486.4577617760
200,10129,40,886.6866383698,888.9061450376
200,10129,41,721.1325483182,884.7011170260
200,10129,42,289.2763847147,546.2211368818
200,10129,43,107.8998890667,114.5015123617
200,10129,44,0.0000000000,314.8028761863
200,10129,45,662.2758198515,262.6690262714
200,10129,46,457.6099343200,740.5987271758
200,10129,47,696.2454126052,653.3459047438
200,10129,48,697.2383467554,892.0262758195
200,10129,49,315.3215481916,791.6633454877
200,10129,50,791.1167878867,105.7367891895
200,10129,51,601.1199610723,675.7743190955
200,10129,52,751.3337911589,836.9428450344
200,10129,53,740.8464193378,915.5872145093
200,10129,54,182.2409445879,185.4880163420
200,10129,55,169.5416172388,371.5717366539
200,10129,56,920.6796447221,776.9927433908
200,10129,57,126.6712336679,345.6772334332
200,10129,58,229.0746542804,785.4181579885
200,10129,59,737.0184082439,470.2711320490
200,10129,60,891.2267804323,215.9454823419
200,10129,61,281.8680352540,771.7562551826
200,10129,62,723.1433232558,784.6047816054
200,10129,63,705.9815769916,779.2537195988
200,10129,64,224.9287582000,815.2554654599
200,10129,65,794.4907181985,318.7037315566
200,10129,66,282.7848685203,607.8328423985
200,10129,67,91.6227729602,445.0335291667
200,10129,68,204.2621048391,883.3657830993
200,10129,69,267.4613568950,242.3438904002
200,10129,70,583.2909829702,565.2834497956
200,10129,71,0.0000000000,767.6115582406
200,10129,72,691.0479674967,890.0388517874
200,10129,73,732.6412780100,658.6178505845
200,10129,74,206.0383104506,118.2841688957
200,10129,75,887.9715296418,150.7568061601
200,10129,76,850.8174329475,169.1525327513
200,10129,77,653.7415602702,297.4388184513
200,10129,78,243.0628785580,976.0440568796
200,10129,79,134.6657253531,384.4324487907
200,10129,80,964.7818226499,382.4015044937
200,10129,81,770.3436189356,914.9417048014
200,10129,82,1000.0000000000,898.1629355737
200,10129,83,669.0373970290,853.9904383884
200,10129,84,329.9966797381,656.3213739446
200,10129,85,727.8346492636,761.1091984379
200,10129,86,559.1865182762,723.0757971283
200,10129,87,600.8333580600,190.7116727383
200,10129,88,1000.0000000000,672.7741897401
200,10129,89,780.5824973033,371.0087132015
200,10129,90,197.2916232473,340.4770842736
200,10129,91,280.0251411440,706.3263059920
200,10129,92,352.9209329677,282.8007461637
200,10129,93,137.1208690255,663.1208551272
200,10129,94,796.2150542474,69.1811478340
200,10129,95,284.9030549646,332.7780080954
200,10129,96,166.3421384928,729.7084252982
200,10129,97,276.5433853713,1000.0000000000
200,10129,98,255.0953285127,654.8467863614
200,10129,99,48.9706110288,762.1957501024
200,10129,100,368.1497066891,492.7020196568
200,10129,101,272.1553630416,322.8854848754
200,10129,102,226.8810086548,700.0577174678
200,10129,103,288.7460094509,641.5154593665
200,10129,104,596.9836389072,411.7086483378
200,10129,105,237.1550160869,0.0000000000
200,10129,106,758.1331696636,113.7757969188
200,10129,107,356.2483202702,130.8587051297
200,10129,108,94.8110791609,234.3245337492
200,10129,109,346.9942050211,180.9069540684
200,10129,110,756.3877558104,773.5026142163
200,10129,111,76.3136173344,788.0242182869
200,10129,112,780.1765377997,820.6207890776
200,10129,113,262.0598179916,747.1896702272
200,10129,114,194.0642278112,197.0709303230
200,10129,115,127.6302009020,662.9369208089
200,10129,116,508.5704277228,187.4544956061
200,10129,117,826.1145002966,70.8277110853
200,10129,118,683.0516662269,725.2460202962
200,10129,119,898.8984419045,74.1383710834
200,10129,120,297.5714766078,554.3642209859
200,10129,121,310.1311759698,745.5528650781
200,10129,122,918.8814975068,165.1544847467
200,10129,123,898.1584697184,328.7910227421
200,10129,124,369.2293822255,282.8229880543
200,10129,125,85.6677321881,613.3866984765
200,10129,126,686.0618506746,1000.0000000000
200,10129,127,225.4364907673,731.4370085234
200,10129,128,129.9366004298,194.7560546714
200,10129,129,887.4072418240,197.6308224683
200,10129,130,586.5755322920,626.6946334271
200,10129,131,209.1516283844,383.1866967686
200,10129,132,249.9705155107,753.7503419858
200,10129,133,756.7623582911,165.1987785937
200,10129,134,684.5345883754,641.0619795706
200,10129,135,130.2758476795,137.9235409441
200,10129,136,220.7100959388,713.5326013842
200,10129,137,188.8240389130,447.3037436809
200,10129,138,93.0824240053,149.9572621180
200,10129,139,805.2735360996,130.8364166731
200,10129,140,194.0700127089,280.7975072407
200,10129,141,313.5370552068,712.7570138298
200,10129,142,676.4894098733,76.7727026166
200,10129,143,709.8472141518,147.8377721026
200,10129,144,637.1600661409,158.3322769876
200,10129,145,674.7694062116,943.8095585576
200,10129,146,357.3643852353,866.3787204742
200,10129,147,396.2572225427,80.4472331183
200,10129,148,201.7471095953,283.7074311129
200,10129,149,199.1060033433,295.9324740851
200,10129,150,632.6863068514,602.6698788826
200,10129,151,1000.0000000000,927.4703059225
200,10129,152,525.5396012273,138.2128838356
200,10129,153,644.9192996415,702.5018402414
200,10129,154,222.6377030299,178.8221429013
200,10129,155,570.5332422617,223.5896024291
200,10129,156,290.5662378425,697.1050543431
200,10129,157,760.2688074573,165.8127539798
200,10129,158,657.7086527150,849.1209739250
200,10129,159,205.4953433375,289.5508771343
200,10129,160,459.8018973644,733.2291470339
200,10129,161,221.6433939818,680.1049335334
200,10129,162,527.0380927511,247.9050702511
200,10129,163,482.6200835740,931.5384950105
200,10129,164,836.8560184087,278.6748818968
200,10129,165,214.8564574185,95.4407188703
200,10129,166,859.6433155684,325.6574414120
200,10129,167,701.9948205969,400.0319874407
200,10129,168,644.5587132033,638.7400434005
200,10129,169,440.5855502333,425.0133417965
200,10129,170,742.0751316742,199.7022183952
200,10129,171,527.1777328149,600.1861179090
200,10129,172,216.3135284854,800.8786898368
200,10129,173,264.8665166151,103.9402508981
200,10129,174,924.3693876584,169.2819358717
200,10129,175,254.8249373024,225.4233864592
200,10129,176,565.5247018521,225.1973819567
200,10129,177,516.8752183351,869.6471846651
200,10129,178,747.9775502624,377.0670776669
200,10129,179,752.6093414175,798.3809166650
200,10129,180,277.8764242883,954.3693483057
200,10129,181,102.8870661335,395.9888969128
200,10129,182,1000.0000000000,687.9708586897
200,10129,183,767.8918755617,269.4015442817
200,10129,184,819.2646217060,245.0242517450
200,10129,185,628.9191473611,193.6112882706
200,10129,186,877.4121321515,366.7317347547
200,10129,187,726.7654626591,865.1909457439
200,10129,188,810.6343324113,769.8762509417
200,10129,189,324.8241694857,758.7047568194
200,10129,190,843.9221643694,247.6222580978
200,10129,191,214.8052192881,886.3925651691
200,10129,192,508.2285390575,193.0725525219
200,10129,193,655.0018006354,86.3532678721
200,10129,194,169.3157335927,727.6216808930
200,10129,195,781.5005281859,522.0003615906
200,10129,196,689.1926680683,372.6719221606
200,10129,197,547.4278338061,828.9002461281
200,10129,198,822.9036694859,195.9309537005
200,10129,199,762.7844080438,389.6803829445
